Phenotype,Evidence_Source,GO_ID,Namespace,Term,Study_Count,Study_Size,Background_Count,Background_Size,Q_BH_Within_Set
SjD Diagnosis,DESeq2,GO:0002376,BP,immune system process,434,1201,1381,14575,3.026951816585407e-155
SjD Diagnosis,DESeq2,GO:0006955,BP,immune response,323,1201,827,14575,1.2809688941509307e-141
SjD Diagnosis,DESeq2,GO:0002682,BP,regulation of immune system process,343,1201,1215,14575,1.6525218779208455e-102
SjD Diagnosis,DESeq2,GO:0002684,BP,positive regulation of immune system process,256,1201,793,14575,1.5858794998734492e-87
SjD Diagnosis,DESeq2,GO:0006952,BP,defense response,276,1201,943,14575,5.563082765559739e-84
SjD Diagnosis,DESeq2,GO:0002250,BP,adaptive immune response,137,1201,236,14575,6.108683814058126e-84
SjD Diagnosis,DESeq2,GO:0050776,BP,regulation of immune response,236,1201,712,14575,7.578384929921692e-83
SjD Diagnosis,DESeq2,GO:0050778,BP,positive regulation of immune response,183,1201,503,14575,3.48577168280022e-70
SjD Diagnosis,DESeq2,GO:0043207,BP,response to external biotic stimulus,245,1201,928,14575,1.1894077500899096e-63
SjD Diagnosis,DESeq2,GO:0009607,BP,response to biotic stimulus,250,1201,963,14575,1.4837708742571963e-63
SjD Diagnosis,DESeq2,GO:0045321,BP,leukocyte activation,164,1201,448,14575,6.351442609820332e-63
SjD Diagnosis,DESeq2,GO:0001775,BP,cell activation,176,1201,517,14575,2.7615232511807383e-62
SjD Diagnosis,DESeq2,GO:0046649,BP,lymphocyte activation,142,1201,367,14575,1.5143210064963958e-57
SjD Diagnosis,DESeq2,GO:0002694,BP,regulation of leukocyte activation,161,1201,469,14575,3.286433937661874e-57
SjD Diagnosis,DESeq2,GO:0051707,BP,response to other organism,211,1201,770,14575,4.5815897871306904e-57
SjD Diagnosis,DESeq2,GO:0050865,BP,regulation of cell activation,168,1201,513,14575,1.4923934437664175e-56
SjD Diagnosis,DESeq2,GO:0050896,BP,response to stimulus,566,1201,3849,14575,1.7235882225096752e-55
SjD Diagnosis,DESeq2,GO:0051249,BP,regulation of lymphocyte activation,150,1201,423,14575,2.999080171279486e-55
SjD Diagnosis,DESeq2,GO:0044419,BP,biological process involved in interspecies interaction between organisms,226,1201,921,14575,3.123226333927202e-52
SjD Diagnosis,DESeq2,GO:0098542,BP,defense response to other organism,180,1201,619,14575,3.2897788452450234e-52
SjD Diagnosis,DESeq2,GO:0009605,BP,response to external stimulus,281,1201,1375,14575,9.680246111960943e-49
SjD Diagnosis,DESeq2,GO:0002252,BP,immune effector process,115,1201,284,14575,1.298468143328222e-48
SjD Diagnosis,DESeq2,GO:0050863,BP,regulation of T cell activation,117,1201,315,14575,7.16380503730609e-45
SjD Diagnosis,DESeq2,GO:0048584,BP,positive regulation of response to stimulus,320,1201,1770,14575,3.7897792780263197e-44
SjD Diagnosis,DESeq2,GO:0140546,BP,defense response to symbiont,156,1201,547,14575,1.4334059505850297e-43
SjD Diagnosis,DESeq2,GO:0002764,BP,immune response-regulating signaling pathway,108,1201,282,14575,9.119186072687783e-43
SjD Diagnosis,DESeq2,GO:1903037,BP,regulation of leukocyte cell-cell adhesion,113,1201,309,14575,1.5898359655455e-42
SjD Diagnosis,DESeq2,GO:0002253,BP,activation of immune response,110,1201,306,14575,1.6614042239815975e-40
SjD Diagnosis,DESeq2,GO:0007166,BP,cell surface receptor signaling pathway,280,1201,1507,14575,4.248917911413073e-40
SjD Diagnosis,DESeq2,GO:0002768,BP,immune response-regulating cell surface receptor signaling pathway,93,1201,225,14575,7.194524018950463e-40
SjD Diagnosis,DESeq2,GO:0022407,BP,regulation of cell-cell adhesion,126,1201,403,14575,2.5196873674672624e-39
SjD Diagnosis,DESeq2,GO:0032944,BP,regulation of mononuclear cell proliferation,85,1201,194,14575,1.103063684466683e-38
SjD Diagnosis,DESeq2,GO:0002697,BP,regulation of immune effector process,107,1201,303,14575,1.4395773907293089e-38
SjD Diagnosis,DESeq2,GO:0050670,BP,regulation of lymphocyte proliferation,84,1201,191,14575,2.1550511264851585e-38
SjD Diagnosis,DESeq2,GO:0070663,BP,regulation of leukocyte proliferation,89,1201,214,14575,2.1550511264851585e-38
SjD Diagnosis,DESeq2,GO:1903039,BP,positive regulation of leukocyte cell-cell adhesion,93,1201,237,14575,1.1026776592569887e-37
SjD Diagnosis,DESeq2,GO:0002696,BP,positive regulation of leukocyte activation,105,1201,300,14575,1.9106802867340577e-37
SjD Diagnosis,DESeq2,GO:0042110,BP,T cell activation,93,1201,239,14575,2.3947228176824872e-37
SjD Diagnosis,DESeq2,GO:0022409,BP,positive regulation of cell-cell adhesion,100,1201,276,14575,4.2173002639852374e-37
SjD Diagnosis,DESeq2,GO:0050867,BP,positive regulation of cell activation,107,1201,314,14575,5.357519015929295e-37
SjD Diagnosis,DESeq2,GO:0002683,BP,negative regulation of immune system process,122,1201,400,14575,7.072675569608747e-37
SjD Diagnosis,DESeq2,GO:0051251,BP,positive regulation of lymphocyte activation,100,1201,283,14575,4.960147970164371e-36
SjD Diagnosis,DESeq2,GO:0002703,BP,regulation of leukocyte mediated immunity,82,1201,196,14575,1.5145151359135382e-35
SjD Diagnosis,DESeq2,GO:0048583,BP,regulation of response to stimulus,446,1201,3145,14575,1.635010747399862e-35
SjD Diagnosis,DESeq2,GO:0001817,BP,regulation of cytokine production,155,1201,625,14575,2.5360460542886465e-35
SjD Diagnosis,DESeq2,GO:0002757,BP,immune response-activating signaling pathway,93,1201,255,14575,1.0483289948272821e-34
SjD Diagnosis,DESeq2,GO:0007165,BP,signal transduction,441,1201,3118,14575,1.0666040478610618e-34
SjD Diagnosis,DESeq2,GO:0050870,BP,positive regulation of T cell activation,85,1201,217,14575,2.4823609716556463e-34
SjD Diagnosis,DESeq2,GO:0032101,BP,regulation of response to external stimulus,187,1201,866,14575,2.5612145765462358e-34
SjD Diagnosis,DESeq2,GO:0051239,BP,regulation of multicellular organismal process,350,1201,2267,14575,2.397897314470366e-33
SjD Diagnosis,DESeq2,GO:0031347,BP,regulation of defense response,150,1201,617,14575,4.6237093727641586e-33
SjD Diagnosis,DESeq2,GO:0002429,BP,immune response-activating cell surface receptor signaling pathway,79,1201,201,14575,5.984227634508117e-32
SjD Diagnosis,DESeq2,GO:0045087,BP,innate immune response,119,1201,427,14575,8.97096204228775e-32
SjD Diagnosis,DESeq2,GO:0002706,BP,regulation of lymphocyte mediated immunity,64,1201,139,14575,1.6797282682986193e-30
SjD Diagnosis,DESeq2,GO:0030155,BP,regulation of cell adhesion,152,1201,666,14575,3.394925072366827e-30
SjD Diagnosis,DESeq2,GO:0001819,BP,positive regulation of cytokine production,111,1201,397,14575,1.1667355551049413e-29
SjD Diagnosis,DESeq2,GO:0042129,BP,regulation of T cell proliferation,63,1201,141,14575,4.394996484534652e-29
SjD Diagnosis,DESeq2,GO:1903131,BP,mononuclear cell differentiation,83,1201,242,14575,1.1625768876975945e-28
SjD Diagnosis,DESeq2,GO:0019221,BP,cytokine-mediated signaling pathway,93,1201,299,14575,1.6475600273594663e-28
SjD Diagnosis,DESeq2,GO:0045785,BP,positive regulation of cell adhesion,112,1201,415,14575,1.8432296885842832e-28
SjD Diagnosis,DESeq2,GO:0002699,BP,positive regulation of immune effector process,74,1201,200,14575,7.138689363801714e-28
SjD Diagnosis,DESeq2,GO:0002819,BP,regulation of adaptive immune response,66,1201,164,14575,2.9735535891221435e-27
SjD Diagnosis,DESeq2,GO:0031341,BP,regulation of cell killing,46,1201,80,14575,3.8689598704214286e-27
SjD Diagnosis,DESeq2,GO:0006954,BP,inflammatory response,104,1201,379,14575,5.579320019342724e-27
SjD Diagnosis,DESeq2,GO:0051240,BP,positive regulation of multicellular organismal process,224,1201,1286,14575,6.875957764997665e-27
SjD Diagnosis,DESeq2,GO:0001910,BP,regulation of leukocyte mediated cytotoxicity,43,1201,71,14575,1.244674350697519e-26
SjD Diagnosis,DESeq2,GO:0002521,BP,leukocyte differentiation,91,1201,303,14575,1.251428665888345e-26
SjD Diagnosis,DESeq2,GO:0032103,BP,positive regulation of response to external stimulus,112,1201,436,14575,1.8731798212373612e-26
SjD Diagnosis,DESeq2,GO:0050851,BP,antigen receptor-mediated signaling pathway,58,1201,132,14575,2.7962756852956914e-26
SjD Diagnosis,DESeq2,GO:1902105,BP,regulation of leukocyte differentiation,84,1201,267,14575,4.591690104387266e-26
SjD Diagnosis,DESeq2,GO:0002822,BP,regulation of adaptive immune response based on somatic recombination of immune receptors built from immunoglobulin superfamily domains,62,1201,152,14575,5.644051158360384e-26
SjD Diagnosis,DESeq2,GO:0002831,BP,regulation of response to biotic stimulus,106,1201,405,14575,1.0685784880855687e-25
SjD Diagnosis,DESeq2,GO:0002449,BP,lymphocyte mediated immunity,47,1201,89,14575,1.4324524906803052e-25
SjD Diagnosis,DESeq2,GO:0070665,BP,positive regulation of leukocyte proliferation,58,1201,136,14575,1.8037239961223215e-25
SjD Diagnosis,DESeq2,GO:0032946,BP,positive regulation of mononuclear cell proliferation,55,1201,123,14575,2.266510731780384e-25
SjD Diagnosis,DESeq2,GO:0050671,BP,positive regulation of lymphocyte proliferation,54,1201,120,14575,4.582997929149985e-25
SjD Diagnosis,DESeq2,GO:0006950,BP,response to stress,340,1201,2400,14575,8.024038579737958e-25
SjD Diagnosis,DESeq2,GO:0002705,BP,positive regulation of leukocyte mediated immunity,52,1201,115,14575,3.113617401697119e-24
SjD Diagnosis,DESeq2,GO:0002460,BP,adaptive immune response based on somatic recombination of immune receptors built from immunoglobulin superfamily domains,45,1201,87,14575,5.7650768745112235e-24
SjD Diagnosis,DESeq2,GO:0030098,BP,lymphocyte differentiation,70,1201,205,14575,5.8688109991134685e-24
SjD Diagnosis,DESeq2,GO:1903706,BP,regulation of hemopoiesis,92,1201,337,14575,1.335713612798246e-23
SjD Diagnosis,DESeq2,GO:0042113,BP,B cell activation,58,1201,146,14575,1.421933294511233e-23
SjD Diagnosis,DESeq2,GO:0042102,BP,positive regulation of T cell proliferation,44,1201,85,14575,1.8862159425911338e-23
SjD Diagnosis,DESeq2,GO:0046651,BP,lymphocyte proliferation,47,1201,98,14575,3.1040827577437433e-23
SjD Diagnosis,DESeq2,GO:0002443,BP,leukocyte mediated immunity,48,1201,103,14575,4.71722451172833e-23
SjD Diagnosis,DESeq2,GO:0009617,BP,response to bacterium,74,1201,237,14575,1.1565263927341736e-22
SjD Diagnosis,DESeq2,GO:0070661,BP,leukocyte proliferation,51,1201,119,14575,1.8589144056960692e-22
SjD Diagnosis,DESeq2,GO:0006959,BP,humoral immune response,52,1201,124,14575,2.219572454265658e-22
SjD Diagnosis,DESeq2,GO:0032943,BP,mononuclear cell proliferation,47,1201,102,14575,2.639229416810393e-22
SjD Diagnosis,DESeq2,GO:0031343,BP,positive regulation of cell killing,34,1201,53,14575,3.6320512995295187e-22
SjD Diagnosis,DESeq2,GO:0019882,BP,antigen processing and presentation,43,1201,88,14575,1.263267981315837e-21
SjD Diagnosis,DESeq2,GO:0001912,BP,positive regulation of leukocyte mediated cytotoxicity,32,1201,48,14575,1.3304170858174698e-21
SjD Diagnosis,DESeq2,GO:0051241,BP,negative regulation of multicellular organismal process,159,1201,860,14575,3.97270890937755e-21
SjD Diagnosis,DESeq2,GO:0002708,BP,positive regulation of lymphocyte mediated immunity,44,1201,95,14575,5.7294831035616676e-21
SjD Diagnosis,DESeq2,GO:0045088,BP,regulation of innate immune response,88,1201,340,14575,7.656866502278293e-21
SjD Diagnosis,DESeq2,GO:0031349,BP,positive regulation of defense response,84,1201,318,14575,1.7792435902906738e-20
SjD Diagnosis,DESeq2,GO:0050900,BP,leukocyte migration,62,1201,187,14575,2.0675855591029974e-20
SjD Diagnosis,DESeq2,GO:0019884,BP,antigen processing and presentation of exogenous antigen,30,1201,45,14575,3.1368136263030924e-20
SjD Diagnosis,DESeq2,GO:0002709,BP,regulation of T cell mediated immunity,38,1201,75,14575,8.887360220144516e-20
SjD Diagnosis,DESeq2,GO:0050864,BP,regulation of B cell activation,47,1201,115,14575,1.231516429678463e-19
SjD Diagnosis,DESeq2,GO:0032649,BP,regulation of type II interferon production,41,1201,88,14575,1.231516429678463e-19
SjD Diagnosis,DESeq2,GO:0002695,BP,negative regulation of leukocyte activation,53,1201,146,14575,2.0948552569026461e-19
SjD Diagnosis,DESeq2,GO:0009615,BP,response to virus,79,1201,301,14575,4.82401246759047e-19
SjD Diagnosis,DESeq2,GO:0050866,BP,negative regulation of cell activation,56,1201,166,14575,8.368161499854277e-19
SjD Diagnosis,DESeq2,GO:0050853,BP,B cell receptor signaling pathway,29,1201,47,14575,3.580755541812232e-18
SjD Diagnosis,DESeq2,GO:0048002,BP,antigen processing and presentation of peptide antigen,31,1201,54,14575,3.644416986608412e-18
SjD Diagnosis,DESeq2,GO:0060326,BP,cell chemotaxis,55,1201,166,14575,4.742633824801456e-18
SjD Diagnosis,DESeq2,GO:0001914,BP,regulation of T cell mediated cytotoxicity,26,1201,38,14575,6.3526211388904565e-18
SjD Diagnosis,DESeq2,GO:0051250,BP,negative regulation of lymphocyte activation,47,1201,125,14575,6.765148418928802e-18
SjD Diagnosis,DESeq2,GO:0002824,BP,positive regulation of adaptive immune response based on somatic recombination of immune receptors built from immunoglobulin superfamily domains,41,1201,98,14575,1.5245347350137377e-17
SjD Diagnosis,DESeq2,GO:0071674,BP,mononuclear cell migration,38,1201,85,14575,1.9939736212333348e-17
SjD Diagnosis,DESeq2,GO:0002821,BP,positive regulation of adaptive immune response,42,1201,104,14575,2.6525180518778476e-17
SjD Diagnosis,DESeq2,GO:0030595,BP,leukocyte chemotaxis,44,1201,114,14575,3.0019816019482543e-17
SjD Diagnosis,DESeq2,GO:0050727,BP,regulation of inflammatory response,76,1201,303,14575,4.31819709902035e-17
SjD Diagnosis,DESeq2,GO:0001906,BP,cell killing,36,1201,78,14575,4.66090505739419e-17
SjD Diagnosis,DESeq2,GO:0002704,BP,negative regulation of leukocyte mediated immunity,30,1201,54,14575,4.8050142011602795e-17
SjD Diagnosis,DESeq2,GO:0050854,BP,regulation of antigen receptor-mediated signaling pathway,32,1201,63,14575,1.141966972695853e-16
SjD Diagnosis,DESeq2,GO:0045619,BP,regulation of lymphocyte differentiation,55,1201,179,14575,2.1229310856201324e-16
SjD Diagnosis,DESeq2,GO:0002698,BP,negative regulation of immune effector process,39,1201,95,14575,2.4476291898806725e-16
SjD Diagnosis,DESeq2,GO:0002685,BP,regulation of leukocyte migration,57,1201,193,14575,3.931480350898179e-16
SjD Diagnosis,DESeq2,GO:0002478,BP,antigen processing and presentation of exogenous peptide antigen,24,1201,36,14575,3.958236713493086e-16
SjD Diagnosis,DESeq2,GO:0006935,BP,chemotaxis,69,1201,268,14575,4.079880889341391e-16
SjD Diagnosis,DESeq2,GO:0042330,BP,taxis,69,1201,268,14575,4.079880889341391e-16
SjD Diagnosis,DESeq2,GO:0034097,BP,response to cytokine,98,1201,470,14575,4.668683251764508e-16
SjD Diagnosis,DESeq2,GO:0032729,BP,positive regulation of type II interferon production,31,1201,62,14575,6.794204076486189e-16
SjD Diagnosis,DESeq2,GO:0034341,BP,response to type II interferon,38,1201,94,14575,1.1920015594527261e-15
SjD Diagnosis,DESeq2,GO:0051607,BP,defense response to virus,60,1201,216,14575,1.2787941330256987e-15
SjD Diagnosis,DESeq2,GO:0042742,BP,defense response to bacterium,50,1201,157,14575,1.3357991086411882e-15
SjD Diagnosis,DESeq2,GO:0040011,BP,locomotion,70,1201,281,14575,1.5125413280789625e-15
SjD Diagnosis,DESeq2,GO:0048518,BP,positive regulation of biological process,533,1201,4825,14575,2.1203317346294823e-15
SjD Diagnosis,DESeq2,GO:0080134,BP,regulation of response to stress,174,1201,1112,14575,2.2873389941217852e-15
SjD Diagnosis,DESeq2,GO:0070098,BP,chemokine-mediated signaling pathway,31,1201,66,14575,6.3888352037486015e-15
SjD Diagnosis,DESeq2,GO:0050672,BP,negative regulation of lymphocyte proliferation,31,1201,67,14575,1.0815297468676056e-14
SjD Diagnosis,DESeq2,GO:0032945,BP,negative regulation of mononuclear cell proliferation,31,1201,67,14575,1.0815297468676056e-14
SjD Diagnosis,DESeq2,GO:0050777,BP,negative regulation of immune response,48,1201,153,14575,1.1162306708546665e-14
SjD Diagnosis,DESeq2,GO:0002833,BP,positive regulation of response to biotic stimulus,61,1201,232,14575,1.1468986607173587e-14
SjD Diagnosis,DESeq2,GO:0072676,BP,lymphocyte migration,29,1201,59,14575,1.3118273177645792e-14
SjD Diagnosis,DESeq2,GO:1903555,BP,regulation of tumor necrosis factor superfamily cytokine production,47,1201,150,14575,2.3965913248110587e-14
SjD Diagnosis,DESeq2,GO:0070664,BP,negative regulation of leukocyte proliferation,32,1201,74,14575,3.852969139424887e-14
SjD Diagnosis,DESeq2,GO:0032680,BP,regulation of tumor necrosis factor production,46,1201,146,14575,3.885171106877354e-14
SjD Diagnosis,DESeq2,GO:0042100,BP,B cell proliferation,22,1201,35,14575,5.6482255831640233e-14
SjD Diagnosis,DESeq2,GO:1903708,BP,positive regulation of hemopoiesis,48,1201,159,14575,5.825136990604278e-14
SjD Diagnosis,DESeq2,GO:1902107,BP,positive regulation of leukocyte differentiation,48,1201,159,14575,5.825136990604278e-14
SjD Diagnosis,DESeq2,GO:1903038,BP,negative regulation of leukocyte cell-cell adhesion,38,1201,105,14575,8.264959219732371e-14
SjD Diagnosis,DESeq2,GO:0050868,BP,negative regulation of T cell activation,36,1201,95,14575,8.658023209914197e-14
SjD Diagnosis,DESeq2,GO:0002237,BP,response to molecule of bacterial origin,64,1201,262,14575,9.354435292436508e-14
SjD Diagnosis,DESeq2,GO:0045089,BP,positive regulation of innate immune response,57,1201,217,14575,1.134999431204263e-13
SjD Diagnosis,DESeq2,GO:0002707,BP,negative regulation of lymphocyte mediated immunity,24,1201,43,14575,1.180983787652868e-13
SjD Diagnosis,DESeq2,GO:0042127,BP,regulation of cell population proliferation,190,1201,1310,14575,1.7379456379770852e-13
SjD Diagnosis,DESeq2,GO:0019883,BP,antigen processing and presentation of endogenous antigen,19,1201,27,14575,2.2552906434378128e-13
SjD Diagnosis,DESeq2,GO:0022408,BP,negative regulation of cell-cell adhesion,46,1201,153,14575,2.669061411912272e-13
SjD Diagnosis,DESeq2,GO:0010033,BP,response to organic substance,220,1201,1604,14575,2.9935164908679323e-13
SjD Diagnosis,DESeq2,GO:0060284,BP,regulation of cell development,114,1201,649,14575,3.4410876557153364e-13
SjD Diagnosis,DESeq2,GO:0001916,BP,positive regulation of T cell mediated cytotoxicity,19,1201,28,14575,6.321648788536122e-13
SjD Diagnosis,DESeq2,GO:0071675,BP,regulation of mononuclear cell migration,37,1201,106,14575,7.044413960599803e-13
SjD Diagnosis,DESeq2,GO:0030888,BP,regulation of B cell proliferation,27,1201,58,14575,7.352918390310161e-13
SjD Diagnosis,DESeq2,GO:0032496,BP,response to lipopolysaccharide,60,1201,246,14575,7.539030621642541e-13
SjD Diagnosis,DESeq2,GO:0002700,BP,regulation of production of molecular mediator of immune response,45,1201,152,14575,9.657326755408807e-13
SjD Diagnosis,DESeq2,GO:0042098,BP,T cell proliferation,28,1201,63,14575,1.009565971978272e-12
SjD Diagnosis,DESeq2,GO:0050852,BP,T cell receptor signaling pathway,35,1201,97,14575,1.1431955415988533e-12
SjD Diagnosis,DESeq2,GO:0002366,BP,leukocyte activation involved in immune response,38,1201,113,14575,1.1823430547705612e-12
SjD Diagnosis,DESeq2,GO:0035195,BP,miRNA-mediated post-transcriptional gene silencing,28,1201,64,14575,1.617862579361455e-12
SjD Diagnosis,DESeq2,GO:0046634,BP,regulation of alpha-beta T cell activation,34,1201,93,14575,1.6976865661540965e-12
SjD Diagnosis,DESeq2,GO:0032501,BP,multicellular organismal process,299,1201,2428,14575,2.2629819468673956e-12
SjD Diagnosis,DESeq2,GO:0002711,BP,positive regulation of T cell mediated immunity,25,1201,52,14575,2.6839200183491938e-12
SjD Diagnosis,DESeq2,GO:0002263,BP,cell activation involved in immune response,38,1201,116,14575,2.985512800537083e-12
SjD Diagnosis,DESeq2,GO:0045580,BP,regulation of T cell differentiation,44,1201,151,14575,3.3879046533080136e-12
SjD Diagnosis,DESeq2,GO:0002715,BP,regulation of natural killer cell mediated immunity,21,1201,37,14575,4.03608775460932e-12
SjD Diagnosis,DESeq2,GO:0001818,BP,negative regulation of cytokine production,56,1201,228,14575,4.03608775460932e-12
SjD Diagnosis,DESeq2,GO:0071219,BP,cellular response to molecule of bacterial origin,43,1201,146,14575,4.289744500156836e-12
SjD Diagnosis,DESeq2,GO:0019724,BP,B cell mediated immunity,22,1201,41,14575,4.811483382046814e-12
SjD Diagnosis,DESeq2,GO:0042269,BP,regulation of natural killer cell mediated cytotoxicity,20,1201,34,14575,6.2123246672767315e-12
SjD Diagnosis,DESeq2,GO:0071222,BP,cellular response to lipopolysaccharide,41,1201,136,14575,6.833221778338678e-12
SjD Diagnosis,DESeq2,GO:0048522,BP,positive regulation of cellular process,483,1201,4448,14575,7.002330898020654e-12
SjD Diagnosis,DESeq2,GO:0002503,BP,peptide antigen assembly with MHC class II protein complex,12,1201,12,14575,7.002330898020654e-12
SjD Diagnosis,DESeq2,GO:0007186,BP,G protein-coupled receptor signaling pathway,88,1201,464,14575,7.374323659020225e-12
SjD Diagnosis,DESeq2,GO:0046631,BP,alpha-beta T cell activation,29,1201,73,14575,1.0680605654336484e-11
SjD Diagnosis,DESeq2,GO:0050729,BP,positive regulation of inflammatory response,37,1201,116,14575,1.5513969841691093e-11
SjD Diagnosis,DESeq2,GO:0002687,BP,positive regulation of leukocyte migration,39,1201,128,14575,1.8241784408537766e-11
SjD Diagnosis,DESeq2,GO:0031348,BP,negative regulation of defense response,52,1201,210,14575,2.1757480347929362e-11
SjD Diagnosis,DESeq2,GO:0002501,BP,peptide antigen assembly with MHC protein complex,14,1201,17,14575,2.424961919523229e-11
SjD Diagnosis,DESeq2,GO:0010628,BP,positive regulation of gene expression,139,1201,908,14575,2.5649014500799854e-11
SjD Diagnosis,DESeq2,GO:0032102,BP,negative regulation of response to external stimulus,69,1201,331,14575,2.6109664953048238e-11
SjD Diagnosis,DESeq2,GO:0030183,BP,B cell differentiation,32,1201,91,14575,3.0920887077264585e-11
SjD Diagnosis,DESeq2,GO:0071346,BP,cellular response to type II interferon,29,1201,76,14575,3.4870443838754106e-11
SjD Diagnosis,DESeq2,GO:0002495,BP,antigen processing and presentation of peptide antigen via MHC class II,17,1201,26,14575,3.592976547033495e-11
SjD Diagnosis,DESeq2,GO:0019886,BP,antigen processing and presentation of exogenous peptide antigen via MHC class II,17,1201,26,14575,3.592976547033495e-11
SjD Diagnosis,DESeq2,GO:1902533,BP,positive regulation of intracellular signal transduction,131,1201,840,14575,3.6127158150020626e-11
SjD Diagnosis,DESeq2,GO:0006956,BP,complement activation,20,1201,37,14575,5.0896701135037205e-11
SjD Diagnosis,DESeq2,GO:0071310,BP,cellular response to organic substance,148,1201,1001,14575,5.230688295283071e-11
SjD Diagnosis,DESeq2,GO:0071216,BP,cellular response to biotic stimulus,45,1201,169,14575,5.3507228760081576e-11
SjD Diagnosis,DESeq2,GO:0002688,BP,regulation of leukocyte chemotaxis,34,1201,104,14575,6.137369064500806e-11
SjD Diagnosis,DESeq2,GO:0046635,BP,positive regulation of alpha-beta T cell activation,25,1201,59,14575,8.33079018528571e-11
SjD Diagnosis,DESeq2,GO:0048247,BP,lymphocyte chemotaxis,19,1201,34,14575,8.37747343678329e-11
SjD Diagnosis,DESeq2,GO:0030217,BP,T cell differentiation,38,1201,128,14575,8.37747343678329e-11
SjD Diagnosis,DESeq2,GO:0002504,BP,antigen processing and presentation of peptide or polysaccharide antigen via MHC class II,17,1201,27,14575,8.57697610036815e-11
SjD Diagnosis,DESeq2,GO:0032675,BP,regulation of interleukin-6 production,38,1201,129,14575,1.0847333446809096e-10
SjD Diagnosis,DESeq2,GO:0002475,BP,antigen processing and presentation via MHC class Ib,15,1201,21,14575,1.1323997619384386e-10
SjD Diagnosis,DESeq2,GO:0046641,BP,positive regulation of alpha-beta T cell proliferation,15,1201,21,14575,1.1323997619384386e-10
SjD Diagnosis,DESeq2,GO:0071345,BP,cellular response to cytokine stimulus,72,1201,362,14575,1.279684405827086e-10
SjD Diagnosis,DESeq2,GO:0002690,BP,positive regulation of leukocyte chemotaxis,29,1201,80,14575,1.471580010110286e-10
SjD Diagnosis,DESeq2,GO:2000026,BP,regulation of multicellular organismal development,158,1201,1106,14575,1.5053931281233618e-10
SjD Diagnosis,DESeq2,GO:0031295,BP,T cell costimulation,20,1201,39,14575,1.758485744856153e-10
SjD Diagnosis,DESeq2,GO:2000401,BP,regulation of lymphocyte migration,25,1201,61,14575,1.956291313147918e-10
SjD Diagnosis,DESeq2,GO:0035194,BP,regulatory ncRNA-mediated post-transcriptional gene silencing,28,1201,76,14575,2.185780416881412e-10
SjD Diagnosis,DESeq2,GO:0031294,BP,lymphocyte costimulation,20,1201,40,14575,3.202041340272476e-10
SjD Diagnosis,DESeq2,GO:0007162,BP,negative regulation of cell adhesion,54,1201,239,14575,3.3764413760620033e-10
SjD Diagnosis,DESeq2,GO:0009967,BP,positive regulation of signal transduction,172,1201,1250,14575,3.4400408442913893e-10
SjD Diagnosis,DESeq2,GO:0030334,BP,regulation of cell migration,122,1201,789,14575,3.5118462171525524e-10
SjD Diagnosis,DESeq2,GO:0002820,BP,negative regulation of adaptive immune response,21,1201,45,14575,5.052621109287417e-10
SjD Diagnosis,DESeq2,GO:0042130,BP,negative regulation of T cell proliferation,23,1201,54,14575,5.380922570250062e-10
SjD Diagnosis,DESeq2,GO:0016064,BP,immunoglobulin mediated immune response,19,1201,37,14575,5.7954524785986e-10
SjD Diagnosis,DESeq2,GO:2000106,BP,regulation of leukocyte apoptotic process,28,1201,79,14575,6.270918086800616e-10
SjD Diagnosis,DESeq2,GO:0033993,BP,response to lipid,101,1201,613,14575,6.270918086800616e-10
SjD Diagnosis,DESeq2,GO:0002718,BP,regulation of cytokine production involved in immune response,32,1201,101,14575,6.694309770250256e-10
SjD Diagnosis,DESeq2,GO:0050789,BP,regulation of biological process,802,1201,8392,14575,7.205438229464762e-10
SjD Diagnosis,DESeq2,GO:0050794,BP,regulation of cellular process,772,1201,8018,14575,7.925578839751605e-10
SjD Diagnosis,DESeq2,GO:0031342,BP,negative regulation of cell killing,15,1201,23,14575,7.98837966063878e-10
SjD Diagnosis,DESeq2,GO:0045058,BP,T cell selection,15,1201,23,14575,7.98837966063878e-10
SjD Diagnosis,DESeq2,GO:0001909,BP,leukocyte mediated cytotoxicity,21,1201,46,14575,8.215913365775186e-10
SjD Diagnosis,DESeq2,GO:0002474,BP,antigen processing and presentation of peptide antigen via MHC class I,17,1201,30,14575,8.538216030323545e-10
SjD Diagnosis,DESeq2,GO:0001776,BP,leukocyte homeostasis,27,1201,75,14575,9.21465031910709e-10
SjD Diagnosis,DESeq2,GO:0048525,BP,negative regulation of viral process,27,1201,75,14575,9.21465031910709e-10
SjD Diagnosis,DESeq2,GO:0002823,BP,negative regulation of adaptive immune response based on somatic recombination of immune receptors built from immunoglobulin superfamily domains,20,1201,42,14575,9.36493458078378e-10
SjD Diagnosis,DESeq2,GO:0141061,BP,disruption of cell in another organism,19,1201,38,14575,1.0038843182117202e-09
SjD Diagnosis,DESeq2,GO:0031640,BP,killing of cells of another organism,19,1201,38,14575,1.0038843182117202e-09
SjD Diagnosis,DESeq2,GO:1902531,BP,regulation of intracellular signal transduction,193,1201,1474,14575,1.2677200911356448e-09
SjD Diagnosis,DESeq2,GO:2000145,BP,regulation of cell motility,124,1201,826,14575,1.5557175677758735e-09
SjD Diagnosis,DESeq2,GO:0050921,BP,positive regulation of chemotaxis,35,1201,122,14575,1.6318575372871013e-09
SjD Diagnosis,DESeq2,GO:0050858,BP,negative regulation of antigen receptor-mediated signaling pathway,17,1201,31,14575,1.6821622967604048e-09
SjD Diagnosis,DESeq2,GO:0046640,BP,regulation of alpha-beta T cell proliferation,18,1201,35,14575,1.8293376721827346e-09
SjD Diagnosis,DESeq2,GO:0002285,BP,lymphocyte activation involved in immune response,29,1201,88,14575,1.9462930081037367e-09
SjD Diagnosis,DESeq2,GO:0071677,BP,positive regulation of mononuclear cell migration,24,1201,62,14575,1.995270762399057e-09
SjD Diagnosis,DESeq2,GO:0030593,BP,neutrophil chemotaxis,24,1201,62,14575,1.995270762399057e-09
SjD Diagnosis,DESeq2,GO:1903557,BP,positive regulation of tumor necrosis factor superfamily cytokine production,30,1201,94,14575,2.2023537318111548e-09
SjD Diagnosis,DESeq2,GO:0050764,BP,regulation of phagocytosis,27,1201,78,14575,2.4962392196351665e-09
SjD Diagnosis,DESeq2,GO:2000404,BP,regulation of T cell migration,20,1201,44,14575,2.5741711318401405e-09
SjD Diagnosis,DESeq2,GO:0050856,BP,regulation of T cell receptor signaling pathway,20,1201,44,14575,2.5741711318401405e-09
SjD Diagnosis,DESeq2,GO:0016441,BP,post-transcriptional gene silencing,28,1201,84,14575,3.021485630904702e-09
SjD Diagnosis,DESeq2,GO:0040012,BP,regulation of locomotion,126,1201,853,14575,3.0236144574303466e-09
SjD Diagnosis,DESeq2,GO:0032653,BP,regulation of interleukin-10 production,21,1201,49,14575,3.309128710790499e-09
SjD Diagnosis,DESeq2,GO:0032663,BP,regulation of interleukin-2 production,22,1201,54,14575,3.831298860205295e-09
SjD Diagnosis,DESeq2,GO:0008284,BP,positive regulation of cell population proliferation,112,1201,729,14575,3.831298860205295e-09
SjD Diagnosis,DESeq2,GO:0009966,BP,regulation of signal transduction,282,1201,2406,14575,3.90170531918102e-09
SjD Diagnosis,DESeq2,GO:0045621,BP,positive regulation of lymphocyte differentiation,33,1201,114,14575,4.290571114384835e-09
SjD Diagnosis,DESeq2,GO:0042221,BP,response to chemical,244,1201,2010,14575,4.334342541598094e-09
SjD Diagnosis,DESeq2,GO:0032760,BP,positive regulation of tumor necrosis factor production,29,1201,91,14575,4.5917465169279875e-09
SjD Diagnosis,DESeq2,GO:0141060,BP,disruption of anatomical structure in another organism,19,1201,41,14575,4.9746995723191304e-09
SjD Diagnosis,DESeq2,GO:0097529,BP,myeloid leukocyte migration,31,1201,103,14575,5.298085141704461e-09
SjD Diagnosis,DESeq2,GO:0001911,BP,negative regulation of leukocyte mediated cytotoxicity,14,1201,22,14575,5.576549138380774e-09
SjD Diagnosis,DESeq2,GO:0002710,BP,negative regulation of T cell mediated immunity,14,1201,22,14575,5.576549138380774e-09
SjD Diagnosis,DESeq2,GO:1990266,BP,neutrophil migration,25,1201,70,14575,5.640098219867916e-09
SjD Diagnosis,DESeq2,GO:0045071,BP,negative regulation of viral genome replication,20,1201,46,14575,6.572980149119215e-09
SjD Diagnosis,DESeq2,GO:0045954,BP,positive regulation of natural killer cell mediated cytotoxicity,13,1201,19,14575,6.732288129075651e-09
SjD Diagnosis,DESeq2,GO:0070887,BP,cellular response to chemical stimulus,171,1201,1288,14575,7.1443647149798444e-09
SjD Diagnosis,DESeq2,GO:0071621,BP,granulocyte chemotaxis,24,1201,66,14575,8.496614130975208e-09
SjD Diagnosis,DESeq2,GO:0050766,BP,positive regulation of phagocytosis,22,1201,56,14575,8.498605758613427e-09
SjD Diagnosis,DESeq2,GO:1903900,BP,regulation of viral life cycle,33,1201,117,14575,8.755485593565343e-09
SjD Diagnosis,DESeq2,GO:0050792,BP,regulation of viral process,36,1201,136,14575,9.335804916197618e-09
SjD Diagnosis,DESeq2,GO:0006968,BP,cellular defense response,18,1201,38,14575,9.436199968076369e-09
SjD Diagnosis,DESeq2,GO:0002832,BP,negative regulation of response to biotic stimulus,30,1201,100,14575,1.1051820788550064e-08
SjD Diagnosis,DESeq2,GO:0010647,BP,positive regulation of cell communication,178,1201,1372,14575,1.663959780585701e-08
SjD Diagnosis,DESeq2,GO:0072678,BP,T cell migration,15,1201,27,14575,1.6972929490133715e-08
SjD Diagnosis,DESeq2,GO:0006958,BP,"complement activation, classical pathway",15,1201,27,14575,1.6972929490133715e-08
SjD Diagnosis,DESeq2,GO:0002456,BP,T cell mediated immunity,15,1201,27,14575,1.6972929490133715e-08
SjD Diagnosis,DESeq2,GO:0002483,BP,antigen processing and presentation of endogenous peptide antigen,13,1201,20,14575,1.6972929490133715e-08
SjD Diagnosis,DESeq2,GO:0002761,BP,regulation of myeloid leukocyte differentiation,29,1201,96,14575,1.7900523082953344e-08
SjD Diagnosis,DESeq2,GO:0051336,BP,regulation of hydrolase activity,96,1201,608,14575,1.7900523082953344e-08
SjD Diagnosis,DESeq2,GO:0050920,BP,regulation of chemotaxis,43,1201,186,14575,1.7900523082953344e-08
SjD Diagnosis,DESeq2,GO:0043408,BP,regulation of MAPK cascade,85,1201,511,14575,1.8449281250144498e-08
SjD Diagnosis,DESeq2,GO:0050790,BP,regulation of catalytic activity,153,1201,1135,14575,2.2472301053530094e-08
SjD Diagnosis,DESeq2,GO:0002274,BP,myeloid leukocyte activation,30,1201,103,14575,2.364584931037928e-08
SjD Diagnosis,DESeq2,GO:0023056,BP,positive regulation of signaling,178,1201,1378,14575,2.4038407420533747e-08
SjD Diagnosis,DESeq2,GO:0097530,BP,granulocyte migration,25,1201,75,14575,2.8208398832758286e-08
SjD Diagnosis,DESeq2,GO:0031047,BP,regulatory ncRNA-mediated gene silencing,28,1201,92,14575,2.890820311044057e-08
SjD Diagnosis,DESeq2,GO:0070372,BP,regulation of ERK1 and ERK2 cascade,47,1201,218,14575,3.250047936896124e-08
SjD Diagnosis,DESeq2,GO:0065009,BP,regulation of molecular function,199,1201,1597,14575,3.584665712613314e-08
SjD Diagnosis,DESeq2,GO:2000107,BP,negative regulation of leukocyte apoptotic process,20,1201,50,14575,3.6474542646705434e-08
SjD Diagnosis,DESeq2,GO:0050855,BP,regulation of B cell receptor signaling pathway,13,1201,21,14575,3.900776252050586e-08
SjD Diagnosis,DESeq2,GO:0002717,BP,positive regulation of natural killer cell mediated immunity,13,1201,21,14575,3.900776252050586e-08
SjD Diagnosis,DESeq2,GO:0045637,BP,regulation of myeloid cell differentiation,39,1201,163,14575,3.900776252050586e-08
SjD Diagnosis,DESeq2,GO:0002701,BP,negative regulation of production of molecular mediator of immune response,17,1201,37,14575,5.10052696121631e-08
SjD Diagnosis,DESeq2,GO:0065007,BP,biological regulation,814,1201,8687,14575,5.317208789662084e-08
SjD Diagnosis,DESeq2,GO:0007159,BP,leukocyte cell-cell adhesion,20,1201,51,14575,5.412275466154823e-08
SjD Diagnosis,DESeq2,GO:0045577,BP,regulation of B cell differentiation,16,1201,33,14575,5.7850736439638914e-08
SjD Diagnosis,DESeq2,GO:0045807,BP,positive regulation of endocytosis,33,1201,126,14575,6.504502198579286e-08
SjD Diagnosis,DESeq2,GO:0043383,BP,negative T cell selection,9,1201,10,14575,7.294724420454931e-08
SjD Diagnosis,DESeq2,GO:0002712,BP,regulation of B cell mediated immunity,19,1201,47,14575,7.510529502750628e-08
SjD Diagnosis,DESeq2,GO:0038093,BP,Fc receptor signaling pathway,19,1201,47,14575,7.510529502750628e-08
SjD Diagnosis,DESeq2,GO:0002889,BP,regulation of immunoglobulin mediated immune response,19,1201,47,14575,7.510529502750628e-08
SjD Diagnosis,DESeq2,GO:0051924,BP,regulation of calcium ion transport,40,1201,175,14575,9.672866484243096e-08
SjD Diagnosis,DESeq2,GO:0002548,BP,monocyte chemotaxis,14,1201,26,14575,1.0563257565280867e-07
SjD Diagnosis,DESeq2,GO:0002218,BP,activation of innate immune response,34,1201,135,14575,1.0912359616962276e-07
SjD Diagnosis,DESeq2,GO:0010646,BP,regulation of cell communication,301,1201,2687,14575,1.1238388546481281e-07
SjD Diagnosis,DESeq2,GO:0002637,BP,regulation of immunoglobulin production,21,1201,58,14575,1.1244324617387609e-07
SjD Diagnosis,DESeq2,GO:0019885,BP,antigen processing and presentation of endogenous peptide antigen via MHC class I,12,1201,19,14575,1.2190142285486133e-07
SjD Diagnosis,DESeq2,GO:0045824,BP,negative regulation of innate immune response,24,1201,75,14575,1.4655015714409885e-07
SjD Diagnosis,DESeq2,GO:0002407,BP,dendritic cell chemotaxis,11,1201,16,14575,1.506561118226519e-07
SjD Diagnosis,DESeq2,GO:0048585,BP,negative regulation of response to stimulus,171,1201,1345,14575,1.5117035126813312e-07
SjD Diagnosis,DESeq2,GO:0002260,BP,lymphocyte homeostasis,21,1201,59,14575,1.58635762874826e-07
SjD Diagnosis,DESeq2,GO:0016477,BP,cell migration,102,1201,688,14575,1.6665554866663082e-07
SjD Diagnosis,DESeq2,GO:0032655,BP,regulation of interleukin-12 production,20,1201,54,14575,1.6665554866663082e-07
SjD Diagnosis,DESeq2,GO:0050871,BP,positive regulation of B cell activation,23,1201,70,14575,1.7123094830547839e-07
SjD Diagnosis,DESeq2,GO:0036336,BP,dendritic cell migration,13,1201,23,14575,1.736286453952322e-07
SjD Diagnosis,DESeq2,GO:0050869,BP,negative regulation of B cell activation,15,1201,31,14575,1.867767284929646e-07
SjD Diagnosis,DESeq2,GO:0048870,BP,cell motility,108,1201,746,14575,1.9562701260089793e-07
SjD Diagnosis,DESeq2,GO:0043410,BP,positive regulation of MAPK cascade,63,1201,357,14575,2.9843958836938694e-07
SjD Diagnosis,DESeq2,GO:0040017,BP,positive regulation of locomotion,79,1201,490,14575,3.171662951966998e-07
SjD Diagnosis,DESeq2,GO:0032753,BP,positive regulation of interleukin-4 production,13,1201,24,14575,3.439064456792847e-07
SjD Diagnosis,DESeq2,GO:0023051,BP,regulation of signaling,298,1201,2685,14575,3.47773731774749e-07
SjD Diagnosis,DESeq2,GO:0035456,BP,response to interferon-beta,14,1201,28,14575,3.513074631671134e-07
SjD Diagnosis,DESeq2,GO:0032673,BP,regulation of interleukin-4 production,14,1201,28,14575,3.513074631671134e-07
SjD Diagnosis,DESeq2,GO:0070374,BP,positive regulation of ERK1 and ERK2 cascade,35,1201,148,14575,3.5539767364605045e-07
SjD Diagnosis,DESeq2,GO:0030335,BP,positive regulation of cell migration,76,1201,466,14575,3.6707179363534603e-07
SjD Diagnosis,DESeq2,GO:0045061,BP,thymic T cell selection,11,1201,17,14575,3.7283301265013813e-07
SjD Diagnosis,DESeq2,GO:0002716,BP,negative regulation of natural killer cell mediated immunity,11,1201,17,14575,3.7283301265013813e-07
SjD Diagnosis,DESeq2,GO:0002702,BP,positive regulation of production of molecular mediator of immune response,29,1201,109,14575,3.939987053423083e-07
SjD Diagnosis,DESeq2,GO:0008285,BP,negative regulation of cell population proliferation,88,1201,574,14575,4.144382163205293e-07
SjD Diagnosis,DESeq2,GO:0042531,BP,positive regulation of tyrosine phosphorylation of STAT protein,16,1201,37,14575,4.172569317347103e-07
SjD Diagnosis,DESeq2,GO:0002428,BP,antigen processing and presentation of peptide antigen via MHC class Ib,10,1201,14,14575,4.2678302497863156e-07
SjD Diagnosis,DESeq2,GO:0050793,BP,regulation of developmental process,223,1201,1895,14575,4.6451806885216995e-07
SjD Diagnosis,DESeq2,GO:0051282,BP,regulation of sequestering of calcium ion,27,1201,98,14575,5.540460163282818e-07
SjD Diagnosis,DESeq2,GO:2000147,BP,positive regulation of cell motility,77,1201,481,14575,6.186724913134138e-07
SjD Diagnosis,DESeq2,GO:0030890,BP,positive regulation of B cell proliferation,16,1201,38,14575,6.524414777028227e-07
SjD Diagnosis,DESeq2,GO:2000403,BP,positive regulation of lymphocyte migration,16,1201,38,14575,6.524414777028227e-07
SjD Diagnosis,DESeq2,GO:0050730,BP,regulation of peptidyl-tyrosine phosphorylation,38,1201,173,14575,6.944531665295689e-07
SjD Diagnosis,DESeq2,GO:0043067,BP,regulation of programmed cell death,156,1201,1221,14575,7.043633150333653e-07
SjD Diagnosis,DESeq2,GO:0045060,BP,negative thymic T cell selection,8,1201,9,14575,7.043633150333653e-07
SjD Diagnosis,DESeq2,GO:0010720,BP,positive regulation of cell development,63,1201,364,14575,7.301709789211283e-07
SjD Diagnosis,DESeq2,GO:0050731,BP,positive regulation of peptidyl-tyrosine phosphorylation,30,1201,119,14575,8.187397742105987e-07
SjD Diagnosis,DESeq2,GO:0045582,BP,positive regulation of T cell differentiation,27,1201,100,14575,8.632629929311829e-07
SjD Diagnosis,DESeq2,GO:0019722,BP,calcium-mediated signaling,32,1201,133,14575,9.311040343525737e-07
SjD Diagnosis,DESeq2,GO:0002886,BP,regulation of myeloid leukocyte mediated immunity,19,1201,54,14575,9.85788199858279e-07
SjD Diagnosis,DESeq2,GO:0043299,BP,leukocyte degranulation,14,1201,30,14575,1.0151968116187891e-06
SjD Diagnosis,DESeq2,GO:0032693,BP,negative regulation of interleukin-10 production,10,1201,15,14575,1.129428858878262e-06
SjD Diagnosis,DESeq2,GO:0045589,BP,regulation of regulatory T cell differentiation,13,1201,27,14575,1.99227894080867e-06
SjD Diagnosis,DESeq2,GO:0002719,BP,negative regulation of cytokine production involved in immune response,13,1201,27,14575,1.99227894080867e-06
SjD Diagnosis,DESeq2,GO:0150077,BP,regulation of neuroinflammatory response,13,1201,27,14575,1.99227894080867e-06
SjD Diagnosis,DESeq2,GO:1901623,BP,regulation of lymphocyte chemotaxis,12,1201,23,14575,2.076920497538216e-06
SjD Diagnosis,DESeq2,GO:0001562,BP,response to protozoan,12,1201,23,14575,2.076920497538216e-06
SjD Diagnosis,DESeq2,GO:2000516,BP,"positive regulation of CD4-positive, alpha-beta T cell activation",15,1201,36,14575,2.076920497538216e-06
SjD Diagnosis,DESeq2,GO:0141124,BP,intracellular signaling cassette,97,1201,675,14575,2.126366372464642e-06
SjD Diagnosis,DESeq2,GO:0002763,BP,positive regulation of myeloid leukocyte differentiation,17,1201,46,14575,2.2530702379185666e-06
SjD Diagnosis,DESeq2,GO:0045069,BP,regulation of viral genome replication,22,1201,74,14575,2.533390292714834e-06
SjD Diagnosis,DESeq2,GO:0002363,BP,alpha-beta T cell lineage commitment,10,1201,16,14575,2.6770714085805773e-06
SjD Diagnosis,DESeq2,GO:0045953,BP,negative regulation of natural killer cell mediated cytotoxicity,10,1201,16,14575,2.6770714085805773e-06
SjD Diagnosis,DESeq2,GO:0046629,BP,gamma-delta T cell activation,10,1201,16,14575,2.6770714085805773e-06
SjD Diagnosis,DESeq2,GO:0030101,BP,natural killer cell activation,14,1201,32,14575,2.6776232599779438e-06
SjD Diagnosis,DESeq2,GO:0002920,BP,regulation of humoral immune response,14,1201,32,14575,2.6776232599779438e-06
SjD Diagnosis,DESeq2,GO:0002758,BP,innate immune response-activating signaling pathway,28,1201,112,14575,2.739806567497815e-06
SjD Diagnosis,DESeq2,GO:0070228,BP,regulation of lymphocyte apoptotic process,18,1201,52,14575,2.9032523409451784e-06
SjD Diagnosis,DESeq2,GO:0035556,BP,intracellular signal transduction,155,1201,1242,14575,2.99050703870242e-06
SjD Diagnosis,DESeq2,GO:0006957,BP,"complement activation, alternative pathway",8,1201,10,14575,3.017104043627034e-06
SjD Diagnosis,DESeq2,GO:0002861,BP,regulation of inflammatory response to antigenic stimulus,15,1201,37,14575,3.1011393831832887e-06
SjD Diagnosis,DESeq2,GO:0042509,BP,regulation of tyrosine phosphorylation of STAT protein,17,1201,47,14575,3.141269876812974e-06
SjD Diagnosis,DESeq2,GO:0002484,BP,antigen processing and presentation of endogenous peptide antigen via MHC class I via ER pathway,9,1201,13,14575,3.328829321646862e-06
SjD Diagnosis,DESeq2,GO:0002476,BP,antigen processing and presentation of endogenous peptide antigen via MHC class Ib,9,1201,13,14575,3.328829321646862e-06
SjD Diagnosis,DESeq2,GO:0042832,BP,defense response to protozoan,11,1201,20,14575,3.5039111826562326e-06
SjD Diagnosis,DESeq2,GO:0002577,BP,regulation of antigen processing and presentation,11,1201,20,14575,3.5039111826562326e-06
SjD Diagnosis,DESeq2,GO:0045595,BP,regulation of cell differentiation,152,1201,1215,14575,3.878288571800052e-06
SjD Diagnosis,DESeq2,GO:0043029,BP,T cell homeostasis,14,1201,33,14575,4.134401678185193e-06
SjD Diagnosis,DESeq2,GO:2000406,BP,positive regulation of T cell migration,14,1201,33,14575,4.134401678185193e-06
SjD Diagnosis,DESeq2,GO:0045597,BP,positive regulation of cell differentiation,98,1201,697,14575,4.805125904694499e-06
SjD Diagnosis,DESeq2,GO:0050830,BP,defense response to Gram-positive bacterium,18,1201,54,14575,5.396857340747096e-06
SjD Diagnosis,DESeq2,GO:0043369,BP,"CD4-positive or CD8-positive, alpha-beta T cell lineage commitment",10,1201,17,14575,5.672084105103092e-06
SjD Diagnosis,DESeq2,GO:0048872,BP,homeostasis of number of cells,33,1201,151,14575,5.967940893486961e-06
SjD Diagnosis,DESeq2,GO:0050857,BP,positive regulation of antigen receptor-mediated signaling pathway,12,1201,25,14575,6.216574518075987e-06
SjD Diagnosis,DESeq2,GO:0032660,BP,regulation of interleukin-17 production,12,1201,25,14575,6.216574518075987e-06
SjD Diagnosis,DESeq2,GO:0032755,BP,positive regulation of interleukin-6 production,23,1201,84,14575,6.313208532498609e-06
SjD Diagnosis,DESeq2,GO:0036037,BP,"CD8-positive, alpha-beta T cell activation",7,1201,8,14575,6.647129005384853e-06
SjD Diagnosis,DESeq2,GO:1901700,BP,response to oxygen-containing compound,135,1201,1060,14575,7.261785551356354e-06
SjD Diagnosis,DESeq2,GO:2000514,BP,"regulation of CD4-positive, alpha-beta T cell activation",19,1201,61,14575,8.005713829678778e-06
SjD Diagnosis,DESeq2,GO:0043373,BP,"CD4-positive, alpha-beta T cell lineage commitment",9,1201,14,14575,8.129540755778754e-06
SjD Diagnosis,DESeq2,GO:0002724,BP,regulation of T cell cytokine production,13,1201,30,14575,8.34960649430383e-06
SjD Diagnosis,DESeq2,GO:0051345,BP,positive regulation of hydrolase activity,64,1201,400,14575,8.694290355563047e-06
SjD Diagnosis,DESeq2,GO:0032715,BP,negative regulation of interleukin-6 production,15,1201,40,14575,9.748698976000388e-06
SjD Diagnosis,DESeq2,GO:1902106,BP,negative regulation of leukocyte differentiation,22,1201,80,14575,1.0452961897379732e-05
SjD Diagnosis,DESeq2,GO:2000501,BP,regulation of natural killer cell chemotaxis,6,1201,6,14575,1.0598484836324706e-05
SjD Diagnosis,DESeq2,GO:0002377,BP,immunoglobulin production,6,1201,6,14575,1.0598484836324706e-05
SjD Diagnosis,DESeq2,GO:0002440,BP,production of molecular mediator of immune response,6,1201,6,14575,1.0598484836324706e-05
SjD Diagnosis,DESeq2,GO:0032703,BP,negative regulation of interleukin-2 production,11,1201,22,14575,1.1641913894280142e-05
SjD Diagnosis,DESeq2,GO:0048519,BP,negative regulation of biological process,411,1201,4048,14575,1.2309114601543445e-05
SjD Diagnosis,DESeq2,GO:0032814,BP,regulation of natural killer cell activation,13,1201,31,14575,1.291964560549815e-05
SjD Diagnosis,DESeq2,GO:0043068,BP,positive regulation of programmed cell death,70,1201,460,14575,1.4520977584225623e-05
SjD Diagnosis,DESeq2,GO:0071396,BP,cellular response to lipid,58,1201,356,14575,1.4635365841898945e-05
SjD Diagnosis,DESeq2,GO:0010629,BP,negative regulation of gene expression,107,1201,802,14575,1.4636439425443893e-05
SjD Diagnosis,DESeq2,GO:0030100,BP,regulation of endocytosis,43,1201,233,14575,1.4744022277434952e-05
SjD Diagnosis,DESeq2,GO:0042981,BP,regulation of apoptotic process,146,1201,1183,14575,1.5090192533852982e-05
SjD Diagnosis,DESeq2,GO:0032720,BP,negative regulation of tumor necrosis factor production,17,1201,52,14575,1.5137183552033135e-05
SjD Diagnosis,DESeq2,GO:0032689,BP,negative regulation of type II interferon production,12,1201,27,14575,1.6706742068899275e-05
SjD Diagnosis,DESeq2,GO:0002312,BP,B cell activation involved in immune response,16,1201,47,14575,1.755686781246735e-05
SjD Diagnosis,DESeq2,GO:0072677,BP,eosinophil migration,9,1201,15,14575,1.7830008886549818e-05
SjD Diagnosis,DESeq2,GO:0048245,BP,eosinophil chemotaxis,9,1201,15,14575,1.7830008886549818e-05
SjD Diagnosis,DESeq2,GO:0002486,BP,"antigen processing and presentation of endogenous peptide antigen via MHC class I via ER pathway, TAP-independent",8,1201,12,14575,2.4941870225645136e-05
SjD Diagnosis,DESeq2,GO:0002863,BP,positive regulation of inflammatory response to antigenic stimulus,8,1201,12,14575,2.4941870225645136e-05
SjD Diagnosis,DESeq2,GO:0043368,BP,positive T cell selection,8,1201,12,14575,2.4941870225645136e-05
SjD Diagnosis,DESeq2,GO:0010959,BP,regulation of metal ion transport,47,1201,268,14575,2.522034918011185e-05
SjD Diagnosis,DESeq2,GO:0001915,BP,negative regulation of T cell mediated cytotoxicity,7,1201,9,14575,2.5618717558525708e-05
SjD Diagnosis,DESeq2,GO:0002883,BP,regulation of hypersensitivity,7,1201,9,14575,2.5618717558525708e-05
SjD Diagnosis,DESeq2,GO:0030099,BP,myeloid cell differentiation,37,1201,191,14575,2.6734302361480253e-05
SjD Diagnosis,DESeq2,GO:1903556,BP,negative regulation of tumor necrosis factor superfamily cytokine production,17,1201,54,14575,2.693989458620318e-05
SjD Diagnosis,DESeq2,GO:0002673,BP,regulation of acute inflammatory response,13,1201,33,14575,2.931673112452213e-05
SjD Diagnosis,DESeq2,GO:1903707,BP,negative regulation of hemopoiesis,22,1201,85,14575,3.0558802836377295e-05
SjD Diagnosis,DESeq2,GO:0002228,BP,natural killer cell mediated immunity,11,1201,24,14575,3.330735294529865e-05
SjD Diagnosis,DESeq2,GO:0050860,BP,negative regulation of T cell receptor signaling pathway,11,1201,24,14575,3.330735294529865e-05
SjD Diagnosis,DESeq2,GO:0002643,BP,regulation of tolerance induction,9,1201,16,14575,3.641769943235736e-05
SjD Diagnosis,DESeq2,GO:0002888,BP,positive regulation of myeloid leukocyte mediated immunity,10,1201,20,14575,3.7930785829755506e-05
SjD Diagnosis,DESeq2,GO:0002923,BP,regulation of humoral immune response mediated by circulating immunoglobulin,8,1201,13,14575,5.750777461766853e-05
SjD Diagnosis,DESeq2,GO:0002864,BP,regulation of acute inflammatory response to antigenic stimulus,8,1201,13,14575,5.750777461766853e-05
SjD Diagnosis,DESeq2,GO:0043301,BP,negative regulation of leukocyte degranulation,8,1201,13,14575,5.750777461766853e-05
SjD Diagnosis,DESeq2,GO:0002507,BP,tolerance induction,8,1201,13,14575,5.750777461766853e-05
SjD Diagnosis,DESeq2,GO:0046633,BP,alpha-beta T cell proliferation,8,1201,13,14575,5.750777461766853e-05
SjD Diagnosis,DESeq2,GO:0070232,BP,regulation of T cell apoptotic process,13,1201,35,14575,6.219961246696945e-05
SjD Diagnosis,DESeq2,GO:0032735,BP,positive regulation of interleukin-12 production,13,1201,35,14575,6.219961246696945e-05
SjD Diagnosis,DESeq2,GO:0045639,BP,positive regulation of myeloid cell differentiation,21,1201,82,14575,6.22552537041901e-05
SjD Diagnosis,DESeq2,GO:0070106,BP,interleukin-27-mediated signaling pathway,6,1201,7,14575,6.22552537041901e-05
SjD Diagnosis,DESeq2,GO:0050859,BP,negative regulation of B cell receptor signaling pathway,6,1201,7,14575,6.22552537041901e-05
SjD Diagnosis,DESeq2,GO:0002360,BP,T cell lineage commitment,10,1201,21,14575,6.503697961958211e-05
SjD Diagnosis,DESeq2,GO:0043269,BP,regulation of monoatomic ion transport,51,1201,313,14575,6.5355392766189e-05
SjD Diagnosis,DESeq2,GO:0044093,BP,positive regulation of molecular function,124,1201,995,14575,6.5355392766189e-05
SjD Diagnosis,DESeq2,GO:0032740,BP,positive regulation of interleukin-17 production,9,1201,17,14575,6.880080128810349e-05
SjD Diagnosis,DESeq2,GO:0030889,BP,negative regulation of B cell proliferation,9,1201,17,14575,6.880080128810349e-05
SjD Diagnosis,DESeq2,GO:0050848,BP,regulation of calcium-mediated signaling,19,1201,70,14575,7.290333183979372e-05
SjD Diagnosis,DESeq2,GO:0007204,BP,positive regulation of cytosolic calcium ion concentration,25,1201,110,14575,7.355545324639674e-05
SjD Diagnosis,DESeq2,GO:2001198,BP,regulation of dendritic cell differentiation,7,1201,10,14575,7.405642099118763e-05
SjD Diagnosis,DESeq2,GO:0045670,BP,regulation of osteoclast differentiation,16,1201,52,14575,7.445430780676105e-05
SjD Diagnosis,DESeq2,GO:0030336,BP,negative regulation of cell migration,44,1201,255,14575,7.78946927532111e-05
SjD Diagnosis,DESeq2,GO:2000146,BP,negative regulation of cell motility,45,1201,265,14575,8.029955990237923e-05
SjD Diagnosis,DESeq2,GO:0051094,BP,positive regulation of developmental process,129,1201,1051,14575,8.704558820109961e-05
SjD Diagnosis,DESeq2,GO:0002714,BP,positive regulation of B cell mediated immunity,12,1201,31,14575,8.956720405325843e-05
SjD Diagnosis,DESeq2,GO:0002891,BP,positive regulation of immunoglobulin mediated immune response,12,1201,31,14575,8.956720405325843e-05
SjD Diagnosis,DESeq2,GO:1904892,BP,regulation of receptor signaling pathway via STAT,17,1201,59,14575,9.867624078240958e-05
SjD Diagnosis,DESeq2,GO:1903306,BP,negative regulation of regulated secretory pathway,10,1201,22,14575,0.00010630121899672333
SjD Diagnosis,DESeq2,GO:0045730,BP,respiratory burst,10,1201,22,14575,0.00010630121899672333
SjD Diagnosis,DESeq2,GO:0002825,BP,regulation of T-helper 1 type immune response,10,1201,22,14575,0.00010630121899672333
SjD Diagnosis,DESeq2,GO:0051715,BP,cytolysis in another organism,5,1201,5,14575,0.00011147079003027632
SjD Diagnosis,DESeq2,GO:0048006,BP,"antigen processing and presentation, endogenous lipid antigen via MHC class Ib",5,1201,5,14575,0.00011147079003027632
SjD Diagnosis,DESeq2,GO:0043085,BP,positive regulation of catalytic activity,95,1201,721,14575,0.0001150577073894217
SjD Diagnosis,DESeq2,GO:0048523,BP,negative regulation of cellular process,381,1201,3795,14575,0.00012176502250728835
SjD Diagnosis,DESeq2,GO:0140131,BP,positive regulation of lymphocyte chemotaxis,9,1201,18,14575,0.00012204204596209536
SjD Diagnosis,DESeq2,GO:0048535,BP,lymph node development,9,1201,18,14575,0.00012204204596209536
SjD Diagnosis,DESeq2,GO:0045591,BP,positive regulation of regulatory T cell differentiation,9,1201,18,14575,0.00012204204596209536
SjD Diagnosis,DESeq2,GO:0019730,BP,antimicrobial humoral response,16,1201,54,14575,0.00012467487158543598
SjD Diagnosis,DESeq2,GO:0002335,BP,mature B cell differentiation,11,1201,27,14575,0.0001250628892823434
SjD Diagnosis,DESeq2,GO:0097028,BP,dendritic cell differentiation,11,1201,27,14575,0.0001250628892823434
SjD Diagnosis,DESeq2,GO:0032743,BP,positive regulation of interleukin-2 production,12,1201,32,14575,0.00012803106137894456
SjD Diagnosis,DESeq2,GO:0046006,BP,regulation of activated T cell proliferation,12,1201,32,14575,0.00012803106137894456
SjD Diagnosis,DESeq2,GO:0002686,BP,negative regulation of leukocyte migration,14,1201,43,14575,0.00014329150890508561
SjD Diagnosis,DESeq2,GO:0007155,BP,cell adhesion,95,1201,725,14575,0.00016538914559936739
SjD Diagnosis,DESeq2,GO:0002639,BP,positive regulation of immunoglobulin production,13,1201,38,14575,0.00016706495518530677
SjD Diagnosis,DESeq2,GO:0070269,BP,pyroptosis,10,1201,23,14575,0.00016791599175161769
SjD Diagnosis,DESeq2,GO:0042267,BP,natural killer cell mediated cytotoxicity,10,1201,23,14575,0.00016791599175161769
SjD Diagnosis,DESeq2,GO:0002604,BP,regulation of dendritic cell antigen processing and presentation,7,1201,11,14575,0.00017634489053392765
SjD Diagnosis,DESeq2,GO:0002664,BP,regulation of T cell tolerance induction,7,1201,11,14575,0.00017634489053392765
SjD Diagnosis,DESeq2,GO:0045059,BP,positive thymic T cell selection,7,1201,11,14575,0.00017634489053392765
SjD Diagnosis,DESeq2,GO:0002295,BP,T-helper cell lineage commitment,7,1201,11,14575,0.00017634489053392765
SjD Diagnosis,DESeq2,GO:0010818,BP,T cell chemotaxis,7,1201,11,14575,0.00017634489053392765
SjD Diagnosis,DESeq2,GO:0070229,BP,negative regulation of lymphocyte apoptotic process,12,1201,33,14575,0.00018174836357280372
SjD Diagnosis,DESeq2,GO:0008283,BP,cell population proliferation,77,1201,560,14575,0.00019220810262005205
SjD Diagnosis,DESeq2,GO:0002676,BP,regulation of chronic inflammatory response,6,1201,8,14575,0.0002089286076246107
SjD Diagnosis,DESeq2,GO:0072540,BP,T-helper 17 cell lineage commitment,6,1201,8,14575,0.0002089286076246107
SjD Diagnosis,DESeq2,GO:0033089,BP,positive regulation of T cell differentiation in thymus,6,1201,8,14575,0.0002089286076246107
SjD Diagnosis,DESeq2,GO:0140507,BP,granzyme-mediated programmed cell death signaling pathway,6,1201,8,14575,0.0002089286076246107
SjD Diagnosis,DESeq2,GO:0002922,BP,positive regulation of humoral immune response,8,1201,15,14575,0.00021863342436428683
SjD Diagnosis,DESeq2,GO:0010819,BP,regulation of T cell chemotaxis,8,1201,15,14575,0.00021863342436428683
SjD Diagnosis,DESeq2,GO:0002573,BP,myeloid leukocyte differentiation,24,1201,110,14575,0.00022355338910840398
SjD Diagnosis,DESeq2,GO:0050728,BP,negative regulation of inflammatory response,27,1201,132,14575,0.00022400453185862182
SjD Diagnosis,DESeq2,GO:0002286,BP,T cell activation involved in immune response,14,1201,45,14575,0.00024830296939596394
SjD Diagnosis,DESeq2,GO:0045937,BP,positive regulation of phosphate metabolic process,74,1201,537,14575,0.00025930641677854164
SjD Diagnosis,DESeq2,GO:0010562,BP,positive regulation of phosphorus metabolic process,74,1201,537,14575,0.00025930641677854164
SjD Diagnosis,DESeq2,GO:0002221,BP,pattern recognition receptor signaling pathway,22,1201,97,14575,0.0002708925292625827
SjD Diagnosis,DESeq2,GO:0002720,BP,positive regulation of cytokine production involved in immune response,18,1201,70,14575,0.0002735465366538111
SjD Diagnosis,DESeq2,GO:1903169,BP,regulation of calcium ion transmembrane transport,25,1201,119,14575,0.0002904925577131261
SjD Diagnosis,DESeq2,GO:0032652,BP,regulation of interleukin-1 production,21,1201,91,14575,0.00032068943932569044
SjD Diagnosis,DESeq2,GO:0033628,BP,regulation of cell adhesion mediated by integrin,14,1201,46,14575,0.00032507161909796416
SjD Diagnosis,DESeq2,GO:0033209,BP,tumor necrosis factor-mediated signaling pathway,15,1201,52,14575,0.00032974238393590493
SjD Diagnosis,DESeq2,GO:0040013,BP,negative regulation of locomotion,47,1201,294,14575,0.00034943382230048526
SjD Diagnosis,DESeq2,GO:2000668,BP,regulation of dendritic cell apoptotic process,7,1201,12,14575,0.0003730362749606499
SjD Diagnosis,DESeq2,GO:0001934,BP,positive regulation of protein phosphorylation,63,1201,441,14575,0.0003777342829137446
SjD Diagnosis,DESeq2,GO:0038094,BP,Fc-gamma receptor signaling pathway,10,1201,25,14575,0.00038501817177323235
SjD Diagnosis,DESeq2,GO:0060759,BP,regulation of response to cytokine stimulus,29,1201,150,14575,0.00038501817177323235
SjD Diagnosis,DESeq2,GO:0090026,BP,positive regulation of monocyte chemotaxis,8,1201,16,14575,0.00039051224738479064
SjD Diagnosis,DESeq2,GO:0046596,BP,regulation of viral entry into host cell,12,1201,36,14575,0.0004760910067627059
SjD Diagnosis,DESeq2,GO:0051049,BP,regulation of transport,140,1201,1203,14575,0.0004910488561173025
SjD Diagnosis,DESeq2,GO:0046637,BP,regulation of alpha-beta T cell differentiation,16,1201,60,14575,0.0004982417882321385
SjD Diagnosis,DESeq2,GO:0051897,BP,positive regulation of phosphatidylinositol 3-kinase/protein kinase B signal transduction,28,1201,144,14575,0.0005032058210815164
SjD Diagnosis,DESeq2,GO:0043300,BP,regulation of leukocyte degranulation,13,1201,42,14575,0.0005251750857648099
SjD Diagnosis,DESeq2,GO:0002230,BP,positive regulation of defense response to virus by host,9,1201,21,14575,0.0005251750857648099
SjD Diagnosis,DESeq2,GO:0070233,BP,negative regulation of T cell apoptotic process,9,1201,21,14575,0.0005251750857648099
SjD Diagnosis,DESeq2,GO:0090025,BP,regulation of monocyte chemotaxis,9,1201,21,14575,0.0005251750857648099
SjD Diagnosis,DESeq2,GO:0043065,BP,positive regulation of apoptotic process,63,1201,443,14575,0.0005384696333072224
SjD Diagnosis,DESeq2,GO:2000669,BP,negative regulation of dendritic cell apoptotic process,6,1201,9,14575,0.0005396403386889991
SjD Diagnosis,DESeq2,GO:2000508,BP,regulation of dendritic cell chemotaxis,6,1201,9,14575,0.0005396403386889991
SjD Diagnosis,DESeq2,GO:0042590,BP,antigen processing and presentation of exogenous peptide antigen via MHC class I,6,1201,9,14575,0.0005396403386889991
SjD Diagnosis,DESeq2,GO:0002578,BP,negative regulation of antigen processing and presentation,6,1201,9,14575,0.0005396403386889991
SjD Diagnosis,DESeq2,GO:0002885,BP,positive regulation of hypersensitivity,5,1201,6,14575,0.0005412671018417335
SjD Diagnosis,DESeq2,GO:0045066,BP,regulatory T cell differentiation,5,1201,6,14575,0.0005412671018417335
SjD Diagnosis,DESeq2,GO:0019835,BP,cytolysis,5,1201,6,14575,0.0005412671018417335
SjD Diagnosis,DESeq2,GO:1904994,BP,regulation of leukocyte adhesion to vascular endothelial cell,10,1201,26,14575,0.0005551953348632486
SjD Diagnosis,DESeq2,GO:0032642,BP,regulation of chemokine production,18,1201,74,14575,0.0005853805499703962
SjD Diagnosis,DESeq2,GO:0050862,BP,positive regulation of T cell receptor signaling pathway,8,1201,17,14575,0.0006522650207482227
SjD Diagnosis,DESeq2,GO:0043303,BP,mast cell degranulation,8,1201,17,14575,0.0006522650207482227
SjD Diagnosis,DESeq2,GO:0035455,BP,response to interferon-alpha,8,1201,17,14575,0.0006522650207482227
SjD Diagnosis,DESeq2,GO:0032479,BP,regulation of type I interferon production,23,1201,110,14575,0.0006522650207482227
SjD Diagnosis,DESeq2,GO:0046638,BP,positive regulation of alpha-beta T cell differentiation,13,1201,43,14575,0.0006688509111145358
SjD Diagnosis,DESeq2,GO:0046632,BP,alpha-beta T cell differentiation,14,1201,49,14575,0.0006692366831831512
SjD Diagnosis,DESeq2,GO:0035710,BP,"CD4-positive, alpha-beta T cell activation",14,1201,49,14575,0.0006692366831831512
SjD Diagnosis,DESeq2,GO:0050688,BP,regulation of defense response to virus,14,1201,49,14575,0.0006692366831831512
SjD Diagnosis,DESeq2,GO:0001932,BP,regulation of protein phosphorylation,91,1201,717,14575,0.0006752666048807998
SjD Diagnosis,DESeq2,GO:0002827,BP,positive regulation of T-helper 1 type immune response,7,1201,13,14575,0.0006968253465832655
SjD Diagnosis,DESeq2,GO:0070555,BP,response to interleukin-1,20,1201,89,14575,0.0007142382445440502
SjD Diagnosis,DESeq2,GO:0050691,BP,regulation of defense response to virus by host,11,1201,32,14575,0.000718987019391256
SjD Diagnosis,DESeq2,GO:0034113,BP,heterotypic cell-cell adhesion,11,1201,32,14575,0.000718987019391256
SjD Diagnosis,DESeq2,GO:0071347,BP,cellular response to interleukin-1,16,1201,62,14575,0.0007305637417695555
SjD Diagnosis,DESeq2,GO:0001959,BP,regulation of cytokine-mediated signaling pathway,27,1201,140,14575,0.0007552819187692621
SjD Diagnosis,DESeq2,GO:0030154,BP,cell differentiation,172,1201,1550,14575,0.0007752516390741739
SjD Diagnosis,DESeq2,GO:0035458,BP,cellular response to interferon-beta,9,1201,22,14575,0.0007769662751654158
SjD Diagnosis,DESeq2,GO:0032677,BP,regulation of interleukin-8 production,17,1201,69,14575,0.0007919700019050318
SjD Diagnosis,DESeq2,GO:0032722,BP,positive regulation of chemokine production,15,1201,56,14575,0.0007942251467289615
SjD Diagnosis,DESeq2,GO:0050850,BP,positive regulation of calcium-mediated signaling,12,1201,38,14575,0.0008169797422820966
SjD Diagnosis,DESeq2,GO:0019220,BP,regulation of phosphate metabolic process,110,1201,907,14575,0.0008683943446664621
SjD Diagnosis,DESeq2,GO:0051174,BP,regulation of phosphorus metabolic process,110,1201,908,14575,0.0008753073033250232
SjD Diagnosis,DESeq2,GO:0031401,BP,positive regulation of protein modification process,79,1201,605,14575,0.0009799229392880979
SjD Diagnosis,DESeq2,GO:0007259,BP,receptor signaling pathway via JAK-STAT,11,1201,33,14575,0.0009799229392880979
SjD Diagnosis,DESeq2,GO:0052547,BP,regulation of peptidase activity,39,1201,240,14575,0.0010099687035531827
SjD Diagnosis,DESeq2,GO:0032816,BP,positive regulation of natural killer cell activation,8,1201,18,14575,0.0010400956641221889
SjD Diagnosis,DESeq2,GO:2000561,BP,"regulation of CD4-positive, alpha-beta T cell proliferation",8,1201,18,14575,0.0010400956641221889
SjD Diagnosis,DESeq2,GO:0043370,BP,"regulation of CD4-positive, alpha-beta T cell differentiation",13,1201,45,14575,0.001089383112619006
SjD Diagnosis,DESeq2,GO:0002477,BP,antigen processing and presentation of exogenous peptide antigen via MHC class Ib,4,1201,4,14575,0.001089383112619006
SjD Diagnosis,DESeq2,GO:2001199,BP,negative regulation of dendritic cell differentiation,4,1201,4,14575,0.001089383112619006
SjD Diagnosis,DESeq2,GO:0043374,BP,"CD8-positive, alpha-beta T cell differentiation",4,1201,4,14575,0.001089383112619006
SjD Diagnosis,DESeq2,GO:0002291,BP,T cell activation via T cell receptor contact with antigen bound to MHC molecule on antigen presenting cell,4,1201,4,14575,0.001089383112619006
SjD Diagnosis,DESeq2,GO:2000503,BP,positive regulation of natural killer cell chemotaxis,4,1201,4,14575,0.001089383112619006
SjD Diagnosis,DESeq2,GO:0031580,BP,membrane raft distribution,4,1201,4,14575,0.001089383112619006
SjD Diagnosis,DESeq2,GO:0002892,BP,regulation of type II hypersensitivity,4,1201,4,14575,0.001089383112619006
SjD Diagnosis,DESeq2,GO:0001796,BP,regulation of type IIa hypersensitivity,4,1201,4,14575,0.001089383112619006
SjD Diagnosis,DESeq2,GO:0043372,BP,"positive regulation of CD4-positive, alpha-beta T cell differentiation",10,1201,28,14575,0.001089383112619006
SjD Diagnosis,DESeq2,GO:0032647,BP,regulation of interferon-alpha production,10,1201,28,14575,0.001089383112619006
SjD Diagnosis,DESeq2,GO:0002467,BP,germinal center formation,6,1201,10,14575,0.001144955431417085
SjD Diagnosis,DESeq2,GO:2000563,BP,"positive regulation of CD4-positive, alpha-beta T cell proliferation",6,1201,10,14575,0.001144955431417085
SjD Diagnosis,DESeq2,GO:0009074,BP,aromatic amino acid family catabolic process,6,1201,10,14575,0.001144955431417085
SjD Diagnosis,DESeq2,GO:0032661,BP,regulation of interleukin-18 production,6,1201,10,14575,0.001144955431417085
SjD Diagnosis,DESeq2,GO:0032651,BP,regulation of interleukin-1 beta production,18,1201,78,14575,0.001149613856298597
SjD Diagnosis,DESeq2,GO:0010820,BP,positive regulation of T cell chemotaxis,7,1201,14,14575,0.0012157852772690877
SjD Diagnosis,DESeq2,GO:0001913,BP,T cell mediated cytotoxicity,7,1201,14,14575,0.0012157852772690877
SjD Diagnosis,DESeq2,GO:0032733,BP,positive regulation of interleukin-10 production,11,1201,34,14575,0.0012865646315808033
SjD Diagnosis,DESeq2,GO:0046425,BP,regulation of receptor signaling pathway via JAK-STAT,14,1201,52,14575,0.001292090069908009
SjD Diagnosis,DESeq2,GO:0071622,BP,regulation of granulocyte chemotaxis,13,1201,46,14575,0.0013611703621662862
SjD Diagnosis,DESeq2,GO:0051283,BP,negative regulation of sequestering of calcium ion,13,1201,46,14575,0.0013611703621662862
SjD Diagnosis,DESeq2,GO:1901701,BP,cellular response to oxygen-containing compound,86,1201,682,14575,0.0013923059725273771
SjD Diagnosis,DESeq2,GO:0048660,BP,regulation of smooth muscle cell proliferation,23,1201,116,14575,0.00144042593792083
SjD Diagnosis,DESeq2,GO:0042327,BP,positive regulation of phosphorylation,65,1201,479,14575,0.00144042593792083
SjD Diagnosis,DESeq2,GO:0002437,BP,inflammatory response to antigenic stimulus,10,1201,29,14575,0.001498331229224622
SjD Diagnosis,DESeq2,GO:0060627,BP,regulation of vesicle-mediated transport,59,1201,422,14575,0.0015050488351336737
SjD Diagnosis,DESeq2,GO:0002765,BP,immune response-inhibiting signal transduction,5,1201,7,14575,0.001551149797419521
SjD Diagnosis,DESeq2,GO:0006569,BP,tryptophan catabolic process,5,1201,7,14575,0.001551149797419521
SjD Diagnosis,DESeq2,GO:0042436,BP,indole-containing compound catabolic process,5,1201,7,14575,0.001551149797419521
SjD Diagnosis,DESeq2,GO:0030854,BP,positive regulation of granulocyte differentiation,5,1201,7,14575,0.001551149797419521
SjD Diagnosis,DESeq2,GO:0048007,BP,"antigen processing and presentation, exogenous lipid antigen via MHC class Ib",5,1201,7,14575,0.001551149797419521
SjD Diagnosis,DESeq2,GO:0002725,BP,negative regulation of T cell cytokine production,5,1201,7,14575,0.001551149797419521
SjD Diagnosis,DESeq2,GO:0048003,BP,antigen processing and presentation of lipid antigen via MHC class Ib,5,1201,7,14575,0.001551149797419521
SjD Diagnosis,DESeq2,GO:0033081,BP,regulation of T cell differentiation in thymus,8,1201,19,14575,0.001551149797419521
SjD Diagnosis,DESeq2,GO:2001185,BP,"regulation of CD8-positive, alpha-beta T cell activation",8,1201,19,14575,0.001551149797419521
SjD Diagnosis,DESeq2,GO:0001773,BP,myeloid dendritic cell activation,8,1201,19,14575,0.001551149797419521
SjD Diagnosis,DESeq2,GO:1901222,BP,regulation of non-canonical NF-kappaB signal transduction,18,1201,80,14575,0.0015706623661884895
SjD Diagnosis,DESeq2,GO:0019731,BP,antibacterial humoral response,9,1201,24,14575,0.0015982426044370676
SjD Diagnosis,DESeq2,GO:0038095,BP,Fc-epsilon receptor signaling pathway,9,1201,24,14575,0.0015982426044370676
SjD Diagnosis,DESeq2,GO:0071356,BP,cellular response to tumor necrosis factor,21,1201,102,14575,0.0016226972682683396
SjD Diagnosis,DESeq2,GO:0042325,BP,regulation of phosphorylation,96,1201,781,14575,0.0016291283263820846
SjD Diagnosis,DESeq2,GO:0097696,BP,receptor signaling pathway via STAT,11,1201,35,14575,0.0016614376555570806
SjD Diagnosis,DESeq2,GO:0048869,BP,cellular developmental process,210,1201,1984,14575,0.0016712835640307563
SjD Diagnosis,DESeq2,GO:1905521,BP,regulation of macrophage migration,12,1201,41,14575,0.0017162918398175829
SjD Diagnosis,DESeq2,GO:0051279,BP,regulation of release of sequestered calcium ion into cytosol,15,1201,60,14575,0.0017199788282770236
SjD Diagnosis,DESeq2,GO:0051896,BP,regulation of phosphatidylinositol 3-kinase/protein kinase B signal transduction,34,1201,202,14575,0.001733085421133891
SjD Diagnosis,DESeq2,GO:0001782,BP,B cell homeostasis,10,1201,30,14575,0.001983941265201792
SjD Diagnosis,DESeq2,GO:0045123,BP,cellular extravasation,7,1201,15,14575,0.001983941265201792
SjD Diagnosis,DESeq2,GO:0048871,BP,multicellular organismal-level homeostasis,52,1201,364,14575,0.0020732572827120844
SjD Diagnosis,DESeq2,GO:0140888,BP,interferon-mediated signaling pathway,11,1201,36,14575,0.002151213926318695
SjD Diagnosis,DESeq2,GO:0033077,BP,T cell differentiation in thymus,11,1201,36,14575,0.002151213926318695
SjD Diagnosis,DESeq2,GO:0033632,BP,regulation of cell-cell adhesion mediated by integrin,6,1201,11,14575,0.002151213926318695
SjD Diagnosis,DESeq2,GO:0150078,BP,positive regulation of neuroinflammatory response,6,1201,11,14575,0.002151213926318695
SjD Diagnosis,DESeq2,GO:0002887,BP,negative regulation of myeloid leukocyte mediated immunity,6,1201,11,14575,0.002151213926318695
SjD Diagnosis,DESeq2,GO:0035723,BP,interleukin-15-mediated signaling pathway,6,1201,11,14575,0.002151213926318695
SjD Diagnosis,DESeq2,GO:0008015,BP,blood circulation,9,1201,25,14575,0.002224627469239561
SjD Diagnosis,DESeq2,GO:0002675,BP,positive regulation of acute inflammatory response,8,1201,20,14575,0.0022905326623447247
SjD Diagnosis,DESeq2,GO:0043087,BP,regulation of GTPase activity,39,1201,251,14575,0.002315355996677386
SjD Diagnosis,DESeq2,GO:1901342,BP,regulation of vasculature development,39,1201,251,14575,0.002315355996677386
SjD Diagnosis,DESeq2,GO:0045920,BP,negative regulation of exocytosis,10,1201,31,14575,0.002643869462093656
SjD Diagnosis,DESeq2,GO:0052372,BP,modulation by symbiont of entry into host,12,1201,43,14575,0.0027327300118790004
SjD Diagnosis,DESeq2,GO:0043030,BP,regulation of macrophage activation,12,1201,43,14575,0.0027327300118790004
SjD Diagnosis,DESeq2,GO:0014070,BP,response to organic cyclic compound,71,1201,550,14575,0.0028811018734337763
SjD Diagnosis,DESeq2,GO:0034612,BP,response to tumor necrosis factor,24,1201,129,14575,0.0029453736290778244
SjD Diagnosis,DESeq2,GO:0048534,BP,hematopoietic or lymphoid organ development,17,1201,77,14575,0.0029816258021468514
SjD Diagnosis,DESeq2,GO:0002828,BP,regulation of type 2 immune response,9,1201,26,14575,0.0030897227451167656
SjD Diagnosis,DESeq2,GO:0052548,BP,regulation of endopeptidase activity,35,1201,218,14575,0.003133630653854582
SjD Diagnosis,DESeq2,GO:0098586,BP,cellular response to virus,13,1201,50,14575,0.003142763942242069
SjD Diagnosis,DESeq2,GO:0030168,BP,platelet activation,13,1201,50,14575,0.003142763942242069
SjD Diagnosis,DESeq2,GO:1904996,BP,positive regulation of leukocyte adhesion to vascular endothelial cell,8,1201,21,14575,0.003343174232825583
SjD Diagnosis,DESeq2,GO:0032732,BP,positive regulation of interleukin-1 production,14,1201,57,14575,0.0034117793266638303
SjD Diagnosis,DESeq2,GO:0097553,BP,calcium ion transmembrane import into cytosol,15,1201,64,14575,0.003524253594280533
SjD Diagnosis,DESeq2,GO:0002666,BP,positive regulation of T cell tolerance induction,5,1201,8,14575,0.003524253594280533
SjD Diagnosis,DESeq2,GO:0035279,BP,miRNA-mediated gene silencing by mRNA destabilization,5,1201,8,14575,0.003524253594280533
SjD Diagnosis,DESeq2,GO:2000109,BP,regulation of macrophage apoptotic process,5,1201,8,14575,0.003524253594280533
SjD Diagnosis,DESeq2,GO:2000510,BP,positive regulation of dendritic cell chemotaxis,5,1201,8,14575,0.003524253594280533
SjD Diagnosis,DESeq2,GO:2001204,BP,regulation of osteoclast development,5,1201,8,14575,0.003524253594280533
SjD Diagnosis,DESeq2,GO:2001187,BP,"positive regulation of CD8-positive, alpha-beta T cell activation",5,1201,8,14575,0.003524253594280533
SjD Diagnosis,DESeq2,GO:0002866,BP,positive regulation of acute inflammatory response to antigenic stimulus,5,1201,8,14575,0.003524253594280533
SjD Diagnosis,DESeq2,GO:0043122,BP,regulation of canonical NF-kappaB signal transduction,39,1201,254,14575,0.0037868151557076866
SjD Diagnosis,DESeq2,GO:0032879,BP,regulation of localization,167,1201,1550,14575,0.004116959060265161
SjD Diagnosis,DESeq2,GO:0045859,BP,regulation of protein kinase activity,53,1201,382,14575,0.004208725026836435
SjD Diagnosis,DESeq2,GO:0051209,BP,release of sequestered calcium ion into cytosol,12,1201,45,14575,0.004228011616570543
SjD Diagnosis,DESeq2,GO:0010721,BP,negative regulation of cell development,32,1201,198,14575,0.004342717235157119
SjD Diagnosis,DESeq2,GO:0032831,BP,"positive regulation of CD4-positive, CD25-positive, alpha-beta regulatory T cell differentiation",4,1201,5,14575,0.004342717235157119
SjD Diagnosis,DESeq2,GO:0032829,BP,"regulation of CD4-positive, CD25-positive, alpha-beta regulatory T cell differentiation",4,1201,5,14575,0.004342717235157119
SjD Diagnosis,DESeq2,GO:0140639,BP,positive regulation of pyroptosis,4,1201,5,14575,0.004342717235157119
SjD Diagnosis,DESeq2,GO:2000646,BP,positive regulation of receptor catabolic process,4,1201,5,14575,0.004342717235157119
SjD Diagnosis,DESeq2,GO:0002767,BP,immune response-inhibiting cell surface receptor signaling pathway,4,1201,5,14575,0.004342717235157119
SjD Diagnosis,DESeq2,GO:0051665,BP,membrane raft localization,4,1201,5,14575,0.004342717235157119
SjD Diagnosis,DESeq2,GO:0032687,BP,negative regulation of interferon-alpha production,4,1201,5,14575,0.004342717235157119
SjD Diagnosis,DESeq2,GO:0010922,BP,positive regulation of phosphatase activity,8,1201,22,14575,0.004657235881549463
SjD Diagnosis,DESeq2,GO:0002313,BP,mature B cell differentiation involved in immune response,8,1201,22,14575,0.004657235881549463
SjD Diagnosis,DESeq2,GO:1903901,BP,negative regulation of viral life cycle,8,1201,22,14575,0.004657235881549463
SjD Diagnosis,DESeq2,GO:0090023,BP,positive regulation of neutrophil chemotaxis,8,1201,22,14575,0.004657235881549463
SjD Diagnosis,DESeq2,GO:0061756,BP,leukocyte adhesion to vascular endothelial cell,8,1201,22,14575,0.004657235881549463
SjD Diagnosis,DESeq2,GO:0002726,BP,positive regulation of T cell cytokine production,8,1201,22,14575,0.004657235881549463
SjD Diagnosis,DESeq2,GO:0032695,BP,negative regulation of interleukin-12 production,7,1201,17,14575,0.004704634465712206
SjD Diagnosis,DESeq2,GO:0002281,BP,macrophage activation involved in immune response,7,1201,17,14575,0.004704634465712206
SjD Diagnosis,DESeq2,GO:0006909,BP,phagocytosis,16,1201,73,14575,0.004776259997295069
SjD Diagnosis,DESeq2,GO:0060760,BP,positive regulation of response to cytokine stimulus,14,1201,59,14575,0.004794723528619643
SjD Diagnosis,DESeq2,GO:0018212,BP,peptidyl-tyrosine modification,14,1201,59,14575,0.004794723528619643
SjD Diagnosis,DESeq2,GO:0045055,BP,regulated exocytosis,18,1201,88,14575,0.005013299962849165
SjD Diagnosis,DESeq2,GO:0007264,BP,small GTPase-mediated signal transduction,36,1201,235,14575,0.005435775909653271
SjD Diagnosis,DESeq2,GO:0044092,BP,negative regulation of molecular function,71,1201,561,14575,0.005689911395531591
SjD Diagnosis,DESeq2,GO:0006897,BP,endocytosis,52,1201,381,14575,0.005839787762607066
SjD Diagnosis,DESeq2,GO:1905153,BP,regulation of membrane invagination,6,1201,13,14575,0.006209573757065439
SjD Diagnosis,DESeq2,GO:0046007,BP,negative regulation of activated T cell proliferation,6,1201,13,14575,0.006209573757065439
SjD Diagnosis,DESeq2,GO:0060099,BP,"regulation of phagocytosis, engulfment",6,1201,13,14575,0.006209573757065439
SjD Diagnosis,DESeq2,GO:0030852,BP,regulation of granulocyte differentiation,6,1201,13,14575,0.006209573757065439
SjD Diagnosis,DESeq2,GO:0002921,BP,negative regulation of humoral immune response,6,1201,13,14575,0.006209573757065439
SjD Diagnosis,DESeq2,GO:0050832,BP,defense response to fungus,8,1201,23,14575,0.006412703778264804
SjD Diagnosis,DESeq2,GO:0071624,BP,positive regulation of granulocyte chemotaxis,8,1201,23,14575,0.006412703778264804
SjD Diagnosis,DESeq2,GO:0043549,BP,regulation of kinase activity,57,1201,430,14575,0.00648608110592929
SjD Diagnosis,DESeq2,GO:0002762,BP,negative regulation of myeloid leukocyte differentiation,11,1201,41,14575,0.0068376678598128715
SjD Diagnosis,DESeq2,GO:0006568,BP,tryptophan metabolic process,5,1201,9,14575,0.0068376678598128715
SjD Diagnosis,DESeq2,GO:0002544,BP,chronic inflammatory response,5,1201,9,14575,0.0068376678598128715
SjD Diagnosis,DESeq2,GO:0001768,BP,establishment of T cell polarity,5,1201,9,14575,0.0068376678598128715
SjD Diagnosis,DESeq2,GO:0035739,BP,"CD4-positive, alpha-beta T cell proliferation",5,1201,9,14575,0.0068376678598128715
SjD Diagnosis,DESeq2,GO:0032817,BP,regulation of natural killer cell proliferation,5,1201,9,14575,0.0068376678598128715
SjD Diagnosis,DESeq2,GO:0006586,BP,indolalkylamine metabolic process,5,1201,9,14575,0.0068376678598128715
SjD Diagnosis,DESeq2,GO:0031666,BP,positive regulation of lipopolysaccharide-mediated signaling pathway,5,1201,9,14575,0.0068376678598128715
SjD Diagnosis,DESeq2,GO:0046597,BP,negative regulation of viral entry into host cell,7,1201,18,14575,0.0068376678598128715
SjD Diagnosis,DESeq2,GO:0043069,BP,negative regulation of programmed cell death,87,1201,725,14575,0.007351713761541343
SjD Diagnosis,DESeq2,GO:0008219,BP,cell death,84,1201,697,14575,0.007454902558085184
SjD Diagnosis,DESeq2,GO:0043903,BP,regulation of biological process involved in symbiotic interaction,12,1201,48,14575,0.007535738095622906
SjD Diagnosis,DESeq2,GO:0042116,BP,macrophage activation,13,1201,55,14575,0.007894207303702236
SjD Diagnosis,DESeq2,GO:0043547,BP,positive regulation of GTPase activity,30,1201,188,14575,0.008015173097812934
SjD Diagnosis,DESeq2,GO:0002244,BP,hematopoietic progenitor cell differentiation,17,1201,84,14575,0.008015173097812934
SjD Diagnosis,DESeq2,GO:0140374,BP,antiviral innate immune response,11,1201,42,14575,0.008419303778654106
SjD Diagnosis,DESeq2,GO:0048661,BP,positive regulation of smooth muscle cell proliferation,15,1201,70,14575,0.009054733560175676
SjD Diagnosis,DESeq2,GO:0002691,BP,regulation of cellular extravasation,10,1201,36,14575,0.009108103075079725
SjD Diagnosis,DESeq2,GO:0032731,BP,positive regulation of interleukin-1 beta production,12,1201,49,14575,0.009132343026065725
SjD Diagnosis,DESeq2,GO:0051928,BP,positive regulation of calcium ion transport,17,1201,85,14575,0.009178803246814315
SjD Diagnosis,DESeq2,GO:0012501,BP,programmed cell death,83,1201,693,14575,0.00930720099395371
SjD Diagnosis,DESeq2,GO:1903236,BP,regulation of leukocyte tethering or rolling,6,1201,14,14575,0.009676763437021825
SjD Diagnosis,DESeq2,GO:0042430,BP,indole-containing compound metabolic process,6,1201,14,14575,0.009676763437021825
SjD Diagnosis,DESeq2,GO:0045655,BP,regulation of monocyte differentiation,6,1201,14,14575,0.009676763437021825
SjD Diagnosis,DESeq2,GO:0045651,BP,positive regulation of macrophage differentiation,6,1201,14,14575,0.009676763437021825
SjD Diagnosis,DESeq2,GO:0009072,BP,aromatic amino acid metabolic process,7,1201,19,14575,0.00974781853101193
SjD Diagnosis,DESeq2,GO:0050901,BP,leukocyte tethering or rolling,7,1201,19,14575,0.00974781853101193
SjD Diagnosis,DESeq2,GO:0002902,BP,regulation of B cell apoptotic process,7,1201,19,14575,0.00974781853101193
SjD Diagnosis,DESeq2,GO:0001798,BP,positive regulation of type IIa hypersensitivity,3,1201,3,14575,0.010155378286089293
SjD Diagnosis,DESeq2,GO:0001766,BP,membrane raft polarization,3,1201,3,14575,0.010155378286089293
SjD Diagnosis,DESeq2,GO:2001206,BP,positive regulation of osteoclast development,3,1201,3,14575,0.010155378286089293
SjD Diagnosis,DESeq2,GO:2000566,BP,"positive regulation of CD8-positive, alpha-beta T cell proliferation",3,1201,3,14575,0.010155378286089293
SjD Diagnosis,DESeq2,GO:0002519,BP,natural killer cell tolerance induction,3,1201,3,14575,0.010155378286089293
SjD Diagnosis,DESeq2,GO:2000523,BP,regulation of T cell costimulation,3,1201,3,14575,0.010155378286089293
SjD Diagnosis,DESeq2,GO:0002468,BP,dendritic cell antigen processing and presentation,3,1201,3,14575,0.010155378286089293
SjD Diagnosis,DESeq2,GO:0002894,BP,positive regulation of type II hypersensitivity,3,1201,3,14575,0.010155378286089293
SjD Diagnosis,DESeq2,GO:0002316,BP,follicular B cell differentiation,3,1201,3,14575,0.010155378286089293
SjD Diagnosis,DESeq2,GO:2000547,BP,regulation of dendritic cell dendrite assembly,3,1201,3,14575,0.010155378286089293
SjD Diagnosis,DESeq2,GO:0030885,BP,regulation of myeloid dendritic cell activation,3,1201,3,14575,0.010155378286089293
SjD Diagnosis,DESeq2,GO:0002874,BP,regulation of chronic inflammatory response to antigenic stimulus,3,1201,3,14575,0.010155378286089293
SjD Diagnosis,DESeq2,GO:0045765,BP,regulation of angiogenesis,36,1201,244,14575,0.010501881373967936
SjD Diagnosis,DESeq2,GO:0018108,BP,peptidyl-tyrosine phosphorylation,13,1201,57,14575,0.010837068099885478
SjD Diagnosis,DESeq2,GO:2001188,BP,regulation of T cell activation via T cell receptor contact with antigen bound to MHC molecule on antigen presenting cell,4,1201,6,14575,0.010837068099885478
SjD Diagnosis,DESeq2,GO:0002925,BP,positive regulation of humoral immune response mediated by circulating immunoglobulin,4,1201,6,14575,0.010837068099885478
SjD Diagnosis,DESeq2,GO:0032741,BP,positive regulation of interleukin-18 production,4,1201,6,14575,0.010837068099885478
SjD Diagnosis,DESeq2,GO:0033634,BP,positive regulation of cell-cell adhesion mediated by integrin,4,1201,6,14575,0.010837068099885478
SjD Diagnosis,DESeq2,GO:0002322,BP,B cell proliferation involved in immune response,4,1201,6,14575,0.010837068099885478
SjD Diagnosis,DESeq2,GO:0051384,BP,response to glucocorticoid,19,1201,100,14575,0.01156782708262773
SjD Diagnosis,DESeq2,GO:1904037,BP,positive regulation of epithelial cell apoptotic process,9,1201,31,14575,0.011650993592439202
SjD Diagnosis,DESeq2,GO:2000181,BP,negative regulation of blood vessel morphogenesis,17,1201,87,14575,0.011652792019756338
SjD Diagnosis,DESeq2,GO:0002430,BP,complement receptor mediated signaling pathway,5,1201,10,14575,0.011888566001138755
SjD Diagnosis,DESeq2,GO:0001767,BP,establishment of lymphocyte polarity,5,1201,10,14575,0.011888566001138755
SjD Diagnosis,DESeq2,GO:0061043,BP,regulation of vascular wound healing,5,1201,10,14575,0.011888566001138755
SjD Diagnosis,DESeq2,GO:0002645,BP,positive regulation of tolerance induction,5,1201,10,14575,0.011888566001138755
SjD Diagnosis,DESeq2,GO:0032372,BP,negative regulation of sterol transport,5,1201,10,14575,0.011888566001138755
SjD Diagnosis,DESeq2,GO:0033004,BP,negative regulation of mast cell activation,5,1201,10,14575,0.011888566001138755
SjD Diagnosis,DESeq2,GO:0032375,BP,negative regulation of cholesterol transport,5,1201,10,14575,0.011888566001138755
SjD Diagnosis,DESeq2,GO:0048662,BP,negative regulation of smooth muscle cell proliferation,11,1201,44,14575,0.012207885109956098
SjD Diagnosis,DESeq2,GO:0007229,BP,integrin-mediated signaling pathway,16,1201,80,14575,0.012592933206976473
SjD Diagnosis,DESeq2,GO:0043066,BP,negative regulation of apoptotic process,83,1201,702,14575,0.012592933206976473
SjD Diagnosis,DESeq2,GO:1901224,BP,positive regulation of non-canonical NF-kappaB signal transduction,13,1201,58,14575,0.012690454594202498
SjD Diagnosis,DESeq2,GO:0010604,BP,positive regulation of macromolecule metabolic process,267,1201,2699,14575,0.012946255649300081
SjD Diagnosis,DESeq2,GO:1901343,BP,negative regulation of vasculature development,17,1201,88,14575,0.013124645940160507
SjD Diagnosis,DESeq2,GO:0045649,BP,regulation of macrophage differentiation,7,1201,20,14575,0.013283566574822644
SjD Diagnosis,DESeq2,GO:0051050,BP,positive regulation of transport,78,1201,651,14575,0.013301489743429588
SjD Diagnosis,DESeq2,GO:0010469,BP,regulation of signaling receptor activity,15,1201,73,14575,0.013491864320873247
SjD Diagnosis,DESeq2,GO:0002526,BP,acute inflammatory response,10,1201,38,14575,0.013591545390276452
SjD Diagnosis,DESeq2,GO:0043123,BP,positive regulation of canonical NF-kappaB signal transduction,30,1201,192,14575,0.013652538363472076
SjD Diagnosis,DESeq2,GO:0043011,BP,myeloid dendritic cell differentiation,6,1201,15,14575,0.014056767460732308
SjD Diagnosis,DESeq2,GO:0002830,BP,positive regulation of type 2 immune response,6,1201,15,14575,0.014056767460732308
SjD Diagnosis,DESeq2,GO:0045579,BP,positive regulation of B cell differentiation,6,1201,15,14575,0.014056767460732308
SjD Diagnosis,DESeq2,GO:0033003,BP,regulation of mast cell activation,6,1201,15,14575,0.014056767460732308
SjD Diagnosis,DESeq2,GO:0051716,BP,cellular response to stimulus,220,1201,2175,14575,0.014358596640631485
SjD Diagnosis,DESeq2,GO:0031663,BP,lipopolysaccharide-mediated signaling pathway,9,1201,32,14575,0.01452630868601226
SjD Diagnosis,DESeq2,GO:0010758,BP,regulation of macrophage chemotaxis,8,1201,26,14575,0.014623678599649506
SjD Diagnosis,DESeq2,GO:0030279,BP,negative regulation of ossification,8,1201,26,14575,0.014623678599649506
SjD Diagnosis,DESeq2,GO:2000116,BP,regulation of cysteine-type endopeptidase activity,26,1201,162,14575,0.01474050450339898
SjD Diagnosis,DESeq2,GO:0032757,BP,positive regulation of interleukin-8 production,12,1201,52,14575,0.01491320054743348
SjD Diagnosis,DESeq2,GO:0001961,BP,positive regulation of cytokine-mediated signaling pathway,12,1201,52,14575,0.01491320054743348
SjD Diagnosis,DESeq2,GO:0007267,BP,cell-cell signaling,48,1201,362,14575,0.016123148379580423
SjD Diagnosis,DESeq2,GO:0001960,BP,negative regulation of cytokine-mediated signaling pathway,14,1201,67,14575,0.01639894553142868
SjD Diagnosis,DESeq2,GO:0045638,BP,negative regulation of myeloid cell differentiation,14,1201,67,14575,0.01639894553142868
SjD Diagnosis,DESeq2,GO:0034765,BP,regulation of monoatomic ion transmembrane transport,34,1201,231,14575,0.01657555225170611
SjD Diagnosis,DESeq2,GO:0006816,BP,calcium ion transport,27,1201,170,14575,0.017296323454565346
SjD Diagnosis,DESeq2,GO:0023052,BP,signaling,49,1201,370,14575,0.017581202983951633
SjD Diagnosis,DESeq2,GO:0002753,BP,cytoplasmic pattern recognition receptor signaling pathway,12,1201,53,14575,0.01762191287256376
SjD Diagnosis,DESeq2,GO:0002220,BP,innate immune response activating cell surface receptor signaling pathway,12,1201,53,14575,0.01762191287256376
SjD Diagnosis,DESeq2,GO:0060142,BP,regulation of syncytium formation by plasma membrane fusion,7,1201,21,14575,0.017858550669205244
SjD Diagnosis,DESeq2,GO:0002347,BP,response to tumor cell,7,1201,21,14575,0.017858550669205244
SjD Diagnosis,DESeq2,GO:0045622,BP,regulation of T-helper cell differentiation,9,1201,33,14575,0.018112952828539336
SjD Diagnosis,DESeq2,GO:0051247,BP,positive regulation of protein metabolic process,112,1201,1010,14575,0.01817934767006728
SjD Diagnosis,DESeq2,GO:0060337,BP,type I interferon-mediated signaling pathway,8,1201,27,14575,0.01883910537768324
SjD Diagnosis,DESeq2,GO:0045671,BP,negative regulation of osteoclast differentiation,8,1201,27,14575,0.01883910537768324
SjD Diagnosis,DESeq2,GO:0150079,BP,negative regulation of neuroinflammatory response,5,1201,11,14575,0.019172926138273413
SjD Diagnosis,DESeq2,GO:0002638,BP,negative regulation of immunoglobulin production,5,1201,11,14575,0.019172926138273413
SjD Diagnosis,DESeq2,GO:0002713,BP,negative regulation of B cell mediated immunity,5,1201,11,14575,0.019172926138273413
SjD Diagnosis,DESeq2,GO:0002890,BP,negative regulation of immunoglobulin mediated immune response,5,1201,11,14575,0.019172926138273413
SjD Diagnosis,DESeq2,GO:0032645,BP,regulation of granulocyte macrophage colony-stimulating factor production,5,1201,11,14575,0.019172926138273413
SjD Diagnosis,DESeq2,GO:0046643,BP,regulation of gamma-delta T cell activation,5,1201,11,14575,0.019172926138273413
SjD Diagnosis,DESeq2,GO:1904645,BP,response to amyloid-beta,10,1201,40,14575,0.019992627380568503
SjD Diagnosis,DESeq2,GO:1901739,BP,regulation of myoblast fusion,6,1201,16,14575,0.02012265700830802
SjD Diagnosis,DESeq2,GO:1904062,BP,regulation of monoatomic cation transmembrane transport,31,1201,207,14575,0.020720252986604223
SjD Diagnosis,DESeq2,GO:0035306,BP,positive regulation of dephosphorylation,11,1201,47,14575,0.020720252986604223
SjD Diagnosis,DESeq2,GO:1903305,BP,regulation of regulated secretory pathway,18,1201,99,14575,0.021564939207811988
SjD Diagnosis,DESeq2,GO:0002606,BP,positive regulation of dendritic cell antigen processing and presentation,4,1201,7,14575,0.021564939207811988
SjD Diagnosis,DESeq2,GO:2000556,BP,positive regulation of T-helper 1 cell cytokine production,4,1201,7,14575,0.021564939207811988
SjD Diagnosis,DESeq2,GO:0051133,BP,regulation of NK T cell activation,4,1201,7,14575,0.021564939207811988
SjD Diagnosis,DESeq2,GO:0002924,BP,negative regulation of humoral immune response mediated by circulating immunoglobulin,4,1201,7,14575,0.021564939207811988
SjD Diagnosis,DESeq2,GO:0002911,BP,regulation of lymphocyte anergy,4,1201,7,14575,0.021564939207811988
SjD Diagnosis,DESeq2,GO:0042492,BP,gamma-delta T cell differentiation,4,1201,7,14575,0.021564939207811988
SjD Diagnosis,DESeq2,GO:0050966,BP,detection of mechanical stimulus involved in sensory perception of pain,4,1201,7,14575,0.021564939207811988
SjD Diagnosis,DESeq2,GO:2000554,BP,regulation of T-helper 1 cell cytokine production,4,1201,7,14575,0.021564939207811988
SjD Diagnosis,DESeq2,GO:0032819,BP,positive regulation of natural killer cell proliferation,4,1201,7,14575,0.021564939207811988
SjD Diagnosis,DESeq2,GO:0002667,BP,regulation of T cell anergy,4,1201,7,14575,0.021564939207811988
SjD Diagnosis,DESeq2,GO:2000564,BP,"regulation of CD8-positive, alpha-beta T cell proliferation",4,1201,7,14575,0.021564939207811988
SjD Diagnosis,DESeq2,GO:0038110,BP,interleukin-2-mediated signaling pathway,4,1201,7,14575,0.021564939207811988
SjD Diagnosis,DESeq2,GO:0045860,BP,positive regulation of protein kinase activity,31,1201,209,14575,0.021949259609487546
SjD Diagnosis,DESeq2,GO:0010935,BP,regulation of macrophage cytokine production,9,1201,34,14575,0.022069673213786157
SjD Diagnosis,DESeq2,GO:0061900,BP,glial cell activation,9,1201,34,14575,0.022069673213786157
SjD Diagnosis,DESeq2,GO:0035590,BP,purinergic nucleotide receptor signaling pathway,7,1201,22,14575,0.02340059131061019
SjD Diagnosis,DESeq2,GO:0033630,BP,positive regulation of cell adhesion mediated by integrin,7,1201,22,14575,0.02340059131061019
SjD Diagnosis,DESeq2,GO:0042119,BP,neutrophil activation,7,1201,22,14575,0.02340059131061019
SjD Diagnosis,DESeq2,GO:1904894,BP,positive regulation of receptor signaling pathway via STAT,8,1201,28,14575,0.023598003589578503
SjD Diagnosis,DESeq2,GO:1902624,BP,positive regulation of neutrophil migration,8,1201,28,14575,0.023598003589578503
SjD Diagnosis,DESeq2,GO:0010543,BP,regulation of platelet activation,10,1201,41,14575,0.02379331133518915
SjD Diagnosis,DESeq2,GO:1903018,BP,regulation of glycoprotein metabolic process,10,1201,41,14575,0.02379331133518915
SjD Diagnosis,DESeq2,GO:0060761,BP,negative regulation of response to cytokine stimulus,14,1201,70,14575,0.024308930648763494
SjD Diagnosis,DESeq2,GO:1903975,BP,regulation of glial cell migration,6,1201,17,14575,0.027900951969139106
SjD Diagnosis,DESeq2,GO:0002730,BP,regulation of dendritic cell cytokine production,6,1201,17,14575,0.027900951969139106
SjD Diagnosis,DESeq2,GO:2000353,BP,positive regulation of endothelial cell apoptotic process,6,1201,17,14575,0.027900951969139106
SjD Diagnosis,DESeq2,GO:0051093,BP,negative regulation of developmental process,80,1201,690,14575,0.028019798592448956
SjD Diagnosis,DESeq2,GO:1905155,BP,positive regulation of membrane invagination,5,1201,12,14575,0.029205036195820936
SjD Diagnosis,DESeq2,GO:0001771,BP,immunological synapse formation,5,1201,12,14575,0.029205036195820936
SjD Diagnosis,DESeq2,GO:0030502,BP,negative regulation of bone mineralization,5,1201,12,14575,0.029205036195820936
SjD Diagnosis,DESeq2,GO:0060100,BP,"positive regulation of phagocytosis, engulfment",5,1201,12,14575,0.029205036195820936
SjD Diagnosis,DESeq2,GO:0002275,BP,myeloid cell activation involved in immune response,5,1201,12,14575,0.029205036195820936
SjD Diagnosis,DESeq2,GO:0009620,BP,response to fungus,8,1201,29,14575,0.02968900587514867
SjD Diagnosis,DESeq2,GO:0036230,BP,granulocyte activation,7,1201,23,14575,0.0305130021491117
SjD Diagnosis,DESeq2,GO:0031664,BP,regulation of lipopolysaccharide-mediated signaling pathway,7,1201,23,14575,0.0305130021491117
SjD Diagnosis,DESeq2,GO:0031960,BP,response to corticosteroid,20,1201,118,14575,0.030743868159901946
SjD Diagnosis,DESeq2,GO:0016525,BP,negative regulation of angiogenesis,16,1201,85,14575,0.03262999071760721
SjD Diagnosis,DESeq2,GO:0001937,BP,negative regulation of endothelial cell proliferation,9,1201,36,14575,0.03262999071760721
SjD Diagnosis,DESeq2,GO:0034762,BP,regulation of transmembrane transport,43,1201,326,14575,0.03262999071760721
SjD Diagnosis,DESeq2,GO:0019441,BP,tryptophan catabolic process to kynurenine,3,1201,4,14575,0.03262999071760721
SjD Diagnosis,DESeq2,GO:0002774,BP,Fc receptor mediated inhibitory signaling pathway,3,1201,4,14575,0.03262999071760721
SjD Diagnosis,DESeq2,GO:0051142,BP,positive regulation of NK T cell proliferation,3,1201,4,14575,0.03262999071760721
SjD Diagnosis,DESeq2,GO:0045590,BP,negative regulation of regulatory T cell differentiation,3,1201,4,14575,0.03262999071760721
SjD Diagnosis,DESeq2,GO:0042270,BP,protection from natural killer cell mediated cytotoxicity,3,1201,4,14575,0.03262999071760721
SjD Diagnosis,DESeq2,GO:0071830,BP,triglyceride-rich lipoprotein particle clearance,3,1201,4,14575,0.03262999071760721
SjD Diagnosis,DESeq2,GO:0046874,BP,quinolinate metabolic process,3,1201,4,14575,0.03262999071760721
SjD Diagnosis,DESeq2,GO:0002605,BP,negative regulation of dendritic cell antigen processing and presentation,3,1201,4,14575,0.03262999071760721
SjD Diagnosis,DESeq2,GO:0010533,BP,regulation of activation of Janus kinase activity,3,1201,4,14575,0.03262999071760721
SjD Diagnosis,DESeq2,GO:0061044,BP,negative regulation of vascular wound healing,3,1201,4,14575,0.03262999071760721
SjD Diagnosis,DESeq2,GO:0035696,BP,monocyte extravasation,3,1201,4,14575,0.03262999071760721
SjD Diagnosis,DESeq2,GO:0034124,BP,regulation of MyD88-dependent toll-like receptor signaling pathway,3,1201,4,14575,0.03262999071760721
SjD Diagnosis,DESeq2,GO:0002678,BP,positive regulation of chronic inflammatory response,3,1201,4,14575,0.03262999071760721
SjD Diagnosis,DESeq2,GO:0032714,BP,negative regulation of interleukin-5 production,3,1201,4,14575,0.03262999071760721
SjD Diagnosis,DESeq2,GO:1904151,BP,positive regulation of microglial cell mediated cytotoxicity,3,1201,4,14575,0.03262999071760721
SjD Diagnosis,DESeq2,GO:0006915,BP,apoptotic process,76,1201,657,14575,0.03490641391456594
SjD Diagnosis,DESeq2,GO:0007265,BP,Ras protein signal transduction,14,1201,73,14575,0.03517777885011555
SjD Diagnosis,DESeq2,GO:0031399,BP,regulation of protein modification process,109,1201,1001,14575,0.03612332586569547
SjD Diagnosis,DESeq2,GO:0006911,BP,"phagocytosis, engulfment",8,1201,30,14575,0.036223963489614
SjD Diagnosis,DESeq2,GO:0030195,BP,negative regulation of blood coagulation,8,1201,30,14575,0.036223963489614
SjD Diagnosis,DESeq2,GO:0090022,BP,regulation of neutrophil chemotaxis,8,1201,30,14575,0.036223963489614
SjD Diagnosis,DESeq2,GO:0010743,BP,regulation of macrophage derived foam cell differentiation,8,1201,30,14575,0.036223963489614
SjD Diagnosis,DESeq2,GO:1990840,BP,response to lectin,6,1201,18,14575,0.03703676257729552
SjD Diagnosis,DESeq2,GO:0002223,BP,stimulatory C-type lectin receptor signaling pathway,6,1201,18,14575,0.03703676257729552
SjD Diagnosis,DESeq2,GO:1990858,BP,cellular response to lectin,6,1201,18,14575,0.03703676257729552
SjD Diagnosis,DESeq2,GO:0010759,BP,positive regulation of macrophage chemotaxis,6,1201,18,14575,0.03703676257729552
SjD Diagnosis,DESeq2,GO:0032825,BP,positive regulation of natural killer cell differentiation,4,1201,8,14575,0.037430963612320296
SjD Diagnosis,DESeq2,GO:0045657,BP,positive regulation of monocyte differentiation,4,1201,8,14575,0.037430963612320296
SjD Diagnosis,DESeq2,GO:0002524,BP,hypersensitivity,4,1201,8,14575,0.037430963612320296
SjD Diagnosis,DESeq2,GO:0097527,BP,necroptotic signaling pathway,4,1201,8,14575,0.037430963612320296
SjD Diagnosis,DESeq2,GO:2000108,BP,positive regulation of leukocyte apoptotic process,7,1201,24,14575,0.03820749868133191
SjD Diagnosis,DESeq2,GO:0070231,BP,T cell apoptotic process,7,1201,24,14575,0.03820749868133191
SjD Diagnosis,DESeq2,GO:2000316,BP,regulation of T-helper 17 type immune response,7,1201,24,14575,0.03820749868133191
SjD Diagnosis,DESeq2,GO:0010559,BP,regulation of glycoprotein biosynthetic process,9,1201,37,14575,0.03876538388634806
SjD Diagnosis,DESeq2,GO:0048260,BP,positive regulation of receptor-mediated endocytosis,10,1201,44,14575,0.03914433489821639
SjD Diagnosis,DESeq2,GO:2000402,BP,negative regulation of lymphocyte migration,5,1201,13,14575,0.041733802347981526
SjD Diagnosis,DESeq2,GO:1903978,BP,regulation of microglial cell activation,5,1201,13,14575,0.041733802347981526
SjD Diagnosis,DESeq2,GO:0032481,BP,positive regulation of type I interferon production,13,1201,67,14575,0.04344325285399369
SjD Diagnosis,DESeq2,GO:1900047,BP,negative regulation of hemostasis,8,1201,31,14575,0.044207969985912504
SjD Diagnosis,DESeq2,GO:0051100,BP,negative regulation of binding,16,1201,90,14575,0.04529915805082988
SjD Diagnosis,DESeq2,GO:0032728,BP,positive regulation of interferon-beta production,9,1201,38,14575,0.046504692072211105
SjD Diagnosis,DESeq2,GO:0046427,BP,positive regulation of receptor signaling pathway via JAK-STAT,7,1201,25,14575,0.04846737981659197
SjD Diagnosis,DESeq2,GO:0031529,BP,ruffle organization,7,1201,25,14575,0.04846737981659197
SjD Diagnosis,DESeq2,GO:1905523,BP,positive regulation of macrophage migration,7,1201,25,14575,0.04846737981659197
SjD Diagnosis,DESeq2,GO:0071676,BP,negative regulation of mononuclear cell migration,6,1201,19,14575,0.04892848301870003
SjD Diagnosis,DESeq2,GO:0042554,BP,superoxide anion generation,6,1201,19,14575,0.04892848301870003
SjD Diagnosis,DESeq2,GO:0045672,BP,positive regulation of osteoclast differentiation,6,1201,19,14575,0.04892848301870003
SjD Diagnosis,DESeq2,GO:0051338,BP,regulation of transferase activity,62,1201,521,14575,0.049768265162137504
SjD Diagnosis,DESeq2,GO:0010952,BP,positive regulation of peptidase activity,22,1201,142,14575,0.049829251904776696
SjD Diagnosis,DESeq2,GO:0022603,BP,regulation of anatomical structure morphogenesis,78,1201,683,14575,0.04983646475589907
SjD Diagnosis,DESeq2,GO:0034641,BP,cellular nitrogen compound metabolic process,96,1201,2577,14575,3.1770120100294132e-21
SjD Diagnosis,DESeq2,GO:0090304,BP,nucleic acid metabolic process,49,1201,1758,14575,3.97270890937755e-21
SjD Diagnosis,DESeq2,GO:0016070,BP,RNA metabolic process,25,1201,1237,14575,8.098624015173955e-20
SjD Diagnosis,DESeq2,GO:0008152,BP,metabolic process,344,1201,6034,14575,2.0948552569026461e-19
SjD Diagnosis,DESeq2,GO:0044238,BP,primary metabolic process,289,1201,5291,14575,4.551809150089908e-19
SjD Diagnosis,DESeq2,GO:0006139,BP,nucleobase-containing compound metabolic process,79,1201,2205,14575,5.506667234566412e-19
SjD Diagnosis,DESeq2,GO:0006725,BP,cellular aromatic compound metabolic process,88,1201,2351,14575,7.937720170811372e-19
SjD Diagnosis,DESeq2,GO:0071704,BP,organic substance metabolic process,313,1201,5597,14575,9.05023610862578e-19
SjD Diagnosis,DESeq2,GO:0006396,BP,RNA processing,7,1201,752,14575,5.6955562650568865e-18
SjD Diagnosis,DESeq2,GO:0046483,BP,heterocycle metabolic process,90,1201,2344,14575,7.066216264354924e-18
SjD Diagnosis,DESeq2,GO:0006807,BP,nitrogen compound metabolic process,266,1201,4907,14575,1.1100966969638863e-17
SjD Diagnosis,DESeq2,GO:1901360,BP,organic cyclic compound metabolic process,103,1201,2531,14575,2.14397592109552e-17
SjD Diagnosis,DESeq2,GO:0044237,BP,cellular metabolic process,251,1201,4578,14575,3.0225306279262e-15
SjD Diagnosis,DESeq2,GO:0043170,BP,macromolecule metabolic process,228,1201,4230,14575,1.2733582124262967e-14
SjD Diagnosis,DESeq2,GO:0016071,BP,mRNA metabolic process,4,1201,511,14575,1.3394898746271658e-12
SjD Diagnosis,DESeq2,GO:0006397,BP,mRNA processing,1,1201,371,14575,3.51362397210917e-11
SjD Diagnosis,DESeq2,GO:0034660,BP,ncRNA metabolic process,5,1201,452,14575,8.307292106538989e-10
SjD Diagnosis,DESeq2,GO:0046907,BP,intracellular transport,34,1201,1029,14575,2.449359291679915e-09
SjD Diagnosis,DESeq2,GO:0008380,BP,RNA splicing,1,1201,315,14575,3.4871268850465606e-09
SjD Diagnosis,DESeq2,GO:0006996,BP,organelle organization,96,1201,2000,14575,9.25176855661651e-09
SjD Diagnosis,DESeq2,GO:0071840,BP,cellular component organization or biogenesis,262,1201,4303,14575,1.9375582500953433e-08
SjD Diagnosis,DESeq2,GO:0051641,BP,cellular localization,93,1201,1912,14575,5.183434522565635e-08
SjD Diagnosis,DESeq2,GO:0016043,BP,cellular component organization,260,1201,4206,14575,1.9562701260089793e-07
SjD Diagnosis,DESeq2,GO:0034470,BP,ncRNA processing,5,1201,366,14575,4.771607816402678e-07
SjD Diagnosis,DESeq2,GO:0044271,BP,cellular nitrogen compound biosynthetic process,44,1201,1082,14575,8.291041740809965e-07
SjD Diagnosis,DESeq2,GO:0019219,BP,regulation of nucleobase-containing compound metabolic process,187,1201,3156,14575,1.5148207196005887e-06
SjD Diagnosis,DESeq2,GO:1901576,BP,organic substance biosynthetic process,97,1201,1874,14575,2.313481300484254e-06
SjD Diagnosis,DESeq2,GO:0000375,BP,"RNA splicing, via transesterification reactions",0,1201,199,14575,2.5116889555229385e-06
SjD Diagnosis,DESeq2,GO:0000398,BP,"mRNA splicing, via spliceosome",0,1201,193,14575,3.5039111826562326e-06
SjD Diagnosis,DESeq2,GO:0000377,BP,"RNA splicing, via transesterification reactions with bulged adenosine as nucleophile",0,1201,193,14575,3.5039111826562326e-06
SjD Diagnosis,DESeq2,GO:0043412,BP,macromolecule modification,99,1201,1883,14575,4.878138257619051e-06
SjD Diagnosis,DESeq2,GO:0008104,BP,protein localization,79,1201,1582,14575,5.5529573941329395e-06
SjD Diagnosis,DESeq2,GO:0070727,BP,cellular macromolecule localization,79,1201,1586,14575,5.5772295647331475e-06
SjD Diagnosis,DESeq2,GO:0009058,BP,biosynthetic process,102,1201,1918,14575,6.115032303846466e-06
SjD Diagnosis,DESeq2,GO:0033036,BP,macromolecule localization,80,1201,1599,14575,6.115913448594469e-06
SjD Diagnosis,DESeq2,GO:0022618,BP,protein-RNA complex assembly,0,1201,182,14575,7.55453785785453e-06
SjD Diagnosis,DESeq2,GO:0051252,BP,regulation of RNA metabolic process,174,1201,2914,14575,9.932307963075818e-06
SjD Diagnosis,DESeq2,GO:0051649,BP,establishment of localization in cell,61,1201,1294,14575,1.1093812740987815e-05
SjD Diagnosis,DESeq2,GO:0044249,BP,cellular biosynthetic process,92,1201,1757,14575,1.119649734356767e-05
SjD Diagnosis,DESeq2,GO:0006355,BP,regulation of DNA-templated transcription,158,1201,2669,14575,2.3537185007339477e-05
SjD Diagnosis,DESeq2,GO:2001141,BP,regulation of RNA biosynthetic process,160,1201,2683,14575,3.583388986924886e-05
SjD Diagnosis,DESeq2,GO:0009059,BP,macromolecule biosynthetic process,42,1201,967,14575,3.593788954943835e-05
SjD Diagnosis,DESeq2,GO:0006357,BP,regulation of transcription by RNA polymerase II,112,1201,1999,14575,5.414875414105546e-05
SjD Diagnosis,DESeq2,GO:0006886,BP,intracellular protein transport,15,1201,498,14575,5.727759756135771e-05
SjD Diagnosis,DESeq2,GO:0071826,BP,protein-RNA complex organization,1,1201,192,14575,6.186394660334797e-05
SjD Diagnosis,DESeq2,GO:0071705,BP,nitrogen compound transport,62,1201,1253,14575,0.00010357458229437108
SjD Diagnosis,DESeq2,GO:0006511,BP,ubiquitin-dependent protein catabolic process,12,1201,425,14575,0.00016791599175161769
SjD Diagnosis,DESeq2,GO:0071824,BP,protein-DNA complex organization,25,1201,650,14575,0.0002065619014317729
SjD Diagnosis,DESeq2,GO:0070647,BP,protein modification by small protein conjugation or removal,25,1201,651,14575,0.00020783744265921215
SjD Diagnosis,DESeq2,GO:1901362,BP,organic cyclic compound biosynthetic process,37,1201,846,14575,0.00021729054396938337
SjD Diagnosis,DESeq2,GO:0006281,BP,DNA repair,12,1201,419,14575,0.00021808343280923208
SjD Diagnosis,DESeq2,GO:0006399,BP,tRNA metabolic process,1,1201,172,14575,0.000258528619270553
SjD Diagnosis,DESeq2,GO:0010498,BP,proteasomal protein catabolic process,9,1201,350,14575,0.00033200394478461186
SjD Diagnosis,DESeq2,GO:0043632,BP,modification-dependent macromolecule catabolic process,14,1201,443,14575,0.0003864094289590279
SjD Diagnosis,DESeq2,GO:0019438,BP,aromatic compound biosynthetic process,32,1201,750,14575,0.0004135808640998433
SjD Diagnosis,DESeq2,GO:0036211,BP,protein modification process,95,1201,1689,14575,0.00046628977505344665
SjD Diagnosis,DESeq2,GO:0043484,BP,regulation of RNA splicing,1,1201,162,14575,0.0005359133708754067
SjD Diagnosis,DESeq2,GO:1901564,BP,organonitrogen compound metabolic process,225,1201,3448,14575,0.0005363355037661622
SjD Diagnosis,DESeq2,GO:0015031,BP,protein transport,45,1201,945,14575,0.0005760523884679373
SjD Diagnosis,DESeq2,GO:0034654,BP,nucleobase-containing compound biosynthetic process,29,1201,691,14575,0.0006522650207482227
SjD Diagnosis,DESeq2,GO:0032774,BP,RNA biosynthetic process,12,1201,396,14575,0.0006549549393219247
SjD Diagnosis,DESeq2,GO:0019941,BP,modification-dependent protein catabolic process,14,1201,435,14575,0.0006668498090870768
SjD Diagnosis,DESeq2,GO:0018130,BP,heterocycle biosynthetic process,34,1201,756,14575,0.001043926175809771
SjD Diagnosis,DESeq2,GO:0016072,BP,rRNA metabolic process,4,1201,226,14575,0.001089383112619006
SjD Diagnosis,DESeq2,GO:0007017,BP,microtubule-based process,23,1201,575,14575,0.001218076763688154
SjD Diagnosis,DESeq2,GO:0006325,BP,chromatin organization,24,1201,590,14575,0.0014595801258212692
SjD Diagnosis,DESeq2,GO:0007275,BP,multicellular organism development,6,1201,267,14575,0.0015140333031581094
SjD Diagnosis,DESeq2,GO:0006412,BP,translation,4,1201,224,14575,0.0015248831277998088
SjD Diagnosis,DESeq2,GO:0043161,BP,proteasome-mediated ubiquitin-dependent protein catabolic process,6,1201,268,14575,0.001538226190133792
SjD Diagnosis,DESeq2,GO:0070925,BP,organelle assembly,21,1201,535,14575,0.0017242547891535179
SjD Diagnosis,DESeq2,GO:0032446,BP,protein modification by small protein conjugation,24,1201,583,14575,0.0017866508759797
SjD Diagnosis,DESeq2,GO:0045184,BP,establishment of protein localization,58,1201,1106,14575,0.001837110205310914
SjD Diagnosis,DESeq2,GO:0043604,BP,amide biosynthetic process,10,1201,340,14575,0.0018548210752277984
SjD Diagnosis,DESeq2,GO:0048731,BP,system development,23,1201,568,14575,0.001958764119981397
SjD Diagnosis,DESeq2,GO:0071702,BP,organic substance transport,86,1201,1508,14575,0.0019861287920953123
SjD Diagnosis,DESeq2,GO:0006913,BP,nucleocytoplasmic transport,4,1201,217,14575,0.0020143417072457643
SjD Diagnosis,DESeq2,GO:0010970,BP,transport along microtubule,1,1201,145,14575,0.002151213926318695
SjD Diagnosis,DESeq2,GO:0050684,BP,regulation of mRNA processing,0,1201,114,14575,0.0021572494972620848
SjD Diagnosis,DESeq2,GO:0030705,BP,cytoskeleton-dependent intracellular transport,2,1201,168,14575,0.0022962867714183535
SjD Diagnosis,DESeq2,GO:0009057,BP,macromolecule catabolic process,37,1201,781,14575,0.0027327300118790004
SjD Diagnosis,DESeq2,GO:0044782,BP,cilium organization,4,1201,211,14575,0.002764706381035177
SjD Diagnosis,DESeq2,GO:0009790,BP,embryo development,4,1201,214,14575,0.0028170813606938102
SjD Diagnosis,DESeq2,GO:0043009,BP,chordate embryonic development,3,1201,188,14575,0.0031032740440716917
SjD Diagnosis,DESeq2,GO:0099111,BP,microtubule-based transport,2,1201,166,14575,0.0033484092668389
SjD Diagnosis,DESeq2,GO:0043687,BP,post-translational protein modification,32,1201,697,14575,0.003524253594280533
SjD Diagnosis,DESeq2,GO:0001701,BP,in utero embryonic development,3,1201,185,14575,0.004342717235157119
SjD Diagnosis,DESeq2,GO:0030163,BP,protein catabolic process,17,1201,445,14575,0.004404569306019233
SjD Diagnosis,DESeq2,GO:0006974,BP,DNA damage response,29,1201,644,14575,0.00461677404220752
SjD Diagnosis,DESeq2,GO:0043043,BP,peptide biosynthetic process,6,1201,244,14575,0.0047435592224859165
SjD Diagnosis,DESeq2,GO:0045934,BP,negative regulation of nucleobase-containing compound metabolic process,65,1201,1177,14575,0.005041445294553375
SjD Diagnosis,DESeq2,GO:0006364,BP,rRNA processing,4,1201,201,14575,0.00510575963932024
SjD Diagnosis,DESeq2,GO:0032886,BP,regulation of microtubule-based process,4,1201,204,14575,0.005188225120448335
SjD Diagnosis,DESeq2,GO:0009792,BP,embryo development ending in birth or egg hatching,4,1201,204,14575,0.005188225120448335
SjD Diagnosis,DESeq2,GO:0016567,BP,protein ubiquitination,21,1201,509,14575,0.005512830105647303
SjD Diagnosis,DESeq2,GO:0016197,BP,endosomal transport,5,1201,224,14575,0.006063167268621272
SjD Diagnosis,DESeq2,GO:0019538,BP,protein metabolic process,167,1201,2573,14575,0.006209573757065439
SjD Diagnosis,DESeq2,GO:0006259,BP,DNA metabolic process,29,1201,628,14575,0.0068376678598128715
SjD Diagnosis,DESeq2,GO:0051169,BP,nuclear transport,5,1201,218,14575,0.008015173097812934
SjD Diagnosis,DESeq2,GO:0006338,BP,chromatin remodeling,19,1201,469,14575,0.00802355967265501
SjD Diagnosis,DESeq2,GO:0006351,BP,DNA-templated transcription,11,1201,326,14575,0.009151982520422106
SjD Diagnosis,DESeq2,GO:0060271,BP,cilium assembly,4,1201,192,14575,0.009520495724633104
SjD Diagnosis,DESeq2,GO:0033365,BP,protein localization to organelle,25,1201,557,14575,0.009693293510010186
SjD Diagnosis,DESeq2,GO:0033554,BP,cellular response to stress,74,1201,1281,14575,0.009859664943192485
SjD Diagnosis,DESeq2,GO:0008033,BP,tRNA processing,1,1201,123,14575,0.01262682503959843
SjD Diagnosis,DESeq2,GO:0048511,BP,rhythmic process,5,1201,207,14575,0.014056767460732308
SjD Diagnosis,DESeq2,GO:0048024,BP,"regulation of mRNA splicing, via spliceosome",0,1201,92,14575,0.014056767460732308
SjD Diagnosis,DESeq2,GO:0080135,BP,regulation of cellular response to stress,19,1201,449,14575,0.01522986845854532
SjD Diagnosis,DESeq2,GO:0051603,BP,proteolysis involved in protein catabolic process,24,1201,532,14575,0.015999791739605158
SjD Diagnosis,DESeq2,GO:0006282,BP,regulation of DNA repair,4,1201,185,14575,0.01762191287256376
SjD Diagnosis,DESeq2,GO:0002181,BP,cytoplasmic translation,0,1201,86,14575,0.019544797784922355
SjD Diagnosis,DESeq2,GO:0033043,BP,regulation of organelle organization,56,1201,994,14575,0.024374212928610247
SjD Diagnosis,DESeq2,GO:0080090,BP,regulation of primary metabolic process,315,1201,4405,14575,0.026414694029637524
SjD Diagnosis,DESeq2,GO:0040029,BP,epigenetic regulation of gene expression,3,1201,154,14575,0.027723335541136974
SjD Diagnosis,DESeq2,GO:0009451,BP,RNA modification,3,1201,157,14575,0.029023234681936145
SjD Diagnosis,DESeq2,GO:0051253,BP,negative regulation of RNA metabolic process,63,1201,1087,14575,0.0305130021491117
SjD Diagnosis,DESeq2,GO:0044085,BP,cellular component biogenesis,2,1201,132,14575,0.03262999071760721
SjD Diagnosis,DESeq2,GO:0072594,BP,establishment of protein localization to organelle,10,1201,283,14575,0.03262999071760721
SjD Diagnosis,DESeq2,GO:0007399,BP,nervous system development,10,1201,285,14575,0.03282908939950307
SjD Diagnosis,DESeq2,GO:0000226,BP,microtubule cytoskeleton organization,14,1201,350,14575,0.03344073148254052
SjD Diagnosis,DESeq2,GO:0009056,BP,catabolic process,94,1201,1513,14575,0.03359400377206244
SjD Diagnosis,DESeq2,GO:1901566,BP,organonitrogen compound biosynthetic process,42,1201,777,14575,0.03780671675482997
SjD Diagnosis,DESeq2,GO:0031123,BP,RNA 3'-end processing,0,1201,75,14575,0.03914433489821639
SjD Diagnosis,DESeq2,GO:0070828,BP,heterochromatin organization,0,1201,74,14575,0.03914433489821639
SjD Diagnosis,DESeq2,GO:0051171,BP,regulation of nitrogen compound metabolic process,309,1201,4303,14575,0.039972284929475584
SjD Diagnosis,DESeq2,GO:0006518,BP,peptide metabolic process,14,1201,347,14575,0.04265895275571103
SjD Diagnosis,DESeq2,GO:0016050,BP,vesicle organization,9,1201,259,14575,0.042755645595254556
SjD Diagnosis,DESeq2,GO:0003006,BP,developmental process involved in reproduction,28,1201,565,14575,0.04372043848982576
SjD Diagnosis,DESeq2,GO:0048856,BP,anatomical structure development,160,1201,2376,14575,0.04906467020565619
SjD Diagnosis,DESeq2,GO:0009897,CC,external side of plasma membrane,125,1201,302,14575,6.054984566081954e-54
SjD Diagnosis,DESeq2,GO:0098552,CC,side of membrane,162,1201,511,14575,3.893676130119869e-52
SjD Diagnosis,DESeq2,GO:0005886,CC,plasma membrane,460,1201,3319,14575,5.267316350472788e-34
SjD Diagnosis,DESeq2,GO:0005576,CC,extracellular region,190,1201,1151,14575,2.688570545623885e-19
SjD Diagnosis,DESeq2,GO:0005615,CC,extracellular space,166,1201,975,14575,4.827591164085282e-18
SjD Diagnosis,DESeq2,GO:0042611,CC,MHC protein complex,19,1201,20,14575,7.650720193541518e-18
SjD Diagnosis,DESeq2,GO:0019814,CC,immunoglobulin complex,19,1201,21,14575,6.739665998093522e-17
SjD Diagnosis,DESeq2,GO:0042613,CC,MHC class II protein complex,13,1201,13,14575,1.1853018904750699e-12
SjD Diagnosis,DESeq2,GO:0009986,CC,cell surface,87,1201,451,14575,5.305047418002894e-12
SjD Diagnosis,DESeq2,GO:0001772,CC,immunological synapse,21,1201,43,14575,3.263294115437149e-10
SjD Diagnosis,DESeq2,GO:0031332,CC,RNAi effector complex,22,1201,48,14575,4.148989390050316e-10
SjD Diagnosis,DESeq2,GO:0016442,CC,RISC complex,22,1201,48,14575,4.148989390050316e-10
SjD Diagnosis,DESeq2,GO:0098553,CC,lumenal side of endoplasmic reticulum membrane,15,1201,23,14575,1.0294406595556716e-09
SjD Diagnosis,DESeq2,GO:0042101,CC,T cell receptor complex,13,1201,17,14575,1.0294406595556716e-09
SjD Diagnosis,DESeq2,GO:0098797,CC,plasma membrane protein complex,74,1201,409,14575,7.190474733816574e-09
SjD Diagnosis,DESeq2,GO:0016020,CC,membrane,638,1201,6451,14575,9.866785677154987e-09
SjD Diagnosis,DESeq2,GO:0098576,CC,lumenal side of membrane,16,1201,31,14575,2.5074473877066064e-08
SjD Diagnosis,DESeq2,GO:0030667,CC,secretory granule membrane,52,1201,252,14575,2.874207182013991e-08
SjD Diagnosis,DESeq2,GO:0043235,CC,receptor complex,55,1201,285,14575,1.4713290365245777e-07
SjD Diagnosis,DESeq2,GO:0030666,CC,endocytic vesicle membrane,37,1201,165,14575,8.821751847979624e-07
SjD Diagnosis,DESeq2,GO:0030659,CC,cytoplasmic vesicle membrane,127,1201,958,14575,2.943324225521969e-06
SjD Diagnosis,DESeq2,GO:0012506,CC,vesicle membrane,128,1201,970,14575,3.405436570386303e-06
SjD Diagnosis,DESeq2,GO:0042612,CC,MHC class I protein complex,7,1201,8,14575,9.791959698255293e-06
SjD Diagnosis,DESeq2,GO:0098802,CC,plasma membrane signaling receptor complex,30,1201,131,14575,1.0362624524815182e-05
SjD Diagnosis,DESeq2,GO:0042105,CC,alpha-beta T cell receptor complex,5,1201,5,14575,0.00017195204316027243
SjD Diagnosis,DESeq2,GO:0012507,CC,ER to Golgi transport vesicle membrane,15,1201,48,14575,0.000181298205112233
SjD Diagnosis,DESeq2,GO:0030669,CC,clathrin-coated endocytic vesicle membrane,16,1201,54,14575,0.00018565314920600343
SjD Diagnosis,DESeq2,GO:0001891,CC,phagocytic cup,10,1201,23,14575,0.0002385161332984035
SjD Diagnosis,DESeq2,GO:0045121,CC,membrane raft,41,1201,238,14575,0.0002669768279959027
SjD Diagnosis,DESeq2,GO:0098857,CC,membrane microdomain,41,1201,240,14575,0.00029257254802347914
SjD Diagnosis,DESeq2,GO:0042571,CC,"immunoglobulin complex, circulating",5,1201,6,14575,0.0007726792229451818
SjD Diagnosis,DESeq2,GO:0030670,CC,phagocytic vesicle membrane,18,1201,75,14575,0.000982904100108057
SjD Diagnosis,DESeq2,GO:0098852,CC,lytic vacuole membrane,55,1201,382,14575,0.0014173988674199174
SjD Diagnosis,DESeq2,GO:0005765,CC,lysosomal membrane,55,1201,382,14575,0.0014173988674199174
SjD Diagnosis,DESeq2,GO:0071735,CC,IgG immunoglobulin complex,4,1201,4,14575,0.0015056067369655355
SjD Diagnosis,DESeq2,GO:0070821,CC,tertiary granule membrane,15,1201,59,14575,0.0020218467319128804
SjD Diagnosis,DESeq2,GO:0072562,CC,blood microparticle,17,1201,74,14575,0.002601404237235192
SjD Diagnosis,DESeq2,GO:0044194,CC,cytolytic granule,6,1201,11,14575,0.0030477594647279065
SjD Diagnosis,DESeq2,GO:0030662,CC,coated vesicle membrane,24,1201,128,14575,0.003786958888224474
SjD Diagnosis,DESeq2,GO:0042824,CC,MHC class I peptide loading complex,5,1201,8,14575,0.004989720959166441
SjD Diagnosis,DESeq2,GO:0005774,CC,vacuolar membrane,56,1201,412,14575,0.005106487021449128
SjD Diagnosis,DESeq2,GO:1990777,CC,lipoprotein particle,8,1201,23,14575,0.008716322800773182
SjD Diagnosis,DESeq2,GO:0034358,CC,plasma lipoprotein particle,8,1201,23,14575,0.008716322800773182
SjD Diagnosis,DESeq2,GO:0060205,CC,cytoplasmic vesicle lumen,40,1201,274,14575,0.008955589026842965
SjD Diagnosis,DESeq2,GO:0031983,CC,vesicle lumen,40,1201,275,14575,0.009150510735019862
SjD Diagnosis,DESeq2,GO:0062023,CC,collagen-containing extracellular matrix,45,1201,317,14575,0.009590573646630157
SjD Diagnosis,DESeq2,GO:0042106,CC,gamma-delta T cell receptor complex,3,1201,3,14575,0.012565495005687374
SjD Diagnosis,DESeq2,GO:0062167,CC,complement component C1q complex,3,1201,3,14575,0.012565495005687374
SjD Diagnosis,DESeq2,GO:0005602,CC,complement component C1 complex,3,1201,3,14575,0.012565495005687374
SjD Diagnosis,DESeq2,GO:0071753,CC,IgM immunoglobulin complex,3,1201,3,14575,0.012565495005687374
SjD Diagnosis,DESeq2,GO:0030665,CC,clathrin-coated vesicle membrane,17,1201,86,14575,0.012565495005687374
SjD Diagnosis,DESeq2,GO:0101003,CC,ficolin-1-rich granule membrane,12,1201,50,14575,0.013028812273354827
SjD Diagnosis,DESeq2,GO:0031265,CC,CD95 death-inducing signaling complex,4,1201,6,14575,0.013068372955003143
SjD Diagnosis,DESeq2,GO:0035577,CC,azurophil granule membrane,12,1201,51,14575,0.015416710607742416
SjD Diagnosis,DESeq2,GO:0098588,CC,bounding membrane of organelle,180,1201,1736,14575,0.01640568893930741
SjD Diagnosis,DESeq2,GO:0043020,CC,NADPH oxidase complex,6,1201,15,14575,0.01640568893930741
SjD Diagnosis,DESeq2,GO:0032994,CC,protein-lipid complex,8,1201,26,14575,0.01696617272564414
SjD Diagnosis,DESeq2,GO:0035579,CC,specific granule membrane,15,1201,75,14575,0.02009999607423659
SjD Diagnosis,DESeq2,GO:0000323,CC,lytic vacuole,38,1201,269,14575,0.02009999607423659
SjD Diagnosis,DESeq2,GO:0005764,CC,lysosome,38,1201,269,14575,0.02009999607423659
SjD Diagnosis,DESeq2,GO:0034774,CC,secretory granule lumen,38,1201,271,14575,0.021362785492522997
SjD Diagnosis,DESeq2,GO:0034364,CC,high-density lipoprotein particle,6,1201,16,14575,0.022253379253139225
SjD Diagnosis,DESeq2,GO:0031093,CC,platelet alpha granule lumen,12,1201,54,14575,0.02235835916732219
SjD Diagnosis,DESeq2,GO:0030312,CC,external encapsulating structure,51,1201,396,14575,0.02546173376032026
SjD Diagnosis,DESeq2,GO:0031012,CC,extracellular matrix,51,1201,396,14575,0.02546173376032026
SjD Diagnosis,DESeq2,GO:0019815,CC,B cell receptor complex,3,1201,4,14575,0.03348755281366951
SjD Diagnosis,DESeq2,GO:0097169,CC,AIM2 inflammasome complex,3,1201,4,14575,0.03348755281366951
SjD Diagnosis,DESeq2,GO:1990111,CC,spermatoproteasome complex,3,1201,4,14575,0.03348755281366951
SjD Diagnosis,DESeq2,GO:0097179,CC,protease inhibitor complex,4,1201,8,14575,0.03851045452526476
SjD Diagnosis,DESeq2,GO:0005773,CC,vacuole,43,1201,331,14575,0.04715864089753948
SjD Diagnosis,DESeq2,GO:0043229,CC,intracellular organelle,499,1201,8357,14575,1.1083340172079816e-27
SjD Diagnosis,DESeq2,GO:0043231,CC,intracellular membrane-bounded organelle,457,1201,7496,14575,1.1718905770708773e-19
SjD Diagnosis,DESeq2,GO:0043226,CC,organelle,598,1201,9156,14575,2.688570545623885e-19
SjD Diagnosis,DESeq2,GO:0005634,CC,nucleus,230,1201,4443,14575,4.827591164085282e-18
SjD Diagnosis,DESeq2,GO:0043227,CC,membrane-bounded organelle,568,1201,8415,14575,4.7294935674396786e-12
SjD Diagnosis,DESeq2,GO:0140513,CC,nuclear protein-containing complex,36,1201,1110,14575,4.148989390050316e-10
SjD Diagnosis,DESeq2,GO:0043232,CC,intracellular non-membrane-bounded organelle,116,1201,2382,14575,4.369678509182866e-10
SjD Diagnosis,DESeq2,GO:0043228,CC,non-membrane-bounded organelle,116,1201,2382,14575,4.369678509182866e-10
SjD Diagnosis,DESeq2,GO:0140535,CC,intracellular protein-containing complex,19,1201,779,14575,5.928331348521511e-10
SjD Diagnosis,DESeq2,GO:0005654,CC,nucleoplasm,185,1201,3362,14575,7.788231502075136e-10
SjD Diagnosis,DESeq2,GO:1902494,CC,catalytic complex,60,1201,1456,14575,7.0646636318499205e-09
SjD Diagnosis,DESeq2,GO:0005681,CC,spliceosomal complex,0,1201,188,14575,7.873464812359906e-06
SjD Diagnosis,DESeq2,GO:1990234,CC,transferase complex,26,1201,742,14575,7.953307096466509e-06
SjD Diagnosis,DESeq2,GO:0005739,CC,mitochondrion,54,1201,1173,14575,2.7016520313499585e-05
SjD Diagnosis,DESeq2,GO:0019866,CC,organelle inner membrane,12,1201,433,14575,0.0001469757938287856
SjD Diagnosis,DESeq2,GO:0016604,CC,nuclear body,29,1201,730,14575,0.00015436960871759137
SjD Diagnosis,DESeq2,GO:0005730,CC,nucleolus,32,1201,777,14575,0.00018919189224773182
SjD Diagnosis,DESeq2,GO:0005694,CC,chromosome,3,1201,233,14575,0.00023807932424880625
SjD Diagnosis,DESeq2,GO:0005840,CC,ribosome,0,1201,143,14575,0.0003370875630212807
SjD Diagnosis,DESeq2,GO:0005743,CC,mitochondrial inner membrane,11,1201,391,14575,0.0005297586425632621
SjD Diagnosis,DESeq2,GO:0031966,CC,mitochondrial membrane,25,1201,621,14575,0.0009694361878514905
SjD Diagnosis,DESeq2,GO:0005929,CC,cilium,4,1201,232,14575,0.0011194515429206308
SjD Diagnosis,DESeq2,GO:0000151,CC,ubiquitin ligase complex,7,1201,285,14575,0.002292902633410864
SjD Diagnosis,DESeq2,GO:1904949,CC,ATPase complex,0,1201,108,14575,0.004380065701759894
SjD Diagnosis,DESeq2,GO:0044391,CC,ribosomal subunit,3,1201,184,14575,0.005985562586164806
SjD Diagnosis,DESeq2,GO:0045202,CC,synapse,33,1201,703,14575,0.006713039616318793
SjD Diagnosis,DESeq2,GO:0005815,CC,microtubule organizing center,29,1201,636,14575,0.007805329989164385
SjD Diagnosis,DESeq2,GO:0036064,CC,ciliary basal body,1,1201,131,14575,0.008562945175295635
SjD Diagnosis,DESeq2,GO:0016607,CC,nuclear speck,13,1201,371,14575,0.00910540276874116
SjD Diagnosis,DESeq2,GO:0005789,CC,endoplasmic reticulum membrane,48,1201,917,14575,0.009590573646630157
SjD Diagnosis,DESeq2,GO:0120025,CC,plasma membrane bounded cell projection,62,1201,1119,14575,0.01058923445637921
SjD Diagnosis,DESeq2,GO:0032991,CC,protein-containing complex,347,1201,4869,14575,0.011913398933313295
SjD Diagnosis,DESeq2,GO:0099568,CC,cytoplasmic region,0,1201,96,14575,0.012361897270552851
SjD Diagnosis,DESeq2,GO:0008021,CC,synaptic vesicle,0,1201,91,14575,0.016374816903528815
SjD Diagnosis,DESeq2,GO:0005684,CC,U2-type spliceosomal complex,0,1201,91,14575,0.016374816903528815
SjD Diagnosis,DESeq2,GO:0022626,CC,cytosolic ribosome,0,1201,92,14575,0.01640568893930741
SjD Diagnosis,DESeq2,GO:0099572,CC,postsynaptic specialization,4,1201,181,14575,0.019840749282427555
SjD Diagnosis,DESeq2,GO:0070603,CC,SWI/SNF superfamily-type complex,0,1201,84,14575,0.021397167215276736
SjD Diagnosis,DESeq2,GO:0071013,CC,catalytic step 2 spliceosome,0,1201,85,14575,0.021397167215276736
SjD Diagnosis,DESeq2,GO:0031461,CC,cullin-RING ubiquitin ligase complex,3,1201,160,14575,0.02235835916732219
SjD Diagnosis,DESeq2,GO:0120114,CC,Sm-like protein family complex,0,1201,88,14575,0.02244606147925591
SjD Diagnosis,DESeq2,GO:0005759,CC,mitochondrial matrix,13,1201,342,14575,0.024149640413484313
SjD Diagnosis,DESeq2,GO:0014069,CC,postsynaptic density,4,1201,179,14575,0.024979517248303176
SjD Diagnosis,DESeq2,GO:0042995,CC,cell projection,71,1201,1208,14575,0.02546173376032026
SjD Diagnosis,DESeq2,GO:0015934,CC,large ribosomal subunit,1,1201,113,14575,0.02546173376032026
SjD Diagnosis,DESeq2,GO:0043005,CC,neuron projection,34,1201,671,14575,0.02546173376032026
SjD Diagnosis,DESeq2,GO:1990904,CC,ribonucleoprotein complex,35,1201,686,14575,0.028048758000726325
SjD Diagnosis,DESeq2,GO:0005814,CC,centriole,2,1201,131,14575,0.033342291521885406
SjD Diagnosis,DESeq2,GO:0005813,CC,centrosome,27,1201,555,14575,0.03348755281366951
SjD Diagnosis,DESeq2,GO:1902495,CC,transmembrane transporter complex,8,1201,249,14575,0.03569318883198356
SjD Diagnosis,DESeq2,GO:0032838,CC,plasma membrane bounded cell projection cytoplasm,0,1201,75,14575,0.03979085534314547
SjD Diagnosis,DESeq2,GO:0120111,CC,neuron projection cytoplasm,0,1201,74,14575,0.03979085534314547
SjD Diagnosis,DESeq2,GO:0030532,CC,small nuclear ribonucleoprotein complex,0,1201,76,14575,0.03979085534314547
SjD Diagnosis,DESeq2,GO:0032993,CC,protein-DNA complex,48,1201,859,14575,0.03979085534314547
SjD Diagnosis,DESeq2,GO:0003823,MF,antigen binding,51,1201,64,14575,4.1271198882892314e-40
SjD Diagnosis,DESeq2,GO:0060089,MF,molecular transducer activity,165,1201,714,14575,5.7390642066467004e-33
SjD Diagnosis,DESeq2,GO:0038023,MF,signaling receptor activity,165,1201,714,14575,5.7390642066467004e-33
SjD Diagnosis,DESeq2,GO:0004888,MF,transmembrane signaling receptor activity,133,1201,542,14575,7.706070325766504e-29
SjD Diagnosis,DESeq2,GO:0140375,MF,immune receptor activity,58,1201,119,14575,1.1753623246510702e-28
SjD Diagnosis,DESeq2,GO:0042605,MF,peptide antigen binding,23,1201,28,14575,4.8837202449387426e-18
SjD Diagnosis,DESeq2,GO:0005102,MF,signaling receptor binding,172,1201,1016,14575,4.8837202449387426e-18
SjD Diagnosis,DESeq2,GO:0023023,MF,MHC protein complex binding,22,1201,30,14575,1.8924131025726594e-15
SjD Diagnosis,DESeq2,GO:1903231,MF,mRNA base-pairing translational repressor activity,16,1201,19,14575,1.1327414418820076e-12
SjD Diagnosis,DESeq2,GO:0005126,MF,cytokine receptor binding,48,1201,174,14575,9.590493057502744e-12
SjD Diagnosis,DESeq2,GO:0004896,MF,cytokine receptor activity,30,1201,79,14575,6.188210276719222e-11
SjD Diagnosis,DESeq2,GO:0023026,MF,MHC class II protein complex binding,16,1201,23,14575,1.5052892754935492e-10
SjD Diagnosis,DESeq2,GO:0019955,MF,cytokine binding,35,1201,117,14575,1.8527370056437804e-09
SjD Diagnosis,DESeq2,GO:0019957,MF,C-C chemokine binding,14,1201,20,14575,3.5050441981403836e-09
SjD Diagnosis,DESeq2,GO:0005125,MF,cytokine activity,36,1201,128,14575,6.153565248925505e-09
SjD Diagnosis,DESeq2,GO:0048020,MF,CCR chemokine receptor binding,15,1201,24,14575,6.894596655203148e-09
SjD Diagnosis,DESeq2,GO:0042287,MF,MHC protein binding,15,1201,25,14575,1.48665508660738e-08
SjD Diagnosis,DESeq2,GO:0042379,MF,chemokine receptor binding,20,1201,45,14575,1.48665508660738e-08
SjD Diagnosis,DESeq2,GO:0008009,MF,chemokine activity,17,1201,34,14575,3.6319693100706376e-08
SjD Diagnosis,DESeq2,GO:0019956,MF,chemokine binding,15,1201,29,14575,2.242852457078843e-07
SjD Diagnosis,DESeq2,GO:0030371,MF,translation repressor activity,19,1201,47,14575,2.744892789509486e-07
SjD Diagnosis,DESeq2,GO:0032395,MF,MHC class II receptor activity,8,1201,8,14575,3.3603356783623756e-07
SjD Diagnosis,DESeq2,GO:0016493,MF,C-C chemokine receptor activity,12,1201,19,14575,4.238116662217636e-07
SjD Diagnosis,DESeq2,GO:0004930,MF,G protein-coupled receptor activity,45,1201,225,14575,3.2595958602192082e-06
SjD Diagnosis,DESeq2,GO:0046977,MF,TAP binding,7,1201,7,14575,3.715577195113876e-06
SjD Diagnosis,DESeq2,GO:0001637,MF,G protein-coupled chemoattractant receptor activity,12,1201,22,14575,3.7969909453609007e-06
SjD Diagnosis,DESeq2,GO:0004950,MF,chemokine receptor activity,12,1201,22,14575,3.7969909453609007e-06
SjD Diagnosis,DESeq2,GO:0030545,MF,signaling receptor regulator activity,51,1201,278,14575,6.9097911983732204e-06
SjD Diagnosis,DESeq2,GO:0030546,MF,signaling receptor activator activity,48,1201,257,14575,8.044220519172981e-06
SjD Diagnosis,DESeq2,GO:0042288,MF,MHC class I protein binding,10,1201,16,14575,8.442768550596694e-06
SjD Diagnosis,DESeq2,GO:0048018,MF,receptor ligand activity,47,1201,252,14575,1.0761112298713017e-05
SjD Diagnosis,DESeq2,GO:0019865,MF,immunoglobulin binding,11,1201,20,14575,1.0873432569259467e-05
SjD Diagnosis,DESeq2,GO:0042277,MF,peptide binding,43,1201,230,14575,3.6300802455088355e-05
SjD Diagnosis,DESeq2,GO:0005164,MF,tumor necrosis factor receptor binding,12,1201,27,14575,5.3426244908939225e-05
SjD Diagnosis,DESeq2,GO:0019763,MF,immunoglobulin receptor activity,8,1201,12,14575,7.753824019706619e-05
SjD Diagnosis,DESeq2,GO:0034987,MF,immunoglobulin receptor binding,7,1201,9,14575,7.848421435767952e-05
SjD Diagnosis,DESeq2,GO:0098772,MF,molecular function regulator activity,176,1201,1505,14575,8.572249139299028e-05
SjD Diagnosis,DESeq2,GO:0001784,MF,phosphotyrosine residue binding,15,1201,45,14575,0.00015235140551244803
SjD Diagnosis,DESeq2,GO:0042608,MF,T cell receptor binding,7,1201,10,14575,0.00022384565490646388
SjD Diagnosis,DESeq2,GO:0030882,MF,lipid antigen binding,5,1201,5,14575,0.0003201364062480122
SjD Diagnosis,DESeq2,GO:0030883,MF,endogenous lipid antigen binding,5,1201,5,14575,0.0003201364062480122
SjD Diagnosis,DESeq2,GO:0030884,MF,exogenous lipid antigen binding,5,1201,5,14575,0.0003201364062480122
SjD Diagnosis,DESeq2,GO:0048248,MF,CXCR3 chemokine receptor binding,5,1201,5,14575,0.0003201364062480122
SjD Diagnosis,DESeq2,GO:0033218,MF,amide binding,48,1201,290,14575,0.0003201364062480122
SjD Diagnosis,DESeq2,GO:0140677,MF,molecular function activator activity,100,1201,779,14575,0.0005121382839106263
SjD Diagnosis,DESeq2,GO:0015026,MF,coreceptor activity,14,1201,45,14575,0.0007044599180609561
SjD Diagnosis,DESeq2,GO:0045309,MF,protein phosphorylated amino acid binding,16,1201,57,14575,0.0007103348918782174
SjD Diagnosis,DESeq2,GO:0042169,MF,SH2 domain binding,13,1201,40,14575,0.0008335717580376688
SjD Diagnosis,DESeq2,GO:0001664,MF,G protein-coupled receptor binding,33,1201,181,14575,0.0010376696579289645
SjD Diagnosis,DESeq2,GO:0032813,MF,tumor necrosis factor receptor superfamily binding,13,1201,42,14575,0.0013794094984781134
SjD Diagnosis,DESeq2,GO:0071723,MF,lipopeptide binding,6,1201,9,14575,0.0014100894078994408
SjD Diagnosis,DESeq2,GO:0023029,MF,MHC class Ib protein binding,5,1201,6,14575,0.0014100894078994408
SjD Diagnosis,DESeq2,GO:0032394,MF,MHC class Ib receptor activity,4,1201,4,14575,0.0029446848691594345
SjD Diagnosis,DESeq2,GO:0046978,MF,TAP1 binding,4,1201,4,14575,0.0029446848691594345
SjD Diagnosis,DESeq2,GO:0032396,MF,inhibitory MHC class I receptor activity,5,1201,7,14575,0.004180363253271013
SjD Diagnosis,DESeq2,GO:0042609,MF,CD4 receptor binding,5,1201,7,14575,0.004180363253271013
SjD Diagnosis,DESeq2,GO:0005178,MF,integrin binding,25,1201,133,14575,0.005067868467631664
SjD Diagnosis,DESeq2,GO:0038187,MF,pattern recognition receptor activity,9,1201,26,14575,0.008143474655556981
SjD Diagnosis,DESeq2,GO:0030234,MF,enzyme regulator activity,121,1201,1052,14575,0.008143474655556981
SjD Diagnosis,DESeq2,GO:0033691,MF,sialic acid binding,7,1201,16,14575,0.008143474655556981
SjD Diagnosis,DESeq2,GO:0030881,MF,beta-2-microglobulin binding,5,1201,8,14575,0.009194164301770724
SjD Diagnosis,DESeq2,GO:0061134,MF,peptidase regulator activity,27,1201,155,14575,0.009439507495332343
SjD Diagnosis,DESeq2,GO:0023024,MF,MHC class I protein complex binding,4,1201,5,14575,0.011164092966670106
SjD Diagnosis,DESeq2,GO:0004252,MF,serine-type endopeptidase activity,20,1201,102,14575,0.011164092966670106
SjD Diagnosis,DESeq2,GO:0016504,MF,peptidase activator activity,13,1201,52,14575,0.011613592667281975
SjD Diagnosis,DESeq2,GO:0016004,MF,phospholipase activator activity,7,1201,17,14575,0.011613592667281975
SjD Diagnosis,DESeq2,GO:0016701,MF,"oxidoreductase activity, acting on single donors with incorporation of molecular oxygen",7,1201,17,14575,0.011613592667281975
SjD Diagnosis,DESeq2,GO:0016702,MF,"oxidoreductase activity, acting on single donors with incorporation of molecular oxygen, incorporation of two atoms of oxygen",7,1201,17,14575,0.011613592667281975
SjD Diagnosis,DESeq2,GO:0008236,MF,serine-type peptidase activity,21,1201,116,14575,0.024233776466108813
SjD Diagnosis,DESeq2,GO:0060229,MF,lipase activator activity,7,1201,19,14575,0.024437773170492838
SjD Diagnosis,DESeq2,GO:0046979,MF,TAP2 binding,3,1201,3,14575,0.024667103960040033
SjD Diagnosis,DESeq2,GO:0019767,MF,IgE receptor activity,3,1201,3,14575,0.024667103960040033
SjD Diagnosis,DESeq2,GO:0019976,MF,interleukin-2 binding,3,1201,3,14575,0.024667103960040033
SjD Diagnosis,DESeq2,GO:0004911,MF,interleukin-2 receptor activity,3,1201,3,14575,0.024667103960040033
SjD Diagnosis,DESeq2,GO:0042010,MF,interleukin-15 receptor activity,3,1201,3,14575,0.024667103960040033
SjD Diagnosis,DESeq2,GO:0140272,MF,exogenous protein binding,14,1201,64,14575,0.025325623735004254
SjD Diagnosis,DESeq2,GO:0001618,MF,virus receptor activity,14,1201,64,14575,0.025325623735004254
SjD Diagnosis,DESeq2,GO:0032393,MF,MHC class I receptor activity,5,1201,10,14575,0.027921843336904815
SjD Diagnosis,DESeq2,GO:0035591,MF,signaling adaptor activity,19,1201,102,14575,0.030956591156904648
SjD Diagnosis,DESeq2,GO:0043274,MF,phospholipase binding,7,1201,20,14575,0.030956591156904648
SjD Diagnosis,DESeq2,GO:0030246,MF,carbohydrate binding,30,1201,193,14575,0.03277943003178821
SjD Diagnosis,DESeq2,GO:0017171,MF,serine hydrolase activity,21,1201,120,14575,0.044723960120900415
SjD Diagnosis,DESeq2,GO:0045236,MF,CXCR chemokine receptor binding,6,1201,16,14575,0.04672480476771538
SjD Diagnosis,DESeq2,GO:0016494,MF,C-X-C chemokine receptor activity,4,1201,7,14575,0.04951132460932283
SjD Diagnosis,DESeq2,GO:0140031,MF,phosphorylation-dependent protein binding,4,1201,7,14575,0.04951132460932283
SjD Diagnosis,DESeq2,GO:0031730,MF,CCR5 chemokine receptor binding,4,1201,7,14575,0.04951132460932283
SjD Diagnosis,DESeq2,GO:0003676,MF,nucleic acid binding,150,1201,3228,14575,4.113328027702441e-16
SjD Diagnosis,DESeq2,GO:0097159,MF,organic cyclic compound binding,269,1201,4813,14575,2.1377693104417733e-14
SjD Diagnosis,DESeq2,GO:0046872,MF,metal ion binding,169,1201,3368,14575,2.000659133054474e-13
SjD Diagnosis,DESeq2,GO:0043169,MF,cation binding,176,1201,3424,14575,1.1327414418820076e-12
SjD Diagnosis,DESeq2,GO:0036094,MF,small molecule binding,288,1201,4913,14575,9.05879925492757e-12
SjD Diagnosis,DESeq2,GO:0043167,MF,ion binding,278,1201,4764,14575,1.3707027492483166e-11
SjD Diagnosis,DESeq2,GO:0003677,MF,DNA binding,89,1201,1911,14575,1.48665508660738e-08
SjD Diagnosis,DESeq2,GO:0140110,MF,transcription regulator activity,71,1201,1496,14575,5.502805346041599e-06
SjD Diagnosis,DESeq2,GO:0003723,MF,RNA binding,71,1201,1482,14575,8.044220519172981e-06
SjD Diagnosis,DESeq2,GO:0003824,MF,catalytic activity,284,1201,4372,14575,3.671536563229238e-05
SjD Diagnosis,DESeq2,GO:0043565,MF,sequence-specific DNA binding,59,1201,1248,14575,6.728859910885295e-05
SjD Diagnosis,DESeq2,GO:0016740,MF,transferase activity,99,1201,1820,14575,0.00012234632280397998
SjD Diagnosis,DESeq2,GO:0140640,MF,"catalytic activity, acting on a nucleic acid",17,1201,518,14575,0.0003609196036244934
SjD Diagnosis,DESeq2,GO:1990837,MF,sequence-specific double-stranded DNA binding,57,1201,1159,14575,0.0004889542606528384
SjD Diagnosis,DESeq2,GO:0003674,MF,molecular_function,1003,1201,12770,14575,0.000999921417684138
SjD Diagnosis,DESeq2,GO:0003682,MF,chromatin binding,16,1201,482,14575,0.001038956755788916
SjD Diagnosis,DESeq2,GO:0001067,MF,transcription regulatory region nucleic acid binding,56,1201,1115,14575,0.0013794094984781134
SjD Diagnosis,DESeq2,GO:0000976,MF,transcription cis-regulatory region binding,56,1201,1113,14575,0.0013794094984781134
SjD Diagnosis,DESeq2,GO:0030554,MF,adenyl nucleotide binding,72,1201,1334,14575,0.0023380914031532166
SjD Diagnosis,DESeq2,GO:0016746,MF,acyltransferase activity,24,1201,592,14575,0.003067056830129438
SjD Diagnosis,DESeq2,GO:0000977,MF,RNA polymerase II transcription regulatory region sequence-specific DNA binding,52,1201,1025,14575,0.0036938808646256737
SjD Diagnosis,DESeq2,GO:0003690,MF,double-stranded DNA binding,66,1201,1231,14575,0.004368063719666999
SjD Diagnosis,DESeq2,GO:0019787,MF,ubiquitin-like protein transferase activity,13,1201,397,14575,0.005067868467631664
SjD Diagnosis,DESeq2,GO:0003700,MF,DNA-binding transcription factor activity,55,1201,1055,14575,0.006830768538503698
SjD Diagnosis,DESeq2,GO:0045296,MF,cadherin binding,8,1201,294,14575,0.008143474655556981
SjD Diagnosis,DESeq2,GO:0032559,MF,adenyl ribonucleotide binding,68,1201,1239,14575,0.008143474655556981
SjD Diagnosis,DESeq2,GO:0005524,MF,ATP binding,66,1201,1197,14575,0.011613592667281975
SjD Diagnosis,DESeq2,GO:0140657,MF,ATP-dependent activity,15,1201,410,14575,0.01183353264224094
SjD Diagnosis,DESeq2,GO:0046914,MF,transition metal ion binding,42,1201,837,14575,0.013233970544289342
SjD Diagnosis,DESeq2,GO:0004842,MF,ubiquitin-protein transferase activity,13,1201,367,14575,0.016547237576794972
SjD Diagnosis,DESeq2,GO:0008270,MF,zinc ion binding,30,1201,643,14575,0.019239556122166275
SjD Diagnosis,DESeq2,GO:0003712,MF,transcription coregulator activity,18,1201,445,14575,0.025325623735004254
SjD Diagnosis,DESeq2,GO:0140097,MF,"catalytic activity, acting on DNA",5,1201,214,14575,0.025434873726672483
SjD Diagnosis,DESeq2,GO:0005488,MF,binding,946,1201,12016,14575,0.027551173311706867
SjD Diagnosis,DESeq2,GO:0061659,MF,ubiquitin-like protein ligase activity,10,1201,300,14575,0.03630330943874513
SjD Diagnosis,DESeq2,GO:0000981,MF,"DNA-binding transcription factor activity, RNA polymerase II-specific",54,1201,980,14575,0.03653502408092494
SjD Diagnosis,DESeq2,GO:0000149,MF,SNARE binding,0,1201,87,14575,0.04672480476771538
SjD Diagnosis,DESeq2,GO:0003735,MF,structural constituent of ribosome,3,1201,158,14575,0.04672480476771538
SjD Diagnosis,"MORFR top 1,000",GO:0006955,BP,immune response,75,606,827,14575,1.8211640001872859e-06
SjD Diagnosis,"MORFR top 1,000",GO:0002376,BP,immune system process,103,606,1381,14575,2.8851249745808722e-05
SjD Diagnosis,"MORFR top 1,000",GO:0046649,BP,lymphocyte activation,36,606,367,14575,0.008045920353276117
SjD Diagnosis,"MORFR top 1,000",GO:0030155,BP,regulation of cell adhesion,54,606,666,14575,0.008045920353276117
SjD Diagnosis,"MORFR top 1,000",GO:0022409,BP,positive regulation of cell-cell adhesion,29,606,276,14575,0.012521811430828061
SjD Diagnosis,"MORFR top 1,000",GO:0002250,BP,adaptive immune response,25,606,236,14575,0.03798325859333598
SjD Diagnosis,"MORFR top 1,000",GO:0022407,BP,regulation of cell-cell adhesion,36,606,403,14575,0.03798325859333598
SjD Diagnosis,"MORFR top 1,000",GO:0003674,MF,molecular_function,492,606,12770,14575,0.01752575811715678
SSA,DESeq2,GO:0002376,BP,immune system process,296,791,1381,14575,1.1499221460377456e-104
SSA,DESeq2,GO:0006955,BP,immune response,231,791,827,14575,6.682972108596166e-104
SSA,DESeq2,GO:0002250,BP,adaptive immune response,110,791,236,14575,1.26578771446956e-72
SSA,DESeq2,GO:0002682,BP,regulation of immune system process,223,791,1215,14575,1.2451942441679657e-61
SSA,DESeq2,GO:0050776,BP,regulation of immune response,166,791,712,14575,3.27248213957795e-59
SSA,DESeq2,GO:0002684,BP,positive regulation of immune system process,174,791,793,14575,3.0470199888485718e-58
SSA,DESeq2,GO:0006952,BP,defense response,180,791,943,14575,7.940193773601246e-51
SSA,DESeq2,GO:0050778,BP,positive regulation of immune response,130,791,503,14575,8.541745058347187e-51
SSA,DESeq2,GO:0045321,BP,leukocyte activation,112,791,448,14575,1.230086664132446e-41
SSA,DESeq2,GO:0043207,BP,response to external biotic stimulus,164,791,928,14575,3.606209572233399e-41
SSA,DESeq2,GO:0009607,BP,response to biotic stimulus,167,791,963,14575,6.189806302560518e-41
SSA,DESeq2,GO:0046649,BP,lymphocyte activation,99,791,367,14575,1.1607899404798664e-39
SSA,DESeq2,GO:0001775,BP,cell activation,115,791,517,14575,1.410564464768468e-37
SSA,DESeq2,GO:0051707,BP,response to other organism,142,791,770,14575,2.8337338624518957e-37
SSA,DESeq2,GO:0002694,BP,regulation of leukocyte activation,106,791,469,14575,4.3617533593157134e-35
SSA,DESeq2,GO:0051249,BP,regulation of lymphocyte activation,100,791,423,14575,9.572988993956522e-35
SSA,DESeq2,GO:0044419,BP,biological process involved in interspecies interaction between organisms,152,791,921,14575,2.8192706104750604e-34
SSA,DESeq2,GO:0050896,BP,response to stimulus,370,791,3849,14575,9.444087172058213e-34
SSA,DESeq2,GO:0002764,BP,immune response-regulating signaling pathway,80,791,282,14575,2.0871505366156687e-33
SSA,DESeq2,GO:0050865,BP,regulation of cell activation,108,791,513,14575,6.164752075345052e-33
SSA,DESeq2,GO:0098542,BP,defense response to other organism,119,791,619,14575,1.452603223437512e-32
SSA,DESeq2,GO:0002253,BP,activation of immune response,81,791,306,14575,1.5914570307147753e-31
SSA,DESeq2,GO:0002768,BP,immune response-regulating cell surface receptor signaling pathway,69,791,225,14575,6.182293481997509e-31
SSA,DESeq2,GO:0002757,BP,immune response-activating signaling pathway,72,791,255,14575,8.734314153401112e-30
SSA,DESeq2,GO:0050670,BP,regulation of lymphocyte proliferation,62,791,191,14575,3.2522330372667403e-29
SSA,DESeq2,GO:0042110,BP,T cell activation,69,791,239,14575,3.721962121612542e-29
SSA,DESeq2,GO:0002252,BP,immune effector process,75,791,284,14575,4.9414400431678467e-29
SSA,DESeq2,GO:0032944,BP,regulation of mononuclear cell proliferation,62,791,194,14575,7.967324815453644e-29
SSA,DESeq2,GO:0009605,BP,response to external stimulus,181,791,1375,14575,1.7952185733672437e-28
SSA,DESeq2,GO:0050863,BP,regulation of T cell activation,78,791,315,14575,3.0403177965961453e-28
SSA,DESeq2,GO:0048584,BP,positive regulation of response to stimulus,212,791,1770,14575,3.2586945338529934e-28
SSA,DESeq2,GO:0070663,BP,regulation of leukocyte proliferation,64,791,214,14575,5.607955630792094e-28
SSA,DESeq2,GO:0002429,BP,immune response-activating cell surface receptor signaling pathway,62,791,201,14575,6.557728856909281e-28
SSA,DESeq2,GO:0007166,BP,cell surface receptor signaling pathway,190,791,1507,14575,1.0092332164902828e-27
SSA,DESeq2,GO:0140546,BP,defense response to symbiont,103,791,547,14575,3.418609904759108e-27
SSA,DESeq2,GO:0002696,BP,positive regulation of leukocyte activation,74,791,300,14575,1.1908526176523948e-26
SSA,DESeq2,GO:0050851,BP,antigen receptor-mediated signaling pathway,49,791,132,14575,5.817804377301852e-26
SSA,DESeq2,GO:0001817,BP,regulation of cytokine production,109,791,625,14575,5.817804377301852e-26
SSA,DESeq2,GO:0050867,BP,positive regulation of cell activation,74,791,314,14575,2.55271073153441e-25
SSA,DESeq2,GO:0051251,BP,positive regulation of lymphocyte activation,70,791,283,14575,3.121206361273972e-25
SSA,DESeq2,GO:1903037,BP,regulation of leukocyte cell-cell adhesion,73,791,309,14575,4.800285697212059e-25
SSA,DESeq2,GO:0002697,BP,regulation of immune effector process,72,791,303,14575,7.428352849468293e-25
SSA,DESeq2,GO:1903039,BP,positive regulation of leukocyte cell-cell adhesion,63,791,237,14575,1.902936814195773e-24
SSA,DESeq2,GO:0002460,BP,adaptive immune response based on somatic recombination of immune receptors built from immunoglobulin superfamily domains,39,791,87,14575,4.05973923748101e-24
SSA,DESeq2,GO:0022407,BP,regulation of cell-cell adhesion,82,791,403,14575,1.2065472029219577e-23
SSA,DESeq2,GO:0050870,BP,positive regulation of T cell activation,59,791,217,14575,2.1981038979550747e-23
SSA,DESeq2,GO:0022409,BP,positive regulation of cell-cell adhesion,66,791,276,14575,7.423674013588751e-23
SSA,DESeq2,GO:0001819,BP,positive regulation of cytokine production,80,791,397,14575,9.308786365605067e-23
SSA,DESeq2,GO:0002683,BP,negative regulation of immune system process,79,791,400,14575,7.111880679755806e-22
SSA,DESeq2,GO:0050671,BP,positive regulation of lymphocyte proliferation,42,791,120,14575,5.088416531002209e-21
SSA,DESeq2,GO:0002703,BP,regulation of leukocyte mediated immunity,53,791,196,14575,8.514094607137714e-21
SSA,DESeq2,GO:0042129,BP,regulation of T cell proliferation,45,791,141,14575,1.011283161870952e-20
SSA,DESeq2,GO:0032946,BP,positive regulation of mononuclear cell proliferation,42,791,123,14575,1.4607743642408803e-20
SSA,DESeq2,GO:0070665,BP,positive regulation of leukocyte proliferation,44,791,136,14575,1.6078635765445093e-20
SSA,DESeq2,GO:0002449,BP,lymphocyte mediated immunity,36,791,89,14575,2.1524737250139373e-20
SSA,DESeq2,GO:0007165,BP,signal transduction,285,791,3118,14575,6.623370257615076e-20
SSA,DESeq2,GO:0045087,BP,innate immune response,77,791,427,14575,8.161258550312414e-19
SSA,DESeq2,GO:0001910,BP,regulation of leukocyte mediated cytotoxicity,31,791,71,14575,1.2289215156768428e-18
SSA,DESeq2,GO:0019221,BP,cytokine-mediated signaling pathway,62,791,299,14575,4.718225693919469e-18
SSA,DESeq2,GO:0002443,BP,leukocyte mediated immunity,36,791,103,14575,6.5158434181668075e-18
SSA,DESeq2,GO:0031341,BP,regulation of cell killing,32,791,80,14575,6.989101828880842e-18
SSA,DESeq2,GO:1903131,BP,mononuclear cell differentiation,55,791,242,14575,7.843357090907445e-18
SSA,DESeq2,GO:0002521,BP,leukocyte differentiation,62,791,303,14575,9.073808189332556e-18
SSA,DESeq2,GO:0030155,BP,regulation of cell adhesion,98,791,666,14575,9.901605500009718e-18
SSA,DESeq2,GO:0031347,BP,regulation of defense response,93,791,617,14575,1.8469295216482965e-17
SSA,DESeq2,GO:0032101,BP,regulation of response to external stimulus,115,791,866,14575,1.9466006606864086e-17
SSA,DESeq2,GO:0048583,BP,regulation of response to stimulus,279,791,3145,14575,2.1752951110198952e-17
SSA,DESeq2,GO:0051239,BP,regulation of multicellular organismal process,220,791,2267,14575,2.6796684288286546e-17
SSA,DESeq2,GO:0009615,BP,response to virus,61,791,301,14575,2.811616756621558e-17
SSA,DESeq2,GO:0002831,BP,regulation of response to biotic stimulus,72,791,405,14575,3.2661976321263246e-17
SSA,DESeq2,GO:0042102,BP,positive regulation of T cell proliferation,32,791,85,14575,5.339264629462388e-17
SSA,DESeq2,GO:0048002,BP,antigen processing and presentation of peptide antigen,26,791,54,14575,6.979171165699817e-17
SSA,DESeq2,GO:0030098,BP,lymphocyte differentiation,49,791,205,14575,8.379792434701259e-17
SSA,DESeq2,GO:0002706,BP,regulation of lymphocyte mediated immunity,40,791,139,14575,1.2791480384336459e-16
SSA,DESeq2,GO:0019882,BP,antigen processing and presentation,32,791,88,14575,1.7169517213405543e-16
SSA,DESeq2,GO:0002819,BP,regulation of adaptive immune response,43,791,164,14575,2.9460488555384554e-16
SSA,DESeq2,GO:0050864,BP,regulation of B cell activation,36,791,115,14575,3.324127431411816e-16
SSA,DESeq2,GO:0045785,BP,positive regulation of cell adhesion,71,791,415,14575,4.724341651425456e-16
SSA,DESeq2,GO:0042113,BP,B cell activation,40,791,146,14575,8.217788656945101e-16
SSA,DESeq2,GO:0002478,BP,antigen processing and presentation of exogenous peptide antigen,21,791,36,14575,8.900953074937142e-16
SSA,DESeq2,GO:0019884,BP,antigen processing and presentation of exogenous antigen,23,791,45,14575,1.2631093597312829e-15
SSA,DESeq2,GO:0032103,BP,positive regulation of response to external stimulus,72,791,436,14575,1.913628558918476e-15
SSA,DESeq2,GO:0002822,BP,regulation of adaptive immune response based on somatic recombination of immune receptors built from immunoglobulin superfamily domains,40,791,152,14575,3.722418806378064e-15
SSA,DESeq2,GO:0050853,BP,B cell receptor signaling pathway,23,791,47,14575,4.3094094205398515e-15
SSA,DESeq2,GO:0002699,BP,positive regulation of immune effector process,46,791,200,14575,4.5067609907261896e-15
SSA,DESeq2,GO:0051240,BP,positive regulation of multicellular organismal process,143,791,1286,14575,5.377437684006234e-15
SSA,DESeq2,GO:0046651,BP,lymphocyte proliferation,32,791,98,14575,5.757570932939781e-15
SSA,DESeq2,GO:0032649,BP,regulation of type II interferon production,30,791,88,14575,1.3541182400192424e-14
SSA,DESeq2,GO:0051607,BP,defense response to virus,47,791,216,14575,1.882596604746837e-14
SSA,DESeq2,GO:0032943,BP,mononuclear cell proliferation,32,791,102,14575,1.9958763184920466e-14
SSA,DESeq2,GO:0050852,BP,T cell receptor signaling pathway,31,791,97,14575,3.2466925469970067e-14
SSA,DESeq2,GO:0009617,BP,response to bacterium,49,791,237,14575,3.5999089109632674e-14
SSA,DESeq2,GO:0006954,BP,inflammatory response,64,791,379,14575,3.686313638934551e-14
SSA,DESeq2,GO:0006950,BP,response to stress,219,791,2400,14575,4.009534718443178e-14
SSA,DESeq2,GO:0070661,BP,leukocyte proliferation,34,791,119,14575,5.1745318403697464e-14
SSA,DESeq2,GO:1902105,BP,regulation of leukocyte differentiation,52,791,267,14575,5.878003528055783e-14
SSA,DESeq2,GO:1903555,BP,regulation of tumor necrosis factor superfamily cytokine production,38,791,150,14575,7.576427151911329e-14
SSA,DESeq2,GO:0002709,BP,regulation of T cell mediated immunity,27,791,75,14575,8.76630739303178e-14
SSA,DESeq2,GO:0035195,BP,miRNA-mediated post-transcriptional gene silencing,25,791,64,14575,1.0958623629656205e-13
SSA,DESeq2,GO:0002704,BP,negative regulation of leukocyte mediated immunity,23,791,54,14575,1.604287827431549e-13
SSA,DESeq2,GO:0032680,BP,regulation of tumor necrosis factor production,37,791,146,14575,1.7553401925674615e-13
SSA,DESeq2,GO:0006959,BP,humoral immune response,34,791,124,14575,1.9187141263539895e-13
SSA,DESeq2,GO:0050900,BP,leukocyte migration,42,791,187,14575,2.1323449088679932e-13
SSA,DESeq2,GO:0071674,BP,mononuclear cell migration,28,791,85,14575,3.367031105149764e-13
SSA,DESeq2,GO:0032729,BP,positive regulation of type II interferon production,24,791,62,14575,4.986059668857338e-13
SSA,DESeq2,GO:0034341,BP,response to type II interferon,29,791,94,14575,7.429067644031826e-13
SSA,DESeq2,GO:0002705,BP,positive regulation of leukocyte mediated immunity,32,791,115,14575,7.829259445679255e-13
SSA,DESeq2,GO:0001914,BP,regulation of T cell mediated cytotoxicity,19,791,38,14575,1.142032846673986e-12
SSA,DESeq2,GO:0031343,BP,positive regulation of cell killing,22,791,53,14575,1.1790245336224985e-12
SSA,DESeq2,GO:0001912,BP,positive regulation of leukocyte mediated cytotoxicity,21,791,48,14575,1.3138262588488445e-12
SSA,DESeq2,GO:1903706,BP,regulation of hemopoiesis,57,791,337,14575,1.3236026788155205e-12
SSA,DESeq2,GO:0002495,BP,antigen processing and presentation of peptide antigen via MHC class II,16,791,26,14575,1.7516080137920641e-12
SSA,DESeq2,GO:0019886,BP,antigen processing and presentation of exogenous peptide antigen via MHC class II,16,791,26,14575,1.7516080137920641e-12
SSA,DESeq2,GO:0045088,BP,regulation of innate immune response,57,791,340,14575,1.92312465832052e-12
SSA,DESeq2,GO:0002504,BP,antigen processing and presentation of peptide or polysaccharide antigen via MHC class II,16,791,27,14575,4.020942988991178e-12
SSA,DESeq2,GO:0002695,BP,negative regulation of leukocyte activation,35,791,146,14575,5.53247248084001e-12
SSA,DESeq2,GO:0002698,BP,negative regulation of immune effector process,28,791,95,14575,7.288217255240502e-12
SSA,DESeq2,GO:0035194,BP,regulatory ncRNA-mediated post-transcriptional gene silencing,25,791,76,14575,9.660042401320092e-12
SSA,DESeq2,GO:0030888,BP,regulation of B cell proliferation,22,791,58,14575,1.022933345618869e-11
SSA,DESeq2,GO:0002503,BP,peptide antigen assembly with MHC class II protein complex,11,791,12,14575,1.3693901422162686e-11
SSA,DESeq2,GO:0072676,BP,lymphocyte migration,22,791,59,14575,1.5259014323979847e-11
SSA,DESeq2,GO:0002707,BP,negative regulation of lymphocyte mediated immunity,19,791,43,14575,1.7923938234792874e-11
SSA,DESeq2,GO:0070098,BP,chemokine-mediated signaling pathway,23,791,66,14575,2.2598223807202197e-11
SSA,DESeq2,GO:0030595,BP,leukocyte chemotaxis,30,791,114,14575,2.446132104611483e-11
SSA,DESeq2,GO:0042742,BP,defense response to bacterium,35,791,157,14575,5.2055947490948934e-11
SSA,DESeq2,GO:0001818,BP,negative regulation of cytokine production,43,791,228,14575,5.351590046259237e-11
SSA,DESeq2,GO:0051250,BP,negative regulation of lymphocyte activation,31,791,125,14575,5.42170875267162e-11
SSA,DESeq2,GO:0050866,BP,negative regulation of cell activation,36,791,166,14575,5.7035286914331487e-11
SSA,DESeq2,GO:0050854,BP,regulation of antigen receptor-mediated signaling pathway,22,791,63,14575,6.888136368013353e-11
SSA,DESeq2,GO:0031349,BP,positive regulation of defense response,52,791,318,14575,6.897445989850906e-11
SSA,DESeq2,GO:0019724,BP,B cell mediated immunity,18,791,41,14575,8.434572153701522e-11
SSA,DESeq2,GO:0002700,BP,regulation of production of molecular mediator of immune response,34,791,152,14575,9.651270411819078e-11
SSA,DESeq2,GO:0032501,BP,multicellular organismal process,209,791,2428,14575,1.0077313567447773e-10
SSA,DESeq2,GO:0016441,BP,post-transcriptional gene silencing,25,791,84,14575,1.1184358340681238e-10
SSA,DESeq2,GO:0045619,BP,regulation of lymphocyte differentiation,37,791,179,14575,1.2190710425248169e-10
SSA,DESeq2,GO:0032675,BP,regulation of interleukin-6 production,31,791,129,14575,1.2617020982759798e-10
SSA,DESeq2,GO:0001906,BP,cell killing,24,791,78,14575,1.385538501484211e-10
SSA,DESeq2,GO:0046635,BP,positive regulation of alpha-beta T cell activation,21,791,59,14575,1.4111061493705346e-10
SSA,DESeq2,GO:0046631,BP,alpha-beta T cell activation,23,791,73,14575,2.296722455597645e-10
SSA,DESeq2,GO:0060326,BP,cell chemotaxis,35,791,166,14575,2.633233385289479e-10
SSA,DESeq2,GO:0002501,BP,peptide antigen assembly with MHC protein complex,12,791,17,14575,2.669580803851116e-10
SSA,DESeq2,GO:0003012,BP,muscle system process,37,791,187,14575,4.6561955156097533e-10
SSA,DESeq2,GO:0002821,BP,positive regulation of adaptive immune response,27,791,104,14575,4.835283482791578e-10
SSA,DESeq2,GO:0030217,BP,T cell differentiation,30,791,128,14575,5.501492516578826e-10
SSA,DESeq2,GO:0050777,BP,negative regulation of immune response,33,791,153,14575,5.575010374820169e-10
SSA,DESeq2,GO:0010628,BP,positive regulation of gene expression,100,791,908,14575,5.984503068672548e-10
SSA,DESeq2,GO:0002824,BP,positive regulation of adaptive immune response based on somatic recombination of immune receptors built from immunoglobulin superfamily domains,26,791,98,14575,6.82086398736378e-10
SSA,DESeq2,GO:0031047,BP,regulatory ncRNA-mediated gene silencing,25,791,92,14575,9.62949947369603e-10
SSA,DESeq2,GO:0002685,BP,regulation of leukocyte migration,37,791,193,14575,1.19202346469235e-09
SSA,DESeq2,GO:0046634,BP,regulation of alpha-beta T cell activation,25,791,93,14575,1.2351693741113075e-09
SSA,DESeq2,GO:0002456,BP,T cell mediated immunity,14,791,27,14575,1.541214875830398e-09
SSA,DESeq2,GO:1903557,BP,positive regulation of tumor necrosis factor superfamily cytokine production,25,791,94,14575,1.5784088881530709e-09
SSA,DESeq2,GO:1903708,BP,positive regulation of hemopoiesis,33,791,159,14575,1.5997730193251748e-09
SSA,DESeq2,GO:1902107,BP,positive regulation of leukocyte differentiation,33,791,159,14575,1.5997730193251748e-09
SSA,DESeq2,GO:0048518,BP,positive regulation of biological process,350,791,4825,14575,1.6618337363541898e-09
SSA,DESeq2,GO:0045058,BP,T cell selection,13,791,23,14575,1.8544488153095448e-09
SSA,DESeq2,GO:0032655,BP,regulation of interleukin-12 production,19,791,54,14575,1.8544488153095448e-09
SSA,DESeq2,GO:0002708,BP,positive regulation of lymphocyte mediated immunity,25,791,95,14575,1.9629267619502586e-09
SSA,DESeq2,GO:0034097,BP,response to cytokine,63,791,470,14575,2.0248202995919052e-09
SSA,DESeq2,GO:0050672,BP,negative regulation of lymphocyte proliferation,21,791,67,14575,2.0259153844324035e-09
SSA,DESeq2,GO:0032945,BP,negative regulation of mononuclear cell proliferation,21,791,67,14575,2.0259153844324035e-09
SSA,DESeq2,GO:0070664,BP,negative regulation of leukocyte proliferation,22,791,74,14575,2.1917001275234073e-09
SSA,DESeq2,GO:0032653,BP,regulation of interleukin-10 production,18,791,49,14575,2.6165127291095534e-09
SSA,DESeq2,GO:0001916,BP,positive regulation of T cell mediated cytotoxicity,14,791,28,14575,2.7153326620757802e-09
SSA,DESeq2,GO:0043383,BP,negative T cell selection,9,791,10,14575,2.948212363813534e-09
SSA,DESeq2,GO:0006935,BP,chemotaxis,44,791,268,14575,2.948212363813534e-09
SSA,DESeq2,GO:0042330,BP,taxis,44,791,268,14575,2.948212363813534e-09
SSA,DESeq2,GO:0071346,BP,cellular response to type II interferon,22,791,76,14575,3.806213512071388e-09
SSA,DESeq2,GO:0040011,BP,locomotion,45,791,281,14575,4.1148858187940365e-09
SSA,DESeq2,GO:0032760,BP,positive regulation of tumor necrosis factor production,24,791,91,14575,4.380228671839253e-09
SSA,DESeq2,GO:0002237,BP,response to molecule of bacterial origin,43,791,262,14575,4.868588165386642e-09
SSA,DESeq2,GO:0002833,BP,positive regulation of response to biotic stimulus,40,791,232,14575,4.868588165386642e-09
SSA,DESeq2,GO:0002718,BP,regulation of cytokine production involved in immune response,25,791,101,14575,7.632134176941318e-09
SSA,DESeq2,GO:0051241,BP,negative regulation of multicellular organismal process,93,791,860,14575,7.632134176941318e-09
SSA,DESeq2,GO:0045580,BP,regulation of T cell differentiation,31,791,151,14575,7.800980776812454e-09
SSA,DESeq2,GO:0042100,BP,B cell proliferation,15,791,35,14575,8.06659578923412e-09
SSA,DESeq2,GO:0006936,BP,muscle contraction,30,791,145,14575,1.265534226761378e-08
SSA,DESeq2,GO:0001911,BP,negative regulation of leukocyte mediated cytotoxicity,12,791,22,14575,1.7311317561133024e-08
SSA,DESeq2,GO:0002710,BP,negative regulation of T cell mediated immunity,12,791,22,14575,1.7311317561133024e-08
SSA,DESeq2,GO:0002366,BP,leukocyte activation involved in immune response,26,791,113,14575,1.7783781476868186e-08
SSA,DESeq2,GO:0048525,BP,negative regulation of viral process,21,791,75,14575,1.939998981805017e-08
SSA,DESeq2,GO:0016064,BP,immunoglobulin mediated immune response,15,791,37,14575,2.0251757665317527e-08
SSA,DESeq2,GO:0019883,BP,antigen processing and presentation of endogenous antigen,13,791,27,14575,2.291394760232081e-08
SSA,DESeq2,GO:0032496,BP,response to lipopolysaccharide,40,791,246,14575,2.8408112099263104e-08
SSA,DESeq2,GO:0006968,BP,cellular defense response,15,791,38,14575,3.1006340046757425e-08
SSA,DESeq2,GO:0030890,BP,positive regulation of B cell proliferation,15,791,38,14575,3.1006340046757425e-08
SSA,DESeq2,GO:0045214,BP,sarcomere organization,15,791,38,14575,3.1006340046757425e-08
SSA,DESeq2,GO:0002263,BP,cell activation involved in immune response,26,791,116,14575,3.154572370687213e-08
SSA,DESeq2,GO:0045089,BP,positive regulation of innate immune response,37,791,217,14575,3.227946187319076e-08
SSA,DESeq2,GO:0042098,BP,T cell proliferation,19,791,63,14575,3.2409002593174165e-08
SSA,DESeq2,GO:0031342,BP,negative regulation of cell killing,12,791,23,14575,3.2409002593174165e-08
SSA,DESeq2,GO:0050871,BP,positive regulation of B cell activation,20,791,70,14575,3.2929425103328216e-08
SSA,DESeq2,GO:0045060,BP,negative thymic T cell selection,8,791,9,14575,4.261360198020401e-08
SSA,DESeq2,GO:0050727,BP,regulation of inflammatory response,45,791,303,14575,4.520349710927667e-08
SSA,DESeq2,GO:0002820,BP,negative regulation of adaptive immune response,16,791,45,14575,4.8452597915138854e-08
SSA,DESeq2,GO:0050792,BP,regulation of viral process,28,791,136,14575,5.224355609691199e-08
SSA,DESeq2,GO:0048247,BP,lymphocyte chemotaxis,14,791,34,14575,5.8004017308893245e-08
SSA,DESeq2,GO:0002687,BP,positive regulation of leukocyte migration,27,791,128,14575,5.887535161648018e-08
SSA,DESeq2,GO:0050868,BP,negative regulation of T cell activation,23,791,95,14575,6.005733736747381e-08
SSA,DESeq2,GO:0002711,BP,positive regulation of T cell mediated immunity,17,791,52,14575,6.259963901848753e-08
SSA,DESeq2,GO:0045071,BP,negative regulation of viral genome replication,16,791,46,14575,6.863455070915394e-08
SSA,DESeq2,GO:0002483,BP,antigen processing and presentation of endogenous peptide antigen,11,791,20,14575,7.880384340750338e-08
SSA,DESeq2,GO:0002407,BP,dendritic cell chemotaxis,10,791,16,14575,8.127401644513544e-08
SSA,DESeq2,GO:0032735,BP,positive regulation of interleukin-12 production,14,791,35,14575,8.895298793039745e-08
SSA,DESeq2,GO:0002474,BP,antigen processing and presentation of peptide antigen via MHC class I,13,791,30,14575,1.052725933821833e-07
SSA,DESeq2,GO:0001776,BP,leukocyte homeostasis,20,791,75,14575,1.175779817169981e-07
SSA,DESeq2,GO:0032663,BP,regulation of interleukin-2 production,17,791,54,14575,1.175779817169981e-07
SSA,DESeq2,GO:0002823,BP,negative regulation of adaptive immune response based on somatic recombination of immune receptors built from immunoglobulin superfamily domains,15,791,42,14575,1.4538884340074507e-07
SSA,DESeq2,GO:0050729,BP,positive regulation of inflammatory response,25,791,116,14575,1.4705107737399543e-07
SSA,DESeq2,GO:0046641,BP,positive regulation of alpha-beta T cell proliferation,11,791,21,14575,1.518150048678072e-07
SSA,DESeq2,GO:0030593,BP,neutrophil chemotaxis,18,791,62,14575,1.6731648075566372e-07
SSA,DESeq2,GO:1903900,BP,regulation of viral life cycle,25,791,117,14575,1.752329118438044e-07
SSA,DESeq2,GO:0045061,BP,thymic T cell selection,10,791,17,14575,1.795796014343058e-07
SSA,DESeq2,GO:0006941,BP,striated muscle contraction,17,791,56,14575,2.128989828818991e-07
SSA,DESeq2,GO:0050766,BP,positive regulation of phagocytosis,17,791,56,14575,2.128989828818991e-07
SSA,DESeq2,GO:0071222,BP,cellular response to lipopolysaccharide,27,791,136,14575,2.2215388733012437e-07
SSA,DESeq2,GO:0071219,BP,cellular response to molecule of bacterial origin,28,791,146,14575,2.5688806704428637e-07
SSA,DESeq2,GO:0051924,BP,regulation of calcium ion transport,31,791,175,14575,2.844720423775545e-07
SSA,DESeq2,GO:2000404,BP,regulation of T cell migration,15,791,44,14575,2.903421439937134e-07
SSA,DESeq2,GO:0050856,BP,regulation of T cell receptor signaling pathway,15,791,44,14575,2.903421439937134e-07
SSA,DESeq2,GO:0002428,BP,antigen processing and presentation of peptide antigen via MHC class Ib,9,791,14,14575,3.684523164462414e-07
SSA,DESeq2,GO:0002637,BP,regulation of immunoglobulin production,17,791,58,14575,3.759519267563982e-07
SSA,DESeq2,GO:1903038,BP,negative regulation of leukocyte cell-cell adhesion,23,791,105,14575,4.343460276326688e-07
SSA,DESeq2,GO:0071216,BP,cellular response to biotic stimulus,30,791,169,14575,4.672879602433032e-07
SSA,DESeq2,GO:0045621,BP,positive regulation of lymphocyte differentiation,24,791,114,14575,4.6939536873731697e-07
SSA,DESeq2,GO:0071621,BP,granulocyte chemotaxis,18,791,66,14575,4.733380744918224e-07
SSA,DESeq2,GO:0036336,BP,dendritic cell migration,11,791,23,14575,4.893947169596479e-07
SSA,DESeq2,GO:0002260,BP,lymphocyte homeostasis,17,791,59,14575,4.893947169596479e-07
SSA,DESeq2,GO:0071675,BP,regulation of mononuclear cell migration,23,791,106,14575,5.138556958062414e-07
SSA,DESeq2,GO:1902533,BP,positive regulation of intracellular signal transduction,86,791,840,14575,5.754017875888791e-07
SSA,DESeq2,GO:0042269,BP,regulation of natural killer cell mediated cytotoxicity,13,791,34,14575,5.95956145373014e-07
SSA,DESeq2,GO:0030183,BP,B cell differentiation,21,791,91,14575,7.050109894541377e-07
SSA,DESeq2,GO:0019885,BP,antigen processing and presentation of endogenous peptide antigen via MHC class I,10,791,19,14575,7.074640027910446e-07
SSA,DESeq2,GO:0022408,BP,negative regulation of cell-cell adhesion,28,791,153,14575,7.074640027910446e-07
SSA,DESeq2,GO:0042127,BP,regulation of cell population proliferation,119,791,1310,14575,7.847587770225518e-07
SSA,DESeq2,GO:2000401,BP,regulation of lymphocyte migration,17,791,61,14575,8.256394388122332e-07
SSA,DESeq2,GO:0032753,BP,positive regulation of interleukin-4 production,11,791,24,14575,8.256394388122332e-07
SSA,DESeq2,GO:0042130,BP,negative regulation of T cell proliferation,16,791,54,14575,8.285429438365097e-07
SSA,DESeq2,GO:0002702,BP,positive regulation of production of molecular mediator of immune response,23,791,109,14575,8.672635656480074e-07
SSA,DESeq2,GO:0046640,BP,regulation of alpha-beta T cell proliferation,13,791,35,14575,8.696085460349377e-07
SSA,DESeq2,GO:0071677,BP,positive regulation of mononuclear cell migration,17,791,62,14575,1.06190529152696e-06
SSA,DESeq2,GO:1990266,BP,neutrophil migration,18,791,70,14575,1.2244964677791342e-06
SSA,DESeq2,GO:0010033,BP,response to organic substance,138,791,1604,14575,1.2785084576081468e-06
SSA,DESeq2,GO:0002577,BP,regulation of antigen processing and presentation,10,791,20,14575,1.2939919685788033e-06
SSA,DESeq2,GO:0070374,BP,positive regulation of ERK1 and ERK2 cascade,27,791,148,14575,1.32094516504455e-06
SSA,DESeq2,GO:0043368,BP,positive T cell selection,8,791,12,14575,1.6145195654094874e-06
SSA,DESeq2,GO:0002688,BP,regulation of leukocyte chemotaxis,22,791,104,14575,1.6437926644901376e-06
SSA,DESeq2,GO:0050921,BP,positive regulation of chemotaxis,24,791,122,14575,1.7332896414266638e-06
SSA,DESeq2,GO:0031348,BP,negative regulation of defense response,33,791,210,14575,1.7417679083848986e-06
SSA,DESeq2,GO:0050858,BP,negative regulation of antigen receptor-mediated signaling pathway,12,791,31,14575,1.7497977384734506e-06
SSA,DESeq2,GO:0002715,BP,regulation of natural killer cell mediated immunity,13,791,37,14575,1.818228536684283e-06
SSA,DESeq2,GO:0002690,BP,positive regulation of leukocyte chemotaxis,19,791,80,14575,1.950981337082276e-06
SSA,DESeq2,GO:0002475,BP,antigen processing and presentation via MHC class Ib,10,791,21,14575,2.2466892504809574e-06
SSA,DESeq2,GO:0019722,BP,calcium-mediated signaling,25,791,133,14575,2.2482970160512213e-06
SSA,DESeq2,GO:0009967,BP,positive regulation of signal transduction,113,791,1250,14575,2.3882032790368493e-06
SSA,DESeq2,GO:0007159,BP,leukocyte cell-cell adhesion,15,791,51,14575,2.418475289032499e-06
SSA,DESeq2,GO:0141061,BP,disruption of cell in another organism,13,791,38,14575,2.5324875275102044e-06
SSA,DESeq2,GO:0031640,BP,killing of cells of another organism,13,791,38,14575,2.5324875275102044e-06
SSA,DESeq2,GO:0080134,BP,regulation of response to stress,103,791,1112,14575,2.9871216955069435e-06
SSA,DESeq2,GO:0072678,BP,T cell migration,11,791,27,14575,3.3289675414312534e-06
SSA,DESeq2,GO:0045589,BP,regulation of regulatory T cell differentiation,11,791,27,14575,3.3289675414312534e-06
SSA,DESeq2,GO:0097530,BP,granulocyte migration,18,791,75,14575,3.5601424633896703e-06
SSA,DESeq2,GO:0045582,BP,positive regulation of T cell differentiation,21,791,100,14575,3.564975006145029e-06
SSA,DESeq2,GO:0002832,BP,negative regulation of response to biotic stimulus,21,791,100,14575,3.564975006145029e-06
SSA,DESeq2,GO:0002484,BP,antigen processing and presentation of endogenous peptide antigen via MHC class I via ER pathway,8,791,13,14575,3.63674719522052e-06
SSA,DESeq2,GO:0002476,BP,antigen processing and presentation of endogenous peptide antigen via MHC class Ib,8,791,13,14575,3.63674719522052e-06
SSA,DESeq2,GO:0002507,BP,tolerance induction,8,791,13,14575,3.63674719522052e-06
SSA,DESeq2,GO:0003009,BP,skeletal muscle contraction,10,791,22,14575,3.6757381060184363e-06
SSA,DESeq2,GO:0045730,BP,respiratory burst,10,791,22,14575,3.6757381060184363e-06
SSA,DESeq2,GO:0007162,BP,negative regulation of cell adhesion,35,791,239,14575,3.7688092500509813e-06
SSA,DESeq2,GO:0001909,BP,leukocyte mediated cytotoxicity,14,791,46,14575,3.96171762909514e-06
SSA,DESeq2,GO:0032755,BP,positive regulation of interleukin-6 production,19,791,84,14575,4.156052161918441e-06
SSA,DESeq2,GO:0071345,BP,cellular response to cytokine stimulus,46,791,362,14575,4.454598070012964e-06
SSA,DESeq2,GO:0048522,BP,positive regulation of cellular process,310,791,4448,14575,4.657435511679349e-06
SSA,DESeq2,GO:0035456,BP,response to interferon-beta,11,791,28,14575,4.935182516268585e-06
SSA,DESeq2,GO:0032673,BP,regulation of interleukin-4 production,11,791,28,14575,4.935182516268585e-06
SSA,DESeq2,GO:0050830,BP,defense response to Gram-positive bacterium,15,791,54,14575,5.181589217238848e-06
SSA,DESeq2,GO:0097529,BP,myeloid leukocyte migration,21,791,103,14575,5.794401104860143e-06
SSA,DESeq2,GO:0050764,BP,regulation of phagocytosis,18,791,78,14575,6.380143647447005e-06
SSA,DESeq2,GO:0141060,BP,disruption of anatomical structure in another organism,13,791,41,14575,6.494395362213892e-06
SSA,DESeq2,GO:0010959,BP,regulation of metal ion transport,37,791,268,14575,7.249510330314468e-06
SSA,DESeq2,GO:0043373,BP,"CD4-positive, alpha-beta T cell lineage commitment",8,791,14,14575,7.656128892076234e-06
SSA,DESeq2,GO:2000106,BP,regulation of leukocyte apoptotic process,18,791,79,14575,7.74686074340658e-06
SSA,DESeq2,GO:0070106,BP,interleukin-27-mediated signaling pathway,6,791,7,14575,7.819868813504709e-06
SSA,DESeq2,GO:0002285,BP,lymphocyte activation involved in immune response,19,791,88,14575,8.7118268181395e-06
SSA,DESeq2,GO:0050688,BP,regulation of defense response to virus,14,791,49,14575,9.079608366772773e-06
SSA,DESeq2,GO:0010629,BP,negative regulation of gene expression,79,791,802,14575,9.580025548585903e-06
SSA,DESeq2,GO:2000516,BP,"positive regulation of CD4-positive, alpha-beta T cell activation",12,791,36,14575,1.0353453803520948e-05
SSA,DESeq2,GO:0050920,BP,regulation of chemotaxis,29,791,186,14575,1.1972584182223473e-05
SSA,DESeq2,GO:0070372,BP,regulation of ERK1 and ERK2 cascade,32,791,218,14575,1.1997766565121129e-05
SSA,DESeq2,GO:0060284,BP,regulation of cell development,67,791,649,14575,1.4360149569697168e-05
SSA,DESeq2,GO:0002701,BP,negative regulation of production of molecular mediator of immune response,12,791,37,14575,1.4385797566222781e-05
SSA,DESeq2,GO:0045069,BP,regulation of viral genome replication,17,791,74,14575,1.4543087726040617e-05
SSA,DESeq2,GO:0043410,BP,positive regulation of MAPK cascade,44,791,357,14575,1.4889137857778413e-05
SSA,DESeq2,GO:0010647,BP,positive regulation of cell communication,118,791,1372,14575,1.4889137857778413e-05
SSA,DESeq2,GO:0032693,BP,negative regulation of interleukin-10 production,8,791,15,14575,1.49369612809853e-05
SSA,DESeq2,GO:0050869,BP,negative regulation of B cell activation,11,791,31,14575,1.5644255189442055e-05
SSA,DESeq2,GO:0045059,BP,positive thymic T cell selection,7,791,11,14575,1.637228755926154e-05
SSA,DESeq2,GO:0002295,BP,T-helper cell lineage commitment,7,791,11,14575,1.637228755926154e-05
SSA,DESeq2,GO:0043269,BP,regulation of monoatomic ion transport,40,791,313,14575,1.8371791086424098e-05
SSA,DESeq2,GO:0030334,BP,regulation of cell migration,77,791,789,14575,1.8371791086424098e-05
SSA,DESeq2,GO:0002548,BP,monocyte chemotaxis,10,791,26,14575,2.2152060678551353e-05
SSA,DESeq2,GO:0050691,BP,regulation of defense response to virus by host,11,791,32,14575,2.2257458675969277e-05
SSA,DESeq2,GO:0002274,BP,myeloid leukocyte activation,20,791,103,14575,2.4358026235959216e-05
SSA,DESeq2,GO:0002363,BP,alpha-beta T cell lineage commitment,8,791,16,14575,2.74170761401662e-05
SSA,DESeq2,GO:0045953,BP,negative regulation of natural killer cell mediated cytotoxicity,8,791,16,14575,2.74170761401662e-05
SSA,DESeq2,GO:0046629,BP,gamma-delta T cell activation,8,791,16,14575,2.74170761401662e-05
SSA,DESeq2,GO:0002230,BP,positive regulation of defense response to virus by host,9,791,21,14575,2.74170761401662e-05
SSA,DESeq2,GO:0072540,BP,T-helper 17 cell lineage commitment,6,791,8,14575,2.74170761401662e-05
SSA,DESeq2,GO:0036037,BP,"CD8-positive, alpha-beta T cell activation",6,791,8,14575,2.74170761401662e-05
SSA,DESeq2,GO:0023056,BP,positive regulation of signaling,117,791,1378,14575,2.964650109843275e-05
SSA,DESeq2,GO:0043029,BP,T cell homeostasis,11,791,33,14575,3.081030343037265e-05
SSA,DESeq2,GO:0042221,BP,response to chemical,158,791,2010,14575,3.1556011527565226e-05
SSA,DESeq2,GO:0002719,BP,negative regulation of cytokine production involved in immune response,10,791,27,14575,3.218686303877311e-05
SSA,DESeq2,GO:0031032,BP,actomyosin structure organization,20,791,105,14575,3.242089706902907e-05
SSA,DESeq2,GO:0002312,BP,B cell activation involved in immune response,13,791,47,14575,3.3913593496277e-05
SSA,DESeq2,GO:0032715,BP,negative regulation of interleukin-6 production,12,791,40,14575,3.4257538714405225e-05
SSA,DESeq2,GO:0002486,BP,"antigen processing and presentation of endogenous peptide antigen via MHC class I via ER pathway, TAP-independent",7,791,12,14575,3.504666052204924e-05
SSA,DESeq2,GO:0002218,BP,activation of innate immune response,23,791,135,14575,3.8388614528156246e-05
SSA,DESeq2,GO:0032703,BP,negative regulation of interleukin-2 production,9,791,22,14575,4.238432707344594e-05
SSA,DESeq2,GO:0045807,BP,positive regulation of endocytosis,22,791,126,14575,4.27129649408015e-05
SSA,DESeq2,GO:0051282,BP,regulation of sequestering of calcium ion,19,791,98,14575,4.484825183271853e-05
SSA,DESeq2,GO:0043369,BP,"CD4-positive or CD8-positive, alpha-beta T cell lineage commitment",8,791,17,14575,4.6640823111985296e-05
SSA,DESeq2,GO:0002716,BP,negative regulation of natural killer cell mediated immunity,8,791,17,14575,4.6640823111985296e-05
SSA,DESeq2,GO:0050794,BP,regulation of cellular process,501,791,8018,14575,4.799031307254906e-05
SSA,DESeq2,GO:0008284,BP,positive regulation of cell population proliferation,71,791,729,14575,5.510360447682839e-05
SSA,DESeq2,GO:0050789,BP,regulation of biological process,520,791,8392,14575,5.946873518253847e-05
SSA,DESeq2,GO:0040012,BP,regulation of locomotion,80,791,853,14575,6.385655540145481e-05
SSA,DESeq2,GO:0001562,BP,response to protozoan,9,791,23,14575,6.442048603072773e-05
SSA,DESeq2,GO:2000145,BP,regulation of cell motility,78,791,826,14575,6.517335274192013e-05
SSA,DESeq2,GO:0032479,BP,regulation of type I interferon production,20,791,110,14575,6.59326429469763e-05
SSA,DESeq2,GO:0007204,BP,positive regulation of cytosolic calcium ion concentration,20,791,110,14575,6.59326429469763e-05
SSA,DESeq2,GO:0043301,BP,negative regulation of leukocyte degranulation,7,791,13,14575,6.914641454143597e-05
SSA,DESeq2,GO:0007186,BP,G protein-coupled receptor signaling pathway,51,791,464,14575,6.991950437560032e-05
SSA,DESeq2,GO:0002578,BP,negative regulation of antigen processing and presentation,6,791,9,14575,7.230688205749864e-05
SSA,DESeq2,GO:0032102,BP,negative regulation of response to external stimulus,40,791,331,14575,7.230688205749864e-05
SSA,DESeq2,GO:0046638,BP,positive regulation of alpha-beta T cell differentiation,12,791,43,14575,7.614881845731408e-05
SSA,DESeq2,GO:0045591,BP,positive regulation of regulatory T cell differentiation,8,791,18,14575,7.638751249161787e-05
SSA,DESeq2,GO:0048872,BP,homeostasis of number of cells,24,791,151,14575,7.638751249161787e-05
SSA,DESeq2,GO:0045824,BP,negative regulation of innate immune response,16,791,75,14575,7.959143793452429e-05
SSA,DESeq2,GO:0050730,BP,regulation of peptidyl-tyrosine phosphorylation,26,791,173,14575,8.512010077236384e-05
SSA,DESeq2,GO:0050860,BP,negative regulation of T cell receptor signaling pathway,9,791,24,14575,9.440288694857547e-05
SSA,DESeq2,GO:0045066,BP,regulatory T cell differentiation,5,791,6,14575,0.00010288889852882961
SSA,DESeq2,GO:0032720,BP,negative regulation of tumor necrosis factor production,13,791,52,14575,0.0001093420802151227
SSA,DESeq2,GO:0046637,BP,regulation of alpha-beta T cell differentiation,14,791,60,14575,0.00011060114114715322
SSA,DESeq2,GO:0141124,BP,intracellular signaling cassette,66,791,675,14575,0.00011772255810017366
SSA,DESeq2,GO:0071310,BP,cellular response to organic substance,89,791,1001,14575,0.00011902729660729735
SSA,DESeq2,GO:0001913,BP,T cell mediated cytotoxicity,7,791,14,14575,0.00012551634604127273
SSA,DESeq2,GO:0043122,BP,regulation of canonical NF-kappaB signal transduction,33,791,254,14575,0.00013037783126104965
SSA,DESeq2,GO:0002639,BP,positive regulation of immunoglobulin production,11,791,38,14575,0.00013122250047210713
SSA,DESeq2,GO:2000403,BP,positive regulation of lymphocyte migration,11,791,38,14575,0.00013122250047210713
SSA,DESeq2,GO:0050850,BP,positive regulation of calcium-mediated signaling,11,791,38,14575,0.00013122250047210713
SSA,DESeq2,GO:2000514,BP,"regulation of CD4-positive, alpha-beta T cell activation",14,791,61,14575,0.00013289217298924678
SSA,DESeq2,GO:0002720,BP,positive regulation of cytokine production involved in immune response,15,791,70,14575,0.00014912629174570208
SSA,DESeq2,GO:0070887,BP,cellular response to chemical stimulus,108,791,1288,14575,0.00015552660238970836
SSA,DESeq2,GO:0002467,BP,germinal center formation,6,791,10,14575,0.00016100720075193765
SSA,DESeq2,GO:0002886,BP,regulation of myeloid leukocyte mediated immunity,13,791,54,14575,0.0001641176684217187
SSA,DESeq2,GO:1903556,BP,negative regulation of tumor necrosis factor superfamily cytokine production,13,791,54,14575,0.0001641176684217187
SSA,DESeq2,GO:0019730,BP,antimicrobial humoral response,13,791,54,14575,0.0001641176684217187
SSA,DESeq2,GO:0031295,BP,T cell costimulation,11,791,39,14575,0.00016943478024580237
SSA,DESeq2,GO:0042832,BP,defense response to protozoan,8,791,20,14575,0.0001859457479239696
SSA,DESeq2,GO:0043408,BP,regulation of MAPK cascade,53,791,511,14575,0.00020459513137573791
SSA,DESeq2,GO:0050731,BP,positive regulation of peptidyl-tyrosine phosphorylation,20,791,119,14575,0.00021090698643324522
SSA,DESeq2,GO:0072677,BP,eosinophil migration,7,791,15,14575,0.0002132879762331963
SSA,DESeq2,GO:0048245,BP,eosinophil chemotaxis,7,791,15,14575,0.0002132879762331963
SSA,DESeq2,GO:0031294,BP,lymphocyte costimulation,11,791,40,14575,0.0002178794488290345
SSA,DESeq2,GO:0045577,BP,regulation of B cell differentiation,10,791,33,14575,0.00022041790149505768
SSA,DESeq2,GO:2000406,BP,positive regulation of T cell migration,10,791,33,14575,0.00022041790149505768
SSA,DESeq2,GO:0002335,BP,mature B cell differentiation,9,791,27,14575,0.00026475169090378213
SSA,DESeq2,GO:0006958,BP,"complement activation, classical pathway",9,791,27,14575,0.00026475169090378213
SSA,DESeq2,GO:0150077,BP,regulation of neuroinflammatory response,9,791,27,14575,0.00026475169090378213
SSA,DESeq2,GO:0002360,BP,T cell lineage commitment,8,791,21,14575,0.00027490418607717745
SSA,DESeq2,GO:0032733,BP,positive regulation of interleukin-10 production,10,791,34,14575,0.0002909700104830283
SSA,DESeq2,GO:0002477,BP,antigen processing and presentation of exogenous peptide antigen via MHC class Ib,4,791,4,14575,0.0002978913708326971
SSA,DESeq2,GO:0043374,BP,"CD8-positive, alpha-beta T cell differentiation",4,791,4,14575,0.0002978913708326971
SSA,DESeq2,GO:0002758,BP,innate immune response-activating signaling pathway,19,791,112,14575,0.0002978913708326971
SSA,DESeq2,GO:0002725,BP,negative regulation of T cell cytokine production,5,791,7,14575,0.00030738870519928316
SSA,DESeq2,GO:0002604,BP,regulation of dendritic cell antigen processing and presentation,6,791,11,14575,0.00031360893417835056
SSA,DESeq2,GO:0002664,BP,regulation of T cell tolerance induction,6,791,11,14575,0.00031360893417835056
SSA,DESeq2,GO:0033632,BP,regulation of cell-cell adhesion mediated by integrin,6,791,11,14575,0.00031360893417835056
SSA,DESeq2,GO:0033993,BP,response to lipid,60,791,613,14575,0.0003259718738586724
SSA,DESeq2,GO:0002643,BP,regulation of tolerance induction,7,791,16,14575,0.00034120516488552307
SSA,DESeq2,GO:0043372,BP,"positive regulation of CD4-positive, alpha-beta T cell differentiation",9,791,28,14575,0.00035912064904010637
SSA,DESeq2,GO:2000107,BP,negative regulation of leukocyte apoptotic process,12,791,50,14575,0.0003644493556458501
SSA,DESeq2,GO:0098586,BP,cellular response to virus,12,791,50,14575,0.0003644493556458501
SSA,DESeq2,GO:1903306,BP,negative regulation of regulated secretory pathway,8,791,22,14575,0.0003943046607883134
SSA,DESeq2,GO:1902531,BP,regulation of intracellular signal transduction,118,791,1474,14575,0.0003943046607883134
SSA,DESeq2,GO:0065009,BP,regulation of molecular function,126,791,1597,14575,0.00045234409504898076
SSA,DESeq2,GO:0030099,BP,myeloid cell differentiation,26,791,191,14575,0.000460479374108519
SSA,DESeq2,GO:0043123,BP,positive regulation of canonical NF-kappaB signal transduction,26,791,192,14575,0.0005046281010172154
SSA,DESeq2,GO:1901623,BP,regulation of lymphocyte chemotaxis,8,791,23,14575,0.0005690145155237766
SSA,DESeq2,GO:0008285,BP,negative regulation of cell population proliferation,56,791,574,14575,0.0006254465484328945
SSA,DESeq2,GO:0006956,BP,complement activation,10,791,37,14575,0.0006273792964804259
SSA,DESeq2,GO:0042531,BP,positive regulation of tyrosine phosphorylation of STAT protein,10,791,37,14575,0.0006273792964804259
SSA,DESeq2,GO:0050848,BP,regulation of calcium-mediated signaling,14,791,70,14575,0.0006342909512302703
SSA,DESeq2,GO:0002724,BP,regulation of T cell cytokine production,9,791,30,14575,0.0006467445027037665
SSA,DESeq2,GO:0060048,BP,cardiac muscle contraction,9,791,30,14575,0.0006467445027037665
SSA,DESeq2,GO:0043299,BP,leukocyte degranulation,9,791,30,14575,0.0006467445027037665
SSA,DESeq2,GO:0043370,BP,"regulation of CD4-positive, alpha-beta T cell differentiation",11,791,45,14575,0.0006747752696478109
SSA,DESeq2,GO:1903169,BP,regulation of calcium ion transmembrane transport,19,791,119,14575,0.0006808618950928851
SSA,DESeq2,GO:0002666,BP,positive regulation of T cell tolerance induction,5,791,8,14575,0.0007284059624319469
SSA,DESeq2,GO:2001187,BP,"positive regulation of CD8-positive, alpha-beta T cell activation",5,791,8,14575,0.0007284059624319469
SSA,DESeq2,GO:0033275,BP,actin-myosin filament sliding,5,791,8,14575,0.0007284059624319469
SSA,DESeq2,GO:0045637,BP,regulation of myeloid cell differentiation,23,791,163,14575,0.0007648060734370567
SSA,DESeq2,GO:0019731,BP,antibacterial humoral response,8,791,24,14575,0.0007822556956341728
SSA,DESeq2,GO:0048535,BP,lymph node development,7,791,18,14575,0.0008067867467248417
SSA,DESeq2,GO:0032652,BP,regulation of interleukin-1 production,16,791,91,14575,0.0008765574921882538
SSA,DESeq2,GO:0002864,BP,regulation of acute inflammatory response to antigenic stimulus,6,791,13,14575,0.0009781711846307225
SSA,DESeq2,GO:0046633,BP,alpha-beta T cell proliferation,6,791,13,14575,0.0009781711846307225
SSA,DESeq2,GO:0042509,BP,regulation of tyrosine phosphorylation of STAT protein,11,791,47,14575,0.0010159673947875484
SSA,DESeq2,GO:0002712,BP,regulation of B cell mediated immunity,11,791,47,14575,0.0010159673947875484
SSA,DESeq2,GO:0002889,BP,regulation of immunoglobulin mediated immune response,11,791,47,14575,0.0010159673947875484
SSA,DESeq2,GO:0050857,BP,positive regulation of antigen receptor-mediated signaling pathway,8,791,25,14575,0.0010720162197680263
SSA,DESeq2,GO:0032660,BP,regulation of interleukin-17 production,8,791,25,14575,0.0010720162197680263
SSA,DESeq2,GO:0032743,BP,positive regulation of interleukin-2 production,9,791,32,14575,0.0010995069771173715
SSA,DESeq2,GO:0032722,BP,positive regulation of chemokine production,12,791,56,14575,0.001136829796826425
SSA,DESeq2,GO:2001185,BP,"regulation of CD8-positive, alpha-beta T cell activation",7,791,19,14575,0.0011809396362067836
SSA,DESeq2,GO:0040017,BP,positive regulation of locomotion,49,791,490,14575,0.0011986768357866565
SSA,DESeq2,GO:0030335,BP,positive regulation of cell migration,47,791,466,14575,0.001234136865434596
SSA,DESeq2,GO:0051715,BP,cytolysis in another organism,4,791,5,14575,0.0012546545038153196
SSA,DESeq2,GO:0032831,BP,"positive regulation of CD4-positive, CD25-positive, alpha-beta regulatory T cell differentiation",4,791,5,14575,0.0012546545038153196
SSA,DESeq2,GO:0032829,BP,"regulation of CD4-positive, CD25-positive, alpha-beta regulatory T cell differentiation",4,791,5,14575,0.0012546545038153196
SSA,DESeq2,GO:0016477,BP,cell migration,63,791,688,14575,0.001322021664728676
SSA,DESeq2,GO:0051049,BP,regulation of transport,98,791,1203,14575,0.0013970403278277341
SSA,DESeq2,GO:0002673,BP,regulation of acute inflammatory response,9,791,33,14575,0.0013999597436353407
SSA,DESeq2,GO:0051928,BP,positive regulation of calcium ion transport,15,791,85,14575,0.0014115754596366742
SSA,DESeq2,GO:0065007,BP,biological regulation,526,791,8687,14575,0.0014346831699600725
SSA,DESeq2,GO:0001915,BP,negative regulation of T cell mediated cytotoxicity,5,791,9,14575,0.0014604980931955704
SSA,DESeq2,GO:0031666,BP,positive regulation of lipopolysaccharide-mediated signaling pathway,5,791,9,14575,0.0014604980931955704
SSA,DESeq2,GO:0002883,BP,regulation of hypersensitivity,5,791,9,14575,0.0014604980931955704
SSA,DESeq2,GO:0046632,BP,alpha-beta T cell differentiation,11,791,49,14575,0.0014647362599577662
SSA,DESeq2,GO:0002888,BP,positive regulation of myeloid leukocyte mediated immunity,7,791,20,14575,0.0016742036131317558
SSA,DESeq2,GO:0010935,BP,regulation of macrophage cytokine production,9,791,34,14575,0.0017791301666845699
SSA,DESeq2,GO:0002221,BP,pattern recognition receptor signaling pathway,16,791,97,14575,0.001837958138943496
SSA,DESeq2,GO:0043300,BP,regulation of leukocyte degranulation,10,791,42,14575,0.0018648131153774776
SSA,DESeq2,GO:1904892,BP,regulation of receptor signaling pathway via STAT,12,791,59,14575,0.0018728680114867254
SSA,DESeq2,GO:0097028,BP,dendritic cell differentiation,8,791,27,14575,0.0018822723429667287
SSA,DESeq2,GO:0032689,BP,negative regulation of type II interferon production,8,791,27,14575,0.0018822723429667287
SSA,DESeq2,GO:1904062,BP,regulation of monoatomic cation transmembrane transport,26,791,207,14575,0.001913475714116951
SSA,DESeq2,GO:0032651,BP,regulation of interleukin-1 beta production,14,791,78,14575,0.0020016602845022375
SSA,DESeq2,GO:0051279,BP,regulation of release of sequestered calcium ion into cytosol,12,791,60,14575,0.0021953647197218186
SSA,DESeq2,GO:0050855,BP,regulation of B cell receptor signaling pathway,7,791,21,14575,0.002330965126169558
SSA,DESeq2,GO:0035556,BP,intracellular signal transduction,99,791,1242,14575,0.0023465356955363337
SSA,DESeq2,GO:0010819,BP,regulation of T cell chemotaxis,6,791,15,14575,0.002368448468758278
SSA,DESeq2,GO:0030239,BP,myofibril assembly,8,791,28,14575,0.0024551754222458936
SSA,DESeq2,GO:2000147,BP,positive regulation of cell motility,47,791,481,14575,0.002455628413601304
SSA,DESeq2,GO:0070228,BP,regulation of lymphocyte apoptotic process,11,791,52,14575,0.002496430888414157
SSA,DESeq2,GO:0033209,BP,tumor necrosis factor-mediated signaling pathway,11,791,52,14575,0.002496430888414157
SSA,DESeq2,GO:1901222,BP,regulation of non-canonical NF-kappaB signal transduction,14,791,80,14575,0.0025973802487158685
SSA,DESeq2,GO:0002645,BP,positive regulation of tolerance induction,5,791,10,14575,0.0026356542459753953
SSA,DESeq2,GO:2001198,BP,regulation of dendritic cell differentiation,5,791,10,14575,0.0026356542459753953
SSA,DESeq2,GO:0032661,BP,regulation of interleukin-18 production,5,791,10,14575,0.0026356542459753953
SSA,DESeq2,GO:0033077,BP,T cell differentiation in thymus,9,791,36,14575,0.0027474380758623633
SSA,DESeq2,GO:0046596,BP,regulation of viral entry into host cell,9,791,36,14575,0.0027474380758623633
SSA,DESeq2,GO:0002313,BP,mature B cell differentiation involved in immune response,7,791,22,14575,0.0031321727747273802
SSA,DESeq2,GO:0090023,BP,positive regulation of neutrophil chemotaxis,7,791,22,14575,0.0031321727747273802
SSA,DESeq2,GO:0061756,BP,leukocyte adhesion to vascular endothelial cell,7,791,22,14575,0.0031321727747273802
SSA,DESeq2,GO:0002825,BP,regulation of T-helper 1 type immune response,7,791,22,14575,0.0031321727747273802
SSA,DESeq2,GO:0035458,BP,cellular response to interferon-beta,7,791,22,14575,0.0031321727747273802
SSA,DESeq2,GO:2000501,BP,regulation of natural killer cell chemotaxis,4,791,6,14575,0.00326092876825641
SSA,DESeq2,GO:2001188,BP,regulation of T cell activation via T cell receptor contact with antigen bound to MHC molecule on antigen presenting cell,4,791,6,14575,0.00326092876825641
SSA,DESeq2,GO:0030240,BP,skeletal muscle thin filament assembly,4,791,6,14575,0.00326092876825641
SSA,DESeq2,GO:0032741,BP,positive regulation of interleukin-18 production,4,791,6,14575,0.00326092876825641
SSA,DESeq2,GO:0033634,BP,positive regulation of cell-cell adhesion mediated by integrin,4,791,6,14575,0.00326092876825641
SSA,DESeq2,GO:0019835,BP,cytolysis,4,791,6,14575,0.00326092876825641
SSA,DESeq2,GO:0002861,BP,regulation of inflammatory response to antigenic stimulus,9,791,37,14575,0.003364614814873947
SSA,DESeq2,GO:0030029,BP,actin filament-based process,36,791,339,14575,0.0035294614210330815
SSA,DESeq2,GO:0043068,BP,positive regulation of programmed cell death,45,791,460,14575,0.003749927723734049
SSA,DESeq2,GO:0010720,BP,positive regulation of cell development,38,791,364,14575,0.0037643678081219034
SSA,DESeq2,GO:0002763,BP,positive regulation of myeloid leukocyte differentiation,10,791,46,14575,0.0038955010627109007
SSA,DESeq2,GO:0001782,BP,B cell homeostasis,8,791,30,14575,0.0039585300820645895
SSA,DESeq2,GO:0031664,BP,regulation of lipopolysaccharide-mediated signaling pathway,7,791,23,14575,0.004147140306822452
SSA,DESeq2,GO:0071624,BP,positive regulation of granulocyte chemotaxis,7,791,23,14575,0.004147140306822452
SSA,DESeq2,GO:0032642,BP,regulation of chemokine production,13,791,74,14575,0.004169610368046815
SSA,DESeq2,GO:2000566,BP,"positive regulation of CD8-positive, alpha-beta T cell proliferation",3,791,3,14575,0.004251567921602389
SSA,DESeq2,GO:0002519,BP,natural killer cell tolerance induction,3,791,3,14575,0.004251567921602389
SSA,DESeq2,GO:2000523,BP,regulation of T cell costimulation,3,791,3,14575,0.004251567921602389
SSA,DESeq2,GO:0002316,BP,follicular B cell differentiation,3,791,3,14575,0.004251567921602389
SSA,DESeq2,GO:0002887,BP,negative regulation of myeloid leukocyte mediated immunity,5,791,11,14575,0.004333080764755718
SSA,DESeq2,GO:0010818,BP,T cell chemotaxis,5,791,11,14575,0.004333080764755718
SSA,DESeq2,GO:0038093,BP,Fc receptor signaling pathway,10,791,47,14575,0.004588684966269041
SSA,DESeq2,GO:0034765,BP,regulation of monoatomic ion transmembrane transport,27,791,231,14575,0.004600238924863807
SSA,DESeq2,GO:0008283,BP,cell population proliferation,52,791,560,14575,0.004702930269864201
SSA,DESeq2,GO:0030889,BP,negative regulation of B cell proliferation,6,791,17,14575,0.004823899071518775
SSA,DESeq2,GO:0050862,BP,positive regulation of T cell receptor signaling pathway,6,791,17,14575,0.004823899071518775
SSA,DESeq2,GO:0035455,BP,response to interferon-alpha,6,791,17,14575,0.004823899071518775
SSA,DESeq2,GO:0002281,BP,macrophage activation involved in immune response,6,791,17,14575,0.004823899071518775
SSA,DESeq2,GO:0045920,BP,negative regulation of exocytosis,8,791,31,14575,0.004880255564613841
SSA,DESeq2,GO:0002761,BP,regulation of myeloid leukocyte differentiation,15,791,96,14575,0.005058036884397547
SSA,DESeq2,GO:0032732,BP,positive regulation of interleukin-1 production,11,791,57,14575,0.005402386234679431
SSA,DESeq2,GO:0043270,BP,positive regulation of monoatomic ion transport,20,791,152,14575,0.0054410853784868105
SSA,DESeq2,GO:0051336,BP,regulation of hydrolase activity,55,791,608,14575,0.00574627863016142
SSA,DESeq2,GO:0032481,BP,positive regulation of type I interferon production,12,791,67,14575,0.00586175856813242
SSA,DESeq2,GO:0048534,BP,hematopoietic or lymphoid organ development,13,791,77,14575,0.00600633075840434
SSA,DESeq2,GO:0030101,BP,natural killer cell activation,8,791,32,14575,0.006078790188925666
SSA,DESeq2,GO:0046006,BP,regulation of activated T cell proliferation,8,791,32,14575,0.006078790188925666
SSA,DESeq2,GO:0002920,BP,regulation of humoral immune response,8,791,32,14575,0.006078790188925666
SSA,DESeq2,GO:0048870,BP,cell motility,64,791,746,14575,0.006205640412327463
SSA,DESeq2,GO:1901224,BP,positive regulation of non-canonical NF-kappaB signal transduction,11,791,58,14575,0.006232037787401255
SSA,DESeq2,GO:0002911,BP,regulation of lymphocyte anergy,4,791,7,14575,0.006617012875957735
SSA,DESeq2,GO:0002765,BP,immune response-inhibiting signal transduction,4,791,7,14575,0.006617012875957735
SSA,DESeq2,GO:0002667,BP,regulation of T cell anergy,4,791,7,14575,0.006617012875957735
SSA,DESeq2,GO:2000564,BP,"regulation of CD8-positive, alpha-beta T cell proliferation",4,791,7,14575,0.006617012875957735
SSA,DESeq2,GO:0030049,BP,muscle filament sliding,4,791,7,14575,0.006617012875957735
SSA,DESeq2,GO:0140131,BP,positive regulation of lymphocyte chemotaxis,6,791,18,14575,0.006627182858404043
SSA,DESeq2,GO:0002863,BP,positive regulation of inflammatory response to antigenic stimulus,5,791,12,14575,0.006651748428206696
SSA,DESeq2,GO:1905155,BP,positive regulation of membrane invagination,5,791,12,14575,0.006651748428206696
SSA,DESeq2,GO:0060100,BP,"positive regulation of phagocytosis, engulfment",5,791,12,14575,0.006651748428206696
SSA,DESeq2,GO:0002573,BP,myeloid leukocyte differentiation,16,791,110,14575,0.0070243197147039065
SSA,DESeq2,GO:1904427,BP,positive regulation of calcium ion transmembrane transport,11,791,59,14575,0.0071133810641455285
SSA,DESeq2,GO:0003008,BP,system process,76,791,933,14575,0.007940090663871448
SSA,DESeq2,GO:0140374,BP,antiviral innate immune response,9,791,42,14575,0.008504521869485167
SSA,DESeq2,GO:1902106,BP,negative regulation of leukocyte differentiation,13,791,80,14575,0.008515433506476874
SSA,DESeq2,GO:0090322,BP,regulation of superoxide metabolic process,7,791,26,14575,0.00880053622395917
SSA,DESeq2,GO:0051050,BP,positive regulation of transport,57,791,651,14575,0.008853944492163668
SSA,DESeq2,GO:0050901,BP,leukocyte tethering or rolling,6,791,19,14575,0.008976668828027605
SSA,DESeq2,GO:0045954,BP,positive regulation of natural killer cell mediated cytotoxicity,6,791,19,14575,0.008976668828027605
SSA,DESeq2,GO:0001773,BP,myeloid dendritic cell activation,6,791,19,14575,0.008976668828027605
SSA,DESeq2,GO:0032928,BP,regulation of superoxide anion generation,6,791,19,14575,0.008976668828027605
SSA,DESeq2,GO:0042554,BP,superoxide anion generation,6,791,19,14575,0.008976668828027605
SSA,DESeq2,GO:0050790,BP,regulation of catalytic activity,89,791,1135,14575,0.008982264002480105
SSA,DESeq2,GO:0030036,BP,actin cytoskeleton organization,31,791,296,14575,0.009813717092893404
SSA,DESeq2,GO:2000026,BP,regulation of multicellular organismal development,87,791,1106,14575,0.009823786415281945
SSA,DESeq2,GO:1905153,BP,regulation of membrane invagination,5,791,13,14575,0.009919451659178454
SSA,DESeq2,GO:0055003,BP,cardiac myofibril assembly,5,791,13,14575,0.009919451659178454
SSA,DESeq2,GO:0060099,BP,"regulation of phagocytosis, engulfment",5,791,13,14575,0.009919451659178454
SSA,DESeq2,GO:0002827,BP,positive regulation of T-helper 1 type immune response,5,791,13,14575,0.009919451659178454
SSA,DESeq2,GO:0052372,BP,modulation by symbiont of entry into host,9,791,43,14575,0.009919451659178454
SSA,DESeq2,GO:0043030,BP,regulation of macrophage activation,9,791,43,14575,0.009919451659178454
SSA,DESeq2,GO:0045639,BP,positive regulation of myeloid cell differentiation,13,791,82,14575,0.010562875506591725
SSA,DESeq2,GO:0043067,BP,regulation of programmed cell death,94,791,1221,14575,0.010818731407477862
SSA,DESeq2,GO:0070232,BP,regulation of T cell apoptotic process,8,791,35,14575,0.010968841078320277
SSA,DESeq2,GO:0002675,BP,positive regulation of acute inflammatory response,6,791,20,14575,0.011873773067943426
SSA,DESeq2,GO:0002676,BP,regulation of chronic inflammatory response,4,791,8,14575,0.011873773067943426
SSA,DESeq2,GO:2000109,BP,regulation of macrophage apoptotic process,4,791,8,14575,0.011873773067943426
SSA,DESeq2,GO:2000510,BP,positive regulation of dendritic cell chemotaxis,4,791,8,14575,0.011873773067943426
SSA,DESeq2,GO:0033089,BP,positive regulation of T cell differentiation in thymus,4,791,8,14575,0.011873773067943426
SSA,DESeq2,GO:0140507,BP,granzyme-mediated programmed cell death signaling pathway,4,791,8,14575,0.011873773067943426
SSA,DESeq2,GO:0097527,BP,necroptotic signaling pathway,4,791,8,14575,0.011873773067943426
SSA,DESeq2,GO:0009966,BP,regulation of signal transduction,167,791,2406,14575,0.01285562820633639
SSA,DESeq2,GO:0140888,BP,interferon-mediated signaling pathway,8,791,36,14575,0.013134624665205558
SSA,DESeq2,GO:0051281,BP,positive regulation of release of sequestered calcium ion into cytosol,7,791,28,14575,0.013521745860010096
SSA,DESeq2,GO:1902624,BP,positive regulation of neutrophil migration,7,791,28,14575,0.013521745860010096
SSA,DESeq2,GO:0032647,BP,regulation of interferon-alpha production,7,791,28,14575,0.013521745860010096
SSA,DESeq2,GO:0051209,BP,release of sequestered calcium ion into cytosol,9,791,45,14575,0.01364185653357887
SSA,DESeq2,GO:0002774,BP,Fc receptor mediated inhibitory signaling pathway,3,791,4,14575,0.013944650533290597
SSA,DESeq2,GO:0042270,BP,protection from natural killer cell mediated cytotoxicity,3,791,4,14575,0.013944650533290597
SSA,DESeq2,GO:2000503,BP,positive regulation of natural killer cell chemotaxis,3,791,4,14575,0.013944650533290597
SSA,DESeq2,GO:0031580,BP,membrane raft distribution,3,791,4,14575,0.013944650533290597
SSA,DESeq2,GO:0002605,BP,negative regulation of dendritic cell antigen processing and presentation,3,791,4,14575,0.013944650533290597
SSA,DESeq2,GO:1904151,BP,positive regulation of microglial cell mediated cytotoxicity,3,791,4,14575,0.013944650533290597
SSA,DESeq2,GO:0010820,BP,positive regulation of T cell chemotaxis,5,791,14,14575,0.014053158162949483
SSA,DESeq2,GO:0044093,BP,positive regulation of molecular function,79,791,995,14575,0.014086765655055846
SSA,DESeq2,GO:1903707,BP,negative regulation of hemopoiesis,13,791,85,14575,0.014343541712678294
SSA,DESeq2,GO:0032648,BP,regulation of interferon-beta production,10,791,55,14575,0.015003062788171763
SSA,DESeq2,GO:0140894,BP,endolysosomal toll-like receptor signaling pathway,6,791,21,14575,0.015168237360435691
SSA,DESeq2,GO:0060142,BP,regulation of syncytium formation by plasma membrane fusion,6,791,21,14575,0.015168237360435691
SSA,DESeq2,GO:0002717,BP,positive regulation of natural killer cell mediated immunity,6,791,21,14575,0.015168237360435691
SSA,DESeq2,GO:0070233,BP,negative regulation of T cell apoptotic process,6,791,21,14575,0.015168237360435691
SSA,DESeq2,GO:1901700,BP,response to oxygen-containing compound,83,791,1060,14575,0.015472034571025443
SSA,DESeq2,GO:0032879,BP,regulation of localization,114,791,1550,14575,0.015626953084572074
SSA,DESeq2,GO:0034762,BP,regulation of transmembrane transport,33,791,326,14575,0.015626953084572074
SSA,DESeq2,GO:0071622,BP,regulation of granulocyte chemotaxis,9,791,46,14575,0.015626953084572074
SSA,DESeq2,GO:0051283,BP,negative regulation of sequestering of calcium ion,9,791,46,14575,0.015626953084572074
SSA,DESeq2,GO:0033628,BP,regulation of cell adhesion mediated by integrin,9,791,46,14575,0.015626953084572074
SSA,DESeq2,GO:0060759,BP,regulation of response to cytokine stimulus,19,791,150,14575,0.015825904285198256
SSA,DESeq2,GO:0071396,BP,cellular response to lipid,35,791,356,14575,0.017174680458306106
SSA,DESeq2,GO:0032728,BP,positive regulation of interferon-beta production,8,791,38,14575,0.018328550685960617
SSA,DESeq2,GO:0097190,BP,apoptotic signaling pathway,28,791,266,14575,0.018616309630274646
SSA,DESeq2,GO:2000508,BP,regulation of dendritic cell chemotaxis,4,791,9,14575,0.019134355651067476
SSA,DESeq2,GO:0042590,BP,antigen processing and presentation of exogenous peptide antigen via MHC class I,4,791,9,14575,0.019134355651067476
SSA,DESeq2,GO:0045579,BP,positive regulation of B cell differentiation,5,791,15,14575,0.0194008933762899
SSA,DESeq2,GO:0007267,BP,cell-cell signaling,35,791,362,14575,0.019438995034553937
SSA,DESeq2,GO:0090022,BP,regulation of neutrophil chemotaxis,7,791,30,14575,0.020045619374054587
SSA,DESeq2,GO:0043903,BP,regulation of biological process involved in symbiotic interaction,9,791,48,14575,0.021095147293651972
SSA,DESeq2,GO:0006816,BP,calcium ion transport,20,791,170,14575,0.021423483094420204
SSA,DESeq2,GO:0030100,BP,regulation of endocytosis,25,791,233,14575,0.023894193997541596
SSA,DESeq2,GO:0002714,BP,positive regulation of B cell mediated immunity,7,791,31,14575,0.02428584363540348
SSA,DESeq2,GO:1904037,BP,positive regulation of epithelial cell apoptotic process,7,791,31,14575,0.02428584363540348
SSA,DESeq2,GO:0002891,BP,positive regulation of immunoglobulin mediated immune response,7,791,31,14575,0.02428584363540348
SSA,DESeq2,GO:0035710,BP,"CD4-positive, alpha-beta T cell activation",9,791,49,14575,0.02428584363540348
SSA,DESeq2,GO:0032731,BP,positive regulation of interleukin-1 beta production,9,791,49,14575,0.02428584363540348
SSA,DESeq2,GO:0070269,BP,pyroptosis,6,791,23,14575,0.024407109063836425
SSA,DESeq2,GO:0060907,BP,positive regulation of macrophage cytokine production,6,791,23,14575,0.024407109063836425
SSA,DESeq2,GO:0032677,BP,regulation of interleukin-8 production,11,791,69,14575,0.024407109063836425
SSA,DESeq2,GO:0060760,BP,positive regulation of response to cytokine stimulus,10,791,59,14575,0.024956015154904858
SSA,DESeq2,GO:1904645,BP,response to amyloid-beta,8,791,40,14575,0.02528763320387435
SSA,DESeq2,GO:0071356,BP,cellular response to tumor necrosis factor,14,791,102,14575,0.025421207707735757
SSA,DESeq2,GO:1901739,BP,regulation of myoblast fusion,5,791,16,14575,0.026125190109112913
SSA,DESeq2,GO:0034113,BP,heterotypic cell-cell adhesion,7,791,32,14575,0.029038899327334087
SSA,DESeq2,GO:0031663,BP,lipopolysaccharide-mediated signaling pathway,7,791,32,14575,0.029038899327334087
SSA,DESeq2,GO:2000563,BP,"positive regulation of CD4-positive, alpha-beta T cell proliferation",4,791,10,14575,0.02913590067427027
SSA,DESeq2,GO:0032372,BP,negative regulation of sterol transport,4,791,10,14575,0.02913590067427027
SSA,DESeq2,GO:0032375,BP,negative regulation of cholesterol transport,4,791,10,14575,0.02913590067427027
SSA,DESeq2,GO:0014896,BP,muscle hypertrophy,6,791,24,14575,0.03008725379477831
SSA,DESeq2,GO:0002314,BP,germinal center B cell differentiation,3,791,5,14575,0.03008725379477831
SSA,DESeq2,GO:1904149,BP,regulation of microglial cell mediated cytotoxicity,3,791,5,14575,0.03008725379477831
SSA,DESeq2,GO:0140639,BP,positive regulation of pyroptosis,3,791,5,14575,0.03008725379477831
SSA,DESeq2,GO:0034154,BP,toll-like receptor 7 signaling pathway,3,791,5,14575,0.03008725379477831
SSA,DESeq2,GO:2000646,BP,positive regulation of receptor catabolic process,3,791,5,14575,0.03008725379477831
SSA,DESeq2,GO:0002767,BP,immune response-inhibiting cell surface receptor signaling pathway,3,791,5,14575,0.03008725379477831
SSA,DESeq2,GO:0051665,BP,membrane raft localization,3,791,5,14575,0.03008725379477831
SSA,DESeq2,GO:0002835,BP,negative regulation of response to tumor cell,3,791,5,14575,0.03008725379477831
SSA,DESeq2,GO:0002913,BP,positive regulation of lymphocyte anergy,3,791,5,14575,0.03008725379477831
SSA,DESeq2,GO:0002418,BP,immune response to tumor cell,3,791,5,14575,0.03008725379477831
SSA,DESeq2,GO:0002517,BP,T cell tolerance induction,3,791,5,14575,0.03008725379477831
SSA,DESeq2,GO:0002669,BP,positive regulation of T cell anergy,3,791,5,14575,0.03008725379477831
SSA,DESeq2,GO:0002838,BP,negative regulation of immune response to tumor cell,3,791,5,14575,0.03008725379477831
SSA,DESeq2,GO:2000146,BP,negative regulation of cell motility,27,791,265,14575,0.03038041124781405
SSA,DESeq2,GO:1904064,BP,positive regulation of cation transmembrane transport,13,791,93,14575,0.03049496523443204
SSA,DESeq2,GO:0023052,BP,signaling,35,791,370,14575,0.030570223049634453
SSA,DESeq2,GO:0048660,BP,regulation of smooth muscle cell proliferation,15,791,116,14575,0.030661147846334523
SSA,DESeq2,GO:0010557,BP,positive regulation of macromolecule biosynthetic process,142,791,2046,14575,0.03184634636711907
SSA,DESeq2,GO:0010646,BP,regulation of cell communication,180,791,2687,14575,0.03205128725212153
SSA,DESeq2,GO:0048519,BP,negative regulation of biological process,259,791,4048,14575,0.03333740672587127
SSA,DESeq2,GO:0032695,BP,negative regulation of interleukin-12 production,5,791,17,14575,0.03333740672587127
SSA,DESeq2,GO:0032740,BP,positive regulation of interleukin-17 production,5,791,17,14575,0.03333740672587127
SSA,DESeq2,GO:0002730,BP,regulation of dendritic cell cytokine production,5,791,17,14575,0.03333740672587127
SSA,DESeq2,GO:1900227,BP,positive regulation of NLRP3 inflammasome complex assembly,5,791,17,14575,0.03333740672587127
SSA,DESeq2,GO:2000353,BP,positive regulation of endothelial cell apoptotic process,5,791,17,14575,0.03333740672587127
SSA,DESeq2,GO:0043303,BP,mast cell degranulation,5,791,17,14575,0.03333740672587127
SSA,DESeq2,GO:0045622,BP,regulation of T-helper cell differentiation,7,791,33,14575,0.03333740672587127
SSA,DESeq2,GO:0070229,BP,negative regulation of lymphocyte apoptotic process,7,791,33,14575,0.03333740672587127
SSA,DESeq2,GO:0061081,BP,positive regulation of myeloid leukocyte cytokine production involved in immune response,7,791,33,14575,0.03333740672587127
SSA,DESeq2,GO:1904646,BP,cellular response to amyloid-beta,7,791,33,14575,0.03333740672587127
SSA,DESeq2,GO:0009612,BP,response to mechanical stimulus,18,791,152,14575,0.03383203584214915
SSA,DESeq2,GO:0071347,BP,cellular response to interleukin-1,10,791,62,14575,0.03442016221437443
SSA,DESeq2,GO:0046425,BP,regulation of receptor signaling pathway via JAK-STAT,9,791,52,14575,0.034836449276790256
SSA,DESeq2,GO:0007155,BP,cell adhesion,59,791,725,14575,0.035167254278456635
SSA,DESeq2,GO:0008015,BP,blood circulation,6,791,25,14575,0.03609718515627754
SSA,DESeq2,GO:0038094,BP,Fc-gamma receptor signaling pathway,6,791,25,14575,0.03609718515627754
SSA,DESeq2,GO:0030336,BP,negative regulation of cell migration,26,791,255,14575,0.03719409272962519
SSA,DESeq2,GO:0034767,BP,positive regulation of monoatomic ion transmembrane transport,14,791,107,14575,0.03754967317044032
SSA,DESeq2,GO:0001959,BP,regulation of cytokine-mediated signaling pathway,17,791,140,14575,0.0376719613850824
SSA,DESeq2,GO:0002753,BP,cytoplasmic pattern recognition receptor signaling pathway,9,791,53,14575,0.03932630067103665
SSA,DESeq2,GO:0150079,BP,negative regulation of neuroinflammatory response,4,791,11,14575,0.04055361842880516
SSA,DESeq2,GO:0150078,BP,positive regulation of neuroinflammatory response,4,791,11,14575,0.04055361842880516
SSA,DESeq2,GO:2000343,BP,positive regulation of chemokine (C-X-C motif) ligand 2 production,4,791,11,14575,0.04055361842880516
SSA,DESeq2,GO:0035723,BP,interleukin-15-mediated signaling pathway,4,791,11,14575,0.04055361842880516
SSA,DESeq2,GO:0048302,BP,regulation of isotype switching to IgG isotypes,4,791,11,14575,0.04055361842880516
SSA,DESeq2,GO:0060627,BP,regulation of vesicle-mediated transport,38,791,422,14575,0.040723292423947975
SSA,DESeq2,GO:2000341,BP,regulation of chemokine (C-X-C motif) ligand 2 production,5,791,18,14575,0.04256629806027622
SSA,DESeq2,GO:2000561,BP,"regulation of CD4-positive, alpha-beta T cell proliferation",5,791,18,14575,0.04256629806027622
SSA,DESeq2,GO:0048662,BP,negative regulation of smooth muscle cell proliferation,8,791,44,14575,0.043418636944759725
SSA,DESeq2,GO:0055008,BP,cardiac muscle tissue morphogenesis,8,791,44,14575,0.043418636944759725
SSA,DESeq2,GO:0045742,BP,positive regulation of epidermal growth factor receptor signaling pathway,6,791,26,14575,0.043418636944759725
SSA,DESeq2,GO:0055094,BP,response to lipoprotein particle,6,791,26,14575,0.043418636944759725
SSA,DESeq2,GO:0002828,BP,regulation of type 2 immune response,6,791,26,14575,0.043418636944759725
SSA,DESeq2,GO:0071404,BP,cellular response to low-density lipoprotein particle stimulus,6,791,26,14575,0.043418636944759725
SSA,DESeq2,GO:0034612,BP,response to tumor necrosis factor,16,791,129,14575,0.045582982995488665
SSA,DESeq2,GO:0002286,BP,T cell activation involved in immune response,8,791,45,14575,0.04999619746745429
SSA,DESeq2,GO:0042116,BP,macrophage activation,9,791,55,14575,0.04999619746745429
SSA,DESeq2,GO:0044238,BP,primary metabolic process,157,791,5291,14575,2.0538741414886087e-22
SSA,DESeq2,GO:0071704,BP,organic substance metabolic process,174,791,5597,14575,1.5632747986744062e-21
SSA,DESeq2,GO:0008152,BP,metabolic process,200,791,6034,14575,7.229863523095567e-20
SSA,DESeq2,GO:0006807,BP,nitrogen compound metabolic process,149,791,4907,14575,5.744334997748511e-19
SSA,DESeq2,GO:1901360,BP,organic cyclic compound metabolic process,55,791,2531,14575,4.0097980555555356e-16
SSA,DESeq2,GO:0090304,BP,nucleic acid metabolic process,29,791,1758,14575,5.0157247762003e-15
SSA,DESeq2,GO:0006725,BP,cellular aromatic compound metabolic process,51,791,2351,14575,7.228816450738394e-15
SSA,DESeq2,GO:0046483,BP,heterocycle metabolic process,51,791,2344,14575,9.92565714680861e-15
SSA,DESeq2,GO:0034641,BP,cellular nitrogen compound metabolic process,60,791,2577,14575,1.1639392994398744e-14
SSA,DESeq2,GO:0044237,BP,cellular metabolic process,147,791,4578,14575,1.1829294754076373e-14
SSA,DESeq2,GO:0006139,BP,nucleobase-containing compound metabolic process,46,791,2205,14575,1.3541182400192424e-14
SSA,DESeq2,GO:0043170,BP,macromolecule metabolic process,132,791,4230,14575,2.478779388050092e-14
SSA,DESeq2,GO:0016070,BP,RNA metabolic process,15,791,1237,14575,2.1323449088679932e-13
SSA,DESeq2,GO:0006396,BP,RNA processing,3,791,752,14575,5.954285860006667e-13
SSA,DESeq2,GO:0016071,BP,mRNA metabolic process,2,791,511,14575,1.6640723024842263e-08
SSA,DESeq2,GO:0034660,BP,ncRNA metabolic process,1,791,452,14575,3.3554453118303536e-08
SSA,DESeq2,GO:0006397,BP,mRNA processing,1,791,371,14575,1.91504351218227e-06
SSA,DESeq2,GO:0008380,BP,RNA splicing,0,791,315,14575,2.1285398380713853e-06
SSA,DESeq2,GO:0043412,BP,macromolecule modification,55,791,1883,14575,2.2187721539171007e-06
SSA,DESeq2,GO:1901564,BP,organonitrogen compound metabolic process,126,791,3448,14575,2.7509987831456045e-06
SSA,DESeq2,GO:0034470,BP,ncRNA processing,1,791,366,14575,2.8541907925891857e-06
SSA,DESeq2,GO:0046907,BP,intracellular transport,22,791,1029,14575,4.743848469467315e-06
SSA,DESeq2,GO:0051641,BP,cellular localization,60,791,1912,14575,2.437384883199995e-05
SSA,DESeq2,GO:0071840,BP,cellular component organization or biogenesis,173,791,4303,14575,3.2515985536927806e-05
SSA,DESeq2,GO:0036211,BP,protein modification process,51,791,1689,14575,3.366219778167522e-05
SSA,DESeq2,GO:1901362,BP,organic cyclic compound biosynthetic process,18,791,846,14575,6.110233016320152e-05
SSA,DESeq2,GO:0019538,BP,protein metabolic process,92,791,2573,14575,7.614881845731408e-05
SSA,DESeq2,GO:0007017,BP,microtubule-based process,9,791,575,14575,0.00011636096411739053
SSA,DESeq2,GO:1901576,BP,organic substance biosynthetic process,61,791,1874,14575,0.00011897128571317637
SSA,DESeq2,GO:0044271,BP,cellular nitrogen compound biosynthetic process,28,791,1082,14575,0.00013646098866137125
SSA,DESeq2,GO:0048731,BP,system development,9,791,568,14575,0.000156552514118895
SSA,DESeq2,GO:0016043,BP,cellular component organization,173,791,4206,14575,0.0002132879762331963
SSA,DESeq2,GO:0033036,BP,macromolecule localization,50,791,1599,14575,0.00021570075707829235
SSA,DESeq2,GO:0044249,BP,cellular biosynthetic process,57,791,1757,14575,0.0002286365451907346
SSA,DESeq2,GO:0006996,BP,organelle organization,68,791,2000,14575,0.0002635531556978393
SSA,DESeq2,GO:0070727,BP,cellular macromolecule localization,50,791,1586,14575,0.00026475169090378213
SSA,DESeq2,GO:0071705,BP,nitrogen compound transport,36,791,1253,14575,0.0002909700104830283
SSA,DESeq2,GO:0008104,BP,protein localization,50,791,1582,14575,0.0003245962763556834
SSA,DESeq2,GO:0009058,BP,biosynthetic process,65,791,1918,14575,0.0003682406390994643
SSA,DESeq2,GO:0018130,BP,heterocycle biosynthetic process,17,791,756,14575,0.0005166008639092877
SSA,DESeq2,GO:0071702,BP,organic substance transport,48,791,1508,14575,0.000621708390020359
SSA,DESeq2,GO:0019438,BP,aromatic compound biosynthetic process,17,791,750,14575,0.0006740688007030437
SSA,DESeq2,GO:0000375,BP,"RNA splicing, via transesterification reactions",0,791,199,14575,0.0007666296026342306
SSA,DESeq2,GO:0006357,BP,regulation of transcription by RNA polymerase II,71,791,1999,14575,0.001021050939344699
SSA,DESeq2,GO:0000398,BP,"mRNA splicing, via spliceosome",0,791,193,14575,0.0011208331437879745
SSA,DESeq2,GO:0000377,BP,"RNA splicing, via transesterification reactions with bulged adenosine as nucleophile",0,791,193,14575,0.0011208331437879745
SSA,DESeq2,GO:0051301,BP,cell division,4,791,352,14575,0.001201833009277084
SSA,DESeq2,GO:0015031,BP,protein transport,26,791,945,14575,0.001690348980976988
SSA,DESeq2,GO:0022402,BP,cell cycle process,16,791,687,14575,0.001913475714116951
SSA,DESeq2,GO:0006886,BP,intracellular protein transport,9,791,498,14575,0.002068203793665165
SSA,DESeq2,GO:0016072,BP,rRNA metabolic process,1,791,226,14575,0.0023427540900896825
SSA,DESeq2,GO:0051649,BP,establishment of localization in cell,41,791,1294,14575,0.002368448468758278
SSA,DESeq2,GO:0022618,BP,protein-RNA complex assembly,0,791,182,14575,0.002455931341987669
SSA,DESeq2,GO:0006399,BP,tRNA metabolic process,0,791,172,14575,0.003319900224977565
SSA,DESeq2,GO:0071824,BP,protein-DNA complex organization,15,791,650,14575,0.003342562920942221
SSA,DESeq2,GO:0034654,BP,nucleobase-containing compound biosynthetic process,17,791,691,14575,0.0038371498660568736
SSA,DESeq2,GO:0033043,BP,regulation of organelle organization,29,791,994,14575,0.004028796366574107
SSA,DESeq2,GO:0006281,BP,DNA repair,7,791,419,14575,0.004333080764755718
SSA,DESeq2,GO:0044782,BP,cilium organization,1,791,211,14575,0.004556323128903685
SSA,DESeq2,GO:0043484,BP,regulation of RNA splicing,0,791,162,14575,0.004666928999651927
SSA,DESeq2,GO:0000226,BP,microtubule cytoskeleton organization,5,791,350,14575,0.004718346472252746
SSA,DESeq2,GO:0019219,BP,regulation of nucleobase-containing compound metabolic process,130,791,3156,14575,0.0048906738101472495
SSA,DESeq2,GO:0080090,BP,regulation of primary metabolic process,193,791,4405,14575,0.005425660032293243
SSA,DESeq2,GO:0051252,BP,regulation of RNA metabolic process,119,791,2914,14575,0.006368386131762507
SSA,DESeq2,GO:0032886,BP,regulation of microtubule-based process,1,791,204,14575,0.006369634866330746
SSA,DESeq2,GO:0048511,BP,rhythmic process,1,791,207,14575,0.006617012875957735
SSA,DESeq2,GO:0045184,BP,establishment of protein localization,35,791,1106,14575,0.007708696238567609
SSA,DESeq2,GO:0033554,BP,cellular response to stress,43,791,1281,14575,0.008973897308747623
SSA,DESeq2,GO:0006364,BP,rRNA processing,1,791,201,14575,0.009530626277699693
SSA,DESeq2,GO:0070647,BP,protein modification by small protein conjugation or removal,17,791,651,14575,0.012315141392121877
SSA,DESeq2,GO:0009059,BP,macromolecule biosynthetic process,30,791,967,14575,0.012398754857765117
SSA,DESeq2,GO:0006355,BP,regulation of DNA-templated transcription,109,791,2669,14575,0.0128329092805197
SSA,DESeq2,GO:0071826,BP,protein-RNA complex organization,1,791,192,14575,0.01285562820633639
SSA,DESeq2,GO:0060271,BP,cilium assembly,1,791,192,14575,0.01285562820633639
SSA,DESeq2,GO:0043687,BP,post-translational protein modification,19,791,697,14575,0.01350783987185501
SSA,DESeq2,GO:0006974,BP,DNA damage response,17,791,644,14575,0.01527161593248742
SSA,DESeq2,GO:0006325,BP,chromatin organization,15,791,590,14575,0.017303676130812323
SSA,DESeq2,GO:0051179,BP,localization,143,791,3340,14575,0.017628134465891444
SSA,DESeq2,GO:0006282,BP,regulation of DNA repair,1,791,185,14575,0.017868537428415144
SSA,DESeq2,GO:2001141,BP,regulation of RNA biosynthetic process,111,791,2683,14575,0.020558911376775957
SSA,DESeq2,GO:0070507,BP,regulation of microtubule cytoskeleton organization,0,791,140,14575,0.02091854533734882
SSA,DESeq2,GO:0032774,BP,RNA biosynthetic process,8,791,396,14575,0.02204011164815144
SSA,DESeq2,GO:0007610,BP,behavior,8,791,397,14575,0.02206666593354878
SSA,DESeq2,GO:0048856,BP,anatomical structure development,97,791,2376,14575,0.027069591072525545
SSA,DESeq2,GO:0030163,BP,protein catabolic process,10,791,445,14575,0.0278706609519282
SSA,DESeq2,GO:0080135,BP,regulation of cellular response to stress,10,791,449,14575,0.02857774037907069
SSA,DESeq2,GO:1901615,BP,organic hydroxy compound metabolic process,7,791,359,14575,0.028608266800000996
SSA,DESeq2,GO:0044085,BP,cellular component biogenesis,0,791,132,14575,0.029274481504236078
SSA,DESeq2,GO:0007275,BP,multicellular organism development,4,791,267,14575,0.03207654206226424
SSA,DESeq2,GO:0030705,BP,cytoskeleton-dependent intracellular transport,1,791,168,14575,0.03333740672587127
SSA,DESeq2,GO:0006351,BP,DNA-templated transcription,6,791,326,14575,0.035732509380596904
SSA,DESeq2,GO:0009057,BP,macromolecule catabolic process,24,791,781,14575,0.03819716944420957
SSA,DESeq2,GO:0022613,BP,ribonucleoprotein complex biogenesis,0,791,122,14575,0.0389776554807772
SSA,DESeq2,GO:0051171,BP,regulation of nitrogen compound metabolic process,195,791,4303,14575,0.03932630067103665
SSA,DESeq2,GO:0008033,BP,tRNA processing,0,791,123,14575,0.03932630067103665
SSA,DESeq2,GO:0007018,BP,microtubule-based movement,3,791,237,14575,0.03932712614766507
SSA,DESeq2,GO:0009897,CC,external side of plasma membrane,86,791,302,14575,7.487924515727635e-36
SSA,DESeq2,GO:0098552,CC,side of membrane,111,791,511,14575,3.5527379575460313e-35
SSA,DESeq2,GO:0005886,CC,plasma membrane,297,791,3319,14575,2.412872139778269e-19
SSA,DESeq2,GO:0042611,CC,MHC protein complex,18,791,20,14575,7.409102144809096e-19
SSA,DESeq2,GO:0019814,CC,immunoglobulin complex,18,791,21,14575,4.2218613209947e-18
SSA,DESeq2,GO:0042613,CC,MHC class II protein complex,12,791,13,14575,1.393675304717116e-12
SSA,DESeq2,GO:0009986,CC,cell surface,65,791,451,14575,5.837403759652444e-11
SSA,DESeq2,GO:0098797,CC,plasma membrane protein complex,59,791,409,14575,6.681932856842004e-10
SSA,DESeq2,GO:0031332,CC,RNAi effector complex,18,791,48,14575,2.441897736974003e-09
SSA,DESeq2,GO:0016442,CC,RISC complex,18,791,48,14575,2.441897736974003e-09
SSA,DESeq2,GO:0098553,CC,lumenal side of endoplasmic reticulum membrane,13,791,23,14575,2.441897736974003e-09
SSA,DESeq2,GO:0001772,CC,immunological synapse,17,791,43,14575,2.996508376037424e-09
SSA,DESeq2,GO:0005615,CC,extracellular space,103,791,975,14575,3.5989439245603183e-09
SSA,DESeq2,GO:0042101,CC,T cell receptor complex,11,791,17,14575,9.63549687546675e-09
SSA,DESeq2,GO:0098576,CC,lumenal side of membrane,13,791,31,14575,2.2669539767278068e-07
SSA,DESeq2,GO:0030666,CC,endocytic vesicle membrane,30,791,165,14575,3.568473626678644e-07
SSA,DESeq2,GO:0005576,CC,extracellular region,109,791,1151,14575,4.6476534491800954e-07
SSA,DESeq2,GO:0042612,CC,MHC class I protein complex,7,791,8,14575,7.710513704565574e-07
SSA,DESeq2,GO:0012507,CC,ER to Golgi transport vesicle membrane,14,791,48,14575,1.0583646356604209e-05
SSA,DESeq2,GO:0098802,CC,plasma membrane signaling receptor complex,23,791,131,14575,3.562903158166502e-05
SSA,DESeq2,GO:0043235,CC,receptor complex,36,791,285,14575,0.00011785641511317507
SSA,DESeq2,GO:0031430,CC,M band,9,791,24,14575,0.00013350416237451935
SSA,DESeq2,GO:0005861,CC,troponin complex,5,791,6,14575,0.00013472602776339987
SSA,DESeq2,GO:0042571,CC,"immunoglobulin complex, circulating",5,791,6,14575,0.00013472602776339987
SSA,DESeq2,GO:0071735,CC,IgG immunoglobulin complex,4,791,4,14575,0.0003928340181296097
SSA,DESeq2,GO:0030670,CC,phagocytic vesicle membrane,15,791,75,14575,0.00042764343080150445
SSA,DESeq2,GO:0045121,CC,membrane raft,30,791,238,14575,0.0006825200564527938
SSA,DESeq2,GO:0098857,CC,membrane microdomain,30,791,240,14575,0.0007515626633968152
SSA,DESeq2,GO:0030669,CC,clathrin-coated endocytic vesicle membrane,12,791,54,14575,0.0009726807385877374
SSA,DESeq2,GO:0042105,CC,alpha-beta T cell receptor complex,4,791,5,14575,0.0015520892294372999
SSA,DESeq2,GO:0012506,CC,vesicle membrane,82,791,970,14575,0.0018439550648141096
SSA,DESeq2,GO:0030667,CC,secretory granule membrane,30,791,252,14575,0.0019385399542586588
SSA,DESeq2,GO:0030662,CC,coated vesicle membrane,19,791,128,14575,0.002022696483009804
SSA,DESeq2,GO:0030659,CC,cytoplasmic vesicle membrane,81,791,958,14575,0.0020393488029840645
SSA,DESeq2,GO:0030017,CC,sarcomere,9,791,35,14575,0.0025201375966096996
SSA,DESeq2,GO:0043020,CC,NADPH oxidase complex,6,791,15,14575,0.0026505329053576193
SSA,DESeq2,GO:0031265,CC,CD95 death-inducing signaling complex,4,791,6,14575,0.0037488843902580703
SSA,DESeq2,GO:0001891,CC,phagocytic cup,7,791,23,14575,0.004582184103857315
SSA,DESeq2,GO:0072562,CC,blood microparticle,13,791,74,14575,0.004582184103857315
SSA,DESeq2,GO:0042106,CC,gamma-delta T cell receptor complex,3,791,3,14575,0.004582184103857315
SSA,DESeq2,GO:0062167,CC,complement component C1q complex,3,791,3,14575,0.004582184103857315
SSA,DESeq2,GO:0005602,CC,complement component C1 complex,3,791,3,14575,0.004582184103857315
SSA,DESeq2,GO:0071753,CC,IgM immunoglobulin complex,3,791,3,14575,0.004582184103857315
SSA,DESeq2,GO:0042824,CC,MHC class I peptide loading complex,4,791,8,14575,0.014322913711722247
SSA,DESeq2,GO:0019815,CC,B cell receptor complex,3,791,4,14575,0.01680954827607294
SSA,DESeq2,GO:1990111,CC,spermatoproteasome complex,3,791,4,14575,0.01680954827607294
SSA,DESeq2,GO:0045335,CC,phagocytic vesicle,12,791,76,14575,0.019884990435415528
SSA,DESeq2,GO:0043292,CC,contractile fiber,8,791,38,14575,0.02127122653572367
SSA,DESeq2,GO:0033018,CC,sarcoplasmic reticulum lumen,4,791,9,14575,0.02171445444424762
SSA,DESeq2,GO:0031264,CC,death-inducing signaling complex,4,791,9,14575,0.02171445444424762
SSA,DESeq2,GO:0032982,CC,myosin filament,5,791,15,14575,0.021760662464199797
SSA,DESeq2,GO:0033017,CC,sarcoplasmic reticulum membrane,7,791,33,14575,0.037604753862724494
SSA,DESeq2,GO:0016020,CC,membrane,393,791,6451,14575,0.03882524030302907
SSA,DESeq2,GO:0044194,CC,cytolytic granule,4,791,11,14575,0.04544561249532483
SSA,DESeq2,GO:0031674,CC,I band,5,791,18,14575,0.04734499280728877
SSA,DESeq2,GO:0030665,CC,clathrin-coated vesicle membrane,12,791,86,14575,0.04821915484830281
SSA,DESeq2,GO:0000323,CC,lytic vacuole,27,791,269,14575,0.04980817220831171
SSA,DESeq2,GO:0005764,CC,lysosome,27,791,269,14575,0.04980817220831171
SSA,DESeq2,GO:0043229,CC,intracellular organelle,317,791,8357,14575,9.278500779940669e-21
SSA,DESeq2,GO:0043231,CC,intracellular membrane-bounded organelle,272,791,7496,14575,2.0632714161648327e-20
SSA,DESeq2,GO:0005634,CC,nucleus,131,791,4443,14575,1.0128066254141265e-17
SSA,DESeq2,GO:0043226,CC,organelle,384,791,9156,14575,1.0999906306055741e-14
SSA,DESeq2,GO:0043227,CC,membrane-bounded organelle,351,791,8415,14575,1.6687287913342196e-12
SSA,DESeq2,GO:0005654,CC,nucleoplasm,107,791,3362,14575,7.231126684474406e-10
SSA,DESeq2,GO:0140513,CC,nuclear protein-containing complex,20,791,1110,14575,4.610152762980373e-08
SSA,DESeq2,GO:0005730,CC,nucleolus,14,791,777,14575,2.2583540196508192e-05
SSA,DESeq2,GO:0019866,CC,organelle inner membrane,4,791,433,14575,5.19174728881199e-05
SSA,DESeq2,GO:0140535,CC,intracellular protein-containing complex,15,791,779,14575,5.19984854896819e-05
SSA,DESeq2,GO:0043232,CC,intracellular non-membrane-bounded organelle,82,791,2382,14575,6.70796842654635e-05
SSA,DESeq2,GO:0043228,CC,non-membrane-bounded organelle,82,791,2382,14575,6.70796842654635e-05
SSA,DESeq2,GO:0005815,CC,microtubule organizing center,11,791,636,14575,0.00013350416237451935
SSA,DESeq2,GO:0005739,CC,mitochondrion,32,791,1173,14575,0.0002807232253088025
SSA,DESeq2,GO:1902494,CC,catalytic complex,44,791,1456,14575,0.0002807232253088025
SSA,DESeq2,GO:0005743,CC,mitochondrial inner membrane,4,791,391,14575,0.0003238265086674317
SSA,DESeq2,GO:1990234,CC,transferase complex,16,791,742,14575,0.0004003551504228495
SSA,DESeq2,GO:0031966,CC,mitochondrial membrane,12,791,621,14575,0.0007005801002392297
SSA,DESeq2,GO:0005813,CC,centrosome,10,791,555,14575,0.0008444110139624833
SSA,DESeq2,GO:0110165,CC,cellular anatomical entity,660,791,12859,14575,0.0015520892294372999
SSA,DESeq2,GO:0005759,CC,mitochondrial matrix,4,791,342,14575,0.0019385399542586588
SSA,DESeq2,GO:0005681,CC,spliceosomal complex,0,791,188,14575,0.0019385399542586588
SSA,DESeq2,GO:0000922,CC,spindle pole,0,791,146,14575,0.016827628031843955
SSA,DESeq2,GO:0043005,CC,neuron projection,18,791,671,14575,0.016827628031843955
SSA,DESeq2,GO:0099572,CC,postsynaptic specialization,1,791,181,14575,0.020075168388184295
SSA,DESeq2,GO:0098798,CC,mitochondrial protein-containing complex,3,791,252,14575,0.024839560453210386
SSA,DESeq2,GO:0005575,CC,cellular_component,675,791,12971,14575,0.02525526355975492
SSA,DESeq2,GO:0014069,CC,postsynaptic density,1,791,179,14575,0.028548413817093256
SSA,DESeq2,GO:0005874,CC,microtubule,6,791,335,14575,0.031189339088683817
SSA,DESeq2,GO:0005814,CC,centriole,0,791,131,14575,0.031189339088683817
SSA,DESeq2,GO:0036064,CC,ciliary basal body,0,791,131,14575,0.031189339088683817
SSA,DESeq2,GO:0005694,CC,chromosome,3,791,233,14575,0.04267702454011178
SSA,DESeq2,GO:0003823,MF,antigen binding,38,791,64,14575,2.5538608490761364e-28
SSA,DESeq2,GO:0060089,MF,molecular transducer activity,112,791,714,14575,4.7945230040553015e-22
SSA,DESeq2,GO:0038023,MF,signaling receptor activity,112,791,714,14575,4.7945230040553015e-22
SSA,DESeq2,GO:0140375,MF,immune receptor activity,40,791,119,14575,1.3962298220247429e-18
SSA,DESeq2,GO:0004888,MF,transmembrane signaling receptor activity,87,791,542,14575,2.2563356614843552e-17
SSA,DESeq2,GO:0042605,MF,peptide antigen binding,20,791,28,14575,6.265849611284193e-17
SSA,DESeq2,GO:0005102,MF,signaling receptor binding,117,791,1016,14575,2.4509073061239167e-12
SSA,DESeq2,GO:1903231,MF,mRNA base-pairing translational repressor activity,14,791,19,14575,8.32766750234368e-12
SSA,DESeq2,GO:0023023,MF,MHC protein complex binding,17,791,30,14575,8.32766750234368e-12
SSA,DESeq2,GO:0023026,MF,MHC class II protein complex binding,14,791,23,14575,3.472416095078984e-10
SSA,DESeq2,GO:0019955,MF,cytokine binding,28,791,117,14575,6.0866411604545405e-09
SSA,DESeq2,GO:0019957,MF,C-C chemokine binding,12,791,20,14575,1.4837364919861344e-08
SSA,DESeq2,GO:0004896,MF,cytokine receptor activity,22,791,79,14575,2.7673568910156494e-08
SSA,DESeq2,GO:0016493,MF,C-C chemokine receptor activity,11,791,19,14575,1.333066688655763e-07
SSA,DESeq2,GO:0019956,MF,chemokine binding,13,791,29,14575,2.1661767782241055e-07
SSA,DESeq2,GO:0005126,MF,cytokine receptor binding,31,791,174,14575,8.562065547326787e-07
SSA,DESeq2,GO:0005125,MF,cytokine activity,26,791,128,14575,8.562065547326787e-07
SSA,DESeq2,GO:0001637,MF,G protein-coupled chemoattractant receptor activity,11,791,22,14575,8.562065547326787e-07
SSA,DESeq2,GO:0004950,MF,chemokine receptor activity,11,791,22,14575,8.562065547326787e-07
SSA,DESeq2,GO:0032395,MF,MHC class II receptor activity,7,791,8,14575,1.7882771931167136e-06
SSA,DESeq2,GO:0048020,MF,CCR chemokine receptor binding,11,791,24,14575,2.4468716382489083e-06
SSA,DESeq2,GO:0042287,MF,MHC protein binding,11,791,25,14575,4.012475024675773e-06
SSA,DESeq2,GO:0042379,MF,chemokine receptor binding,14,791,45,14575,9.256493300003142e-06
SSA,DESeq2,GO:0008009,MF,chemokine activity,12,791,34,14575,1.6051388250949625e-05
SSA,DESeq2,GO:0030371,MF,translation repressor activity,14,791,47,14575,1.6051388250949625e-05
SSA,DESeq2,GO:0042608,MF,T cell receptor binding,7,791,10,14575,1.9930898716387612e-05
SSA,DESeq2,GO:0046977,MF,TAP binding,6,791,7,14575,2.3083424809334396e-05
SSA,DESeq2,GO:0008307,MF,structural constituent of muscle,12,791,37,14575,4.2330540680942465e-05
SSA,DESeq2,GO:0030545,MF,signaling receptor regulator activity,37,791,278,14575,7.062037828565134e-05
SSA,DESeq2,GO:0042288,MF,MHC class I protein binding,8,791,16,14575,7.809449080051662e-05
SSA,DESeq2,GO:0005164,MF,tumor necrosis factor receptor binding,10,791,27,14575,9.122255103447051e-05
SSA,DESeq2,GO:0003779,MF,actin binding,42,791,347,14575,0.00011130751592176261
SSA,DESeq2,GO:0034987,MF,immunoglobulin receptor binding,6,791,9,14575,0.000209009331864644
SSA,DESeq2,GO:0042277,MF,peptide binding,31,791,230,14575,0.000283950297488035
SSA,DESeq2,GO:0048018,MF,receptor ligand activity,33,791,252,14575,0.0003267516860575456
SSA,DESeq2,GO:0015026,MF,coreceptor activity,12,791,45,14575,0.00034200475050513815
SSA,DESeq2,GO:0030546,MF,signaling receptor activator activity,33,791,257,14575,0.00041761554464538454
SSA,DESeq2,GO:0032813,MF,tumor necrosis factor receptor superfamily binding,11,791,42,14575,0.000995583154807234
SSA,DESeq2,GO:0004930,MF,G protein-coupled receptor activity,29,791,225,14575,0.001558641856277256
SSA,DESeq2,GO:0048248,MF,CXCR3 chemokine receptor binding,4,791,5,14575,0.0036414922523573066
SSA,DESeq2,GO:0023029,MF,MHC class Ib protein binding,4,791,6,14575,0.010073181279087596
SSA,DESeq2,GO:0033218,MF,amide binding,32,791,290,14575,0.010075684685723367
SSA,DESeq2,GO:0042169,MF,SH2 domain binding,9,791,40,14575,0.018195498927812973
SSA,DESeq2,GO:0016494,MF,C-X-C chemokine receptor activity,4,791,7,14575,0.01987766768817196
SSA,DESeq2,GO:0019763,MF,immunoglobulin receptor activity,5,791,12,14575,0.01987766768817196
SSA,DESeq2,GO:0140677,MF,molecular function activator activity,66,791,779,14575,0.02223975386595161
SSA,DESeq2,GO:0038187,MF,pattern recognition receptor activity,7,791,26,14575,0.024662359368914043
SSA,DESeq2,GO:0035591,MF,signaling adaptor activity,15,791,102,14575,0.026112122726529328
SSA,DESeq2,GO:0043274,MF,phospholipase binding,6,791,20,14575,0.03288653324789559
SSA,DESeq2,GO:0019865,MF,immunoglobulin binding,6,791,20,14575,0.03288653324789559
SSA,DESeq2,GO:0030881,MF,beta-2-microglobulin binding,4,791,8,14575,0.03288653324789559
SSA,DESeq2,GO:0001784,MF,phosphotyrosine residue binding,9,791,45,14575,0.03791267981310626
SSA,DESeq2,GO:0046978,MF,TAP1 binding,3,791,4,14575,0.03817499351521244
SSA,DESeq2,GO:0097159,MF,organic cyclic compound binding,167,791,4813,14575,2.079948928496457e-11
SSA,DESeq2,GO:0003676,MF,nucleic acid binding,97,791,3228,14575,1.5156552764018954e-10
SSA,DESeq2,GO:0036094,MF,small molecule binding,182,791,4913,14575,6.0866411604545405e-09
SSA,DESeq2,GO:0043169,MF,cation binding,112,791,3424,14575,7.696490974023529e-09
SSA,DESeq2,GO:0043167,MF,ion binding,177,791,4764,14575,1.755539116941182e-08
SSA,DESeq2,GO:0046872,MF,metal ion binding,111,791,3368,14575,2.123093148515797e-08
SSA,DESeq2,GO:0003824,MF,catalytic activity,167,791,4372,14575,1.493716176202838e-06
SSA,DESeq2,GO:0003677,MF,DNA binding,60,791,1911,14575,7.062037828565134e-05
SSA,DESeq2,GO:0003674,MF,molecular_function,648,791,12770,14575,0.00023831126413410841
SSA,DESeq2,GO:0016740,MF,transferase activity,59,791,1820,14575,0.00040897434571436175
SSA,DESeq2,GO:0140640,MF,"catalytic activity, acting on a nucleic acid",9,791,518,14575,0.002564964069297948
SSA,DESeq2,GO:0140110,MF,transcription regulator activity,48,791,1496,14575,0.00273202000627368
SSA,DESeq2,GO:0003723,MF,RNA binding,48,791,1482,14575,0.0033070377983729442
SSA,DESeq2,GO:0043565,MF,sequence-specific DNA binding,38,791,1248,14575,0.004044365124909814
SSA,DESeq2,GO:0005488,MF,binding,611,791,12016,14575,0.01165099219114188
SSA,DESeq2,GO:0003700,MF,DNA-binding transcription factor activity,32,791,1055,14575,0.013973885981574183
SSA,DESeq2,GO:0140097,MF,"catalytic activity, acting on DNA",1,791,214,14575,0.014224162539181956
SSA,DESeq2,GO:1990837,MF,sequence-specific double-stranded DNA binding,37,791,1159,14575,0.019125924090998184
SSA,DESeq2,GO:0016746,MF,acyltransferase activity,14,791,592,14575,0.02063946908703857
SSA,DESeq2,GO:0030554,MF,adenyl nucleotide binding,45,791,1334,14575,0.02087820974205165
SSA,DESeq2,GO:0003682,MF,chromatin binding,10,791,482,14575,0.02223975386595161
SSA,DESeq2,GO:0045296,MF,cadherin binding,4,791,294,14575,0.03791267981310626
SSA,DESeq2,GO:0032559,MF,adenyl ribonucleotide binding,42,791,1239,14575,0.0384580161148814
SSA,DESeq2,GO:0001067,MF,transcription regulatory region nucleic acid binding,37,791,1115,14575,0.04420617020140659
SSA,DESeq2,GO:0000977,MF,RNA polymerase II transcription regulatory region sequence-specific DNA binding,33,791,1025,14575,0.04420617020140659
SSA,DESeq2,GO:0000981,MF,"DNA-binding transcription factor activity, RNA polymerase II-specific",31,791,980,14575,0.04420617020140659
SSA,"MORFR top 1,000",GO:0006955,BP,immune response,67,654,827,14575,0.008245157809368879
SSA,"MORFR top 1,000",GO:0002376,BP,immune system process,96,654,1381,14575,0.021704995240004278
SSA,"MORFR top 1,000",GO:0030593,BP,neutrophil chemotaxis,12,654,62,14575,0.026253885043603247
SSA,"MORFR top 1,000",GO:0070098,BP,chemokine-mediated signaling pathway,12,654,66,14575,0.041540733916134887
SSA,"MORFR top 1,000",GO:0071621,BP,granulocyte chemotaxis,12,654,66,14575,0.041540733916134887
SSA,"MORFR top 1,000",GO:0071840,BP,cellular component organization or biogenesis,125,654,4303,14575,9.693335204447123e-06
SSA,"MORFR top 1,000",GO:0016043,BP,cellular component organization,124,654,4206,14575,2.6025762840228566e-05
SSA,"MORFR top 1,000",GO:0016070,BP,RNA metabolic process,25,654,1237,14575,0.008245157809368879
SSA,"MORFR top 1,000",GO:0090304,BP,nucleic acid metabolic process,44,654,1758,14575,0.018603477449975047
SSA,"MORFR top 1,000",GO:0043170,BP,macromolecule metabolic process,140,654,4230,14575,0.01916421343140175
SSA,"MORFR top 1,000",GO:0006996,BP,organelle organization,54,654,2000,14575,0.021704995240004278
SSA,"MORFR top 1,000",GO:0042611,CC,MHC protein complex,7,654,20,14575,0.01027054504078883
SSA,"MORFR top 1,000",GO:0005654,CC,nucleoplasm,97,654,3362,14575,0.00022270414711654968
SSA,"MORFR top 1,000",GO:0140513,CC,nuclear protein-containing complex,20,654,1110,14575,0.000714864139755803
SSA,"MORFR top 1,000",GO:0043232,CC,intracellular non-membrane-bounded organelle,71,654,2382,14575,0.022156868703842255
SSA,"MORFR top 1,000",GO:0043228,CC,non-membrane-bounded organelle,71,654,2382,14575,0.022156868703842255
SSA,"MORFR top 1,000",GO:0110165,CC,cellular anatomical entity,544,654,12859,14575,0.027395039888471643
SSA,"MORFR top 1,000",GO:0005634,CC,nucleus,157,654,4443,14575,0.04896786186132675
SSB,DESeq2,GO:0006955,BP,immune response,95,395,827,14575,1.0596956098833092e-30
SSB,DESeq2,GO:0002376,BP,immune system process,115,395,1381,14575,1.6337171209313335e-25
SSB,DESeq2,GO:0002250,BP,adaptive immune response,48,395,236,14575,6.804648600875033e-25
SSB,DESeq2,GO:0002684,BP,positive regulation of immune system process,69,395,793,14575,1.0966244621997467e-14
SSB,DESeq2,GO:0050778,BP,positive regulation of immune response,52,395,503,14575,1.6613449189161217e-13
SSB,DESeq2,GO:0035195,BP,miRNA-mediated post-transcriptional gene silencing,20,395,64,14575,4.013464894050921e-13
SSB,DESeq2,GO:0050776,BP,regulation of immune response,62,395,712,14575,4.013464894050921e-13
SSB,DESeq2,GO:0002682,BP,regulation of immune system process,84,395,1215,14575,9.200998087882665e-13
SSB,DESeq2,GO:0016441,BP,post-transcriptional gene silencing,21,395,84,14575,7.936056969605362e-12
SSB,DESeq2,GO:0035194,BP,regulatory ncRNA-mediated post-transcriptional gene silencing,20,395,76,14575,1.098737007931136e-11
SSB,DESeq2,GO:0043207,BP,response to external biotic stimulus,67,395,928,14575,1.311423333564955e-10
SSB,DESeq2,GO:0044419,BP,biological process involved in interspecies interaction between organisms,66,395,921,14575,2.5105115514786774e-10
SSB,DESeq2,GO:0051707,BP,response to other organism,59,395,770,14575,3.1555339210302856e-10
SSB,DESeq2,GO:0031047,BP,regulatory ncRNA-mediated gene silencing,20,395,92,14575,3.5343744113753303e-10
SSB,DESeq2,GO:0045321,BP,leukocyte activation,43,395,448,14575,3.9738732280637744e-10
SSB,DESeq2,GO:0140546,BP,defense response to symbiont,48,395,547,14575,4.229648156757613e-10
SSB,DESeq2,GO:0009607,BP,response to biotic stimulus,67,395,963,14575,4.710244982953209e-10
SSB,DESeq2,GO:0046649,BP,lymphocyte activation,37,395,367,14575,3.3843168095615784e-09
SSB,DESeq2,GO:0098542,BP,defense response to other organism,49,395,619,14575,8.202805378622566e-09
SSB,DESeq2,GO:0001775,BP,cell activation,44,395,517,14575,8.954980575352324e-09
SSB,DESeq2,GO:0006952,BP,defense response,63,395,943,14575,1.2607005081255533e-08
SSB,DESeq2,GO:0002764,BP,immune response-regulating signaling pathway,31,395,282,14575,1.8278844536567993e-08
SSB,DESeq2,GO:0002252,BP,immune effector process,31,395,284,14575,2.1116592247847027e-08
SSB,DESeq2,GO:0050851,BP,antigen receptor-mediated signaling pathway,21,395,132,14575,2.812997618879837e-08
SSB,DESeq2,GO:0002253,BP,activation of immune response,32,395,306,14575,2.812997618879837e-08
SSB,DESeq2,GO:0002757,BP,immune response-activating signaling pathway,29,395,255,14575,2.9687819057675773e-08
SSB,DESeq2,GO:0002768,BP,immune response-regulating cell surface receptor signaling pathway,27,395,225,14575,3.910034099661356e-08
SSB,DESeq2,GO:0048002,BP,antigen processing and presentation of peptide antigen,14,395,54,14575,4.66460254738164e-08
SSB,DESeq2,GO:0050896,BP,response to stimulus,162,395,3849,14575,7.30199630719599e-08
SSB,DESeq2,GO:0002429,BP,immune response-activating cell surface receptor signaling pathway,25,395,201,14575,7.734782724854218e-08
SSB,DESeq2,GO:0001817,BP,regulation of cytokine production,46,395,625,14575,2.1886497314514106e-07
SSB,DESeq2,GO:0002460,BP,adaptive immune response based on somatic recombination of immune receptors built from immunoglobulin superfamily domains,16,395,87,14575,4.1535592128868837e-07
SSB,DESeq2,GO:0019882,BP,antigen processing and presentation,16,395,88,14575,4.84241672152276e-07
SSB,DESeq2,GO:0002478,BP,antigen processing and presentation of exogenous peptide antigen,11,395,36,14575,5.116425893799779e-07
SSB,DESeq2,GO:0019884,BP,antigen processing and presentation of exogenous antigen,12,395,45,14575,5.179580860737521e-07
SSB,DESeq2,GO:0002449,BP,lymphocyte mediated immunity,16,395,89,14575,5.399486453390552e-07
SSB,DESeq2,GO:0050853,BP,B cell receptor signaling pathway,12,395,47,14575,8.594604461522464e-07
SSB,DESeq2,GO:0002697,BP,regulation of immune effector process,29,395,303,14575,1.0899465496788856e-06
SSB,DESeq2,GO:0002831,BP,regulation of response to biotic stimulus,34,395,405,14575,1.4129802423391962e-06
SSB,DESeq2,GO:0002699,BP,positive regulation of immune effector process,23,395,200,14575,1.4190220192491906e-06
SSB,DESeq2,GO:0045087,BP,innate immune response,35,395,427,14575,1.489729612033417e-06
SSB,DESeq2,GO:0048584,BP,positive regulation of response to stimulus,88,395,1770,14575,3.055874463883355e-06
SSB,DESeq2,GO:0002443,BP,leukocyte mediated immunity,16,395,103,14575,4.240082852806824e-06
SSB,DESeq2,GO:0002700,BP,regulation of production of molecular mediator of immune response,19,395,152,14575,7.334041107388634e-06
SSB,DESeq2,GO:0042110,BP,T cell activation,24,395,239,14575,8.56882303848197e-06
SSB,DESeq2,GO:0002702,BP,positive regulation of production of molecular mediator of immune response,16,395,109,14575,9.052796263463201e-06
SSB,DESeq2,GO:0001819,BP,positive regulation of cytokine production,32,395,397,14575,9.085404783247953e-06
SSB,DESeq2,GO:0009605,BP,response to external stimulus,72,395,1375,14575,9.145706865994087e-06
SSB,DESeq2,GO:0006959,BP,humoral immune response,17,395,124,14575,9.145706865994087e-06
SSB,DESeq2,GO:0002718,BP,regulation of cytokine production involved in immune response,15,395,101,14575,1.9341296246790716e-05
SSB,DESeq2,GO:0002501,BP,peptide antigen assembly with MHC protein complex,7,395,17,14575,3.4418440293407976e-05
SSB,DESeq2,GO:0050670,BP,regulation of lymphocyte proliferation,20,395,191,14575,5.373947447392518e-05
SSB,DESeq2,GO:0002495,BP,antigen processing and presentation of peptide antigen via MHC class II,8,395,26,14575,5.79889422236085e-05
SSB,DESeq2,GO:0019886,BP,antigen processing and presentation of exogenous peptide antigen via MHC class II,8,395,26,14575,5.79889422236085e-05
SSB,DESeq2,GO:0051924,BP,regulation of calcium ion transport,19,395,175,14575,5.8452799329948594e-05
SSB,DESeq2,GO:0010959,BP,regulation of metal ion transport,24,395,268,14575,6.161353702915104e-05
SSB,DESeq2,GO:0002503,BP,peptide antigen assembly with MHC class II protein complex,6,395,12,14575,6.176151332372548e-05
SSB,DESeq2,GO:0032944,BP,regulation of mononuclear cell proliferation,20,395,194,14575,6.348971674125699e-05
SSB,DESeq2,GO:0070663,BP,regulation of leukocyte proliferation,21,395,214,14575,7.182163529533023e-05
SSB,DESeq2,GO:0002703,BP,regulation of leukocyte mediated immunity,20,395,196,14575,7.182163529533023e-05
SSB,DESeq2,GO:0019883,BP,antigen processing and presentation of endogenous antigen,8,395,27,14575,7.182163529533023e-05
SSB,DESeq2,GO:0002504,BP,antigen processing and presentation of peptide or polysaccharide antigen via MHC class II,8,395,27,14575,7.182163529533023e-05
SSB,DESeq2,GO:0019885,BP,antigen processing and presentation of endogenous peptide antigen via MHC class I,7,395,19,14575,7.182163529533023e-05
SSB,DESeq2,GO:0001910,BP,regulation of leukocyte mediated cytotoxicity,12,395,71,14575,7.354300142030322e-05
SSB,DESeq2,GO:0001912,BP,positive regulation of leukocyte mediated cytotoxicity,10,395,48,14575,8.879048513862012e-05
SSB,DESeq2,GO:0009617,BP,response to bacterium,22,395,237,14575,9.058899077848089e-05
SSB,DESeq2,GO:0002483,BP,antigen processing and presentation of endogenous peptide antigen,7,395,20,14575,0.00010134881540298943
SSB,DESeq2,GO:1903169,BP,regulation of calcium ion transmembrane transport,15,395,119,14575,0.00012947738997019144
SSB,DESeq2,GO:0031347,BP,regulation of defense response,39,395,617,14575,0.0001366660228546049
SSB,DESeq2,GO:1904062,BP,regulation of monoatomic cation transmembrane transport,20,395,207,14575,0.00015044864327959034
SSB,DESeq2,GO:0002428,BP,antigen processing and presentation of peptide antigen via MHC class Ib,6,395,14,14575,0.00015641851356346437
SSB,DESeq2,GO:0019724,BP,B cell mediated immunity,9,395,41,14575,0.0001898560437430082
SSB,DESeq2,GO:0045730,BP,respiratory burst,7,395,22,14575,0.0001960087606143292
SSB,DESeq2,GO:0031343,BP,positive regulation of cell killing,10,395,53,14575,0.0002085082381105054
SSB,DESeq2,GO:0043269,BP,regulation of monoatomic ion transport,25,395,313,14575,0.0002276447838195125
SSB,DESeq2,GO:0031341,BP,regulation of cell killing,12,395,80,14575,0.00023552612228691395
SSB,DESeq2,GO:0051249,BP,regulation of lymphocyte activation,30,395,423,14575,0.0002391600402133087
SSB,DESeq2,GO:0032655,BP,regulation of interleukin-12 production,10,395,54,14575,0.0002391600402133087
SSB,DESeq2,GO:0002694,BP,regulation of leukocyte activation,32,395,469,14575,0.0002430817356513992
SSB,DESeq2,GO:0045088,BP,regulation of innate immune response,26,395,340,14575,0.00029990153119550966
SSB,DESeq2,GO:0042113,BP,B cell activation,16,395,146,14575,0.0003181002947508862
SSB,DESeq2,GO:0032101,BP,regulation of response to external stimulus,48,395,866,14575,0.0003245561057216206
SSB,DESeq2,GO:0002705,BP,positive regulation of leukocyte mediated immunity,14,395,115,14575,0.000387502702343375
SSB,DESeq2,GO:0007166,BP,cell surface receptor signaling pathway,71,395,1507,14575,0.00045202077735247864
SSB,DESeq2,GO:0034765,BP,regulation of monoatomic ion transmembrane transport,20,395,231,14575,0.0006944681718317054
SSB,DESeq2,GO:0016064,BP,immunoglobulin mediated immune response,8,395,37,14575,0.000728529691387699
SSB,DESeq2,GO:0032653,BP,regulation of interleukin-10 production,9,395,49,14575,0.0007703036598424397
SSB,DESeq2,GO:0001914,BP,regulation of T cell mediated cytotoxicity,8,395,38,14575,0.00087567095313107
SSB,DESeq2,GO:0001916,BP,positive regulation of T cell mediated cytotoxicity,7,395,28,14575,0.0009833952019269166
SSB,DESeq2,GO:0002696,BP,positive regulation of leukocyte activation,23,395,300,14575,0.001001556409683186
SSB,DESeq2,GO:0009615,BP,response to virus,23,395,301,14575,0.0010481066408569754
SSB,DESeq2,GO:0051251,BP,positive regulation of lymphocyte activation,22,395,283,14575,0.001246548745526355
SSB,DESeq2,GO:0032675,BP,regulation of interleukin-6 production,14,395,129,14575,0.001356860011170788
SSB,DESeq2,GO:0050865,BP,regulation of cell activation,32,395,513,14575,0.0013999165770868308
SSB,DESeq2,GO:0002474,BP,antigen processing and presentation of peptide antigen via MHC class I,7,395,30,14575,0.001505508460698716
SSB,DESeq2,GO:0007165,BP,signal transduction,121,395,3118,14575,0.0015276132908548406
SSB,DESeq2,GO:0019730,BP,antimicrobial humoral response,9,395,54,14575,0.0015876422595192867
SSB,DESeq2,GO:0032103,BP,positive regulation of response to external stimulus,29,395,436,14575,0.001629446745072194
SSB,DESeq2,GO:1903555,BP,regulation of tumor necrosis factor superfamily cytokine production,15,395,150,14575,0.0016719091148894377
SSB,DESeq2,GO:0002475,BP,antigen processing and presentation via MHC class Ib,6,395,21,14575,0.0017153975611030742
SSB,DESeq2,GO:0002484,BP,antigen processing and presentation of endogenous peptide antigen via MHC class I via ER pathway,5,395,13,14575,0.0017656675131235851
SSB,DESeq2,GO:0002476,BP,antigen processing and presentation of endogenous peptide antigen via MHC class Ib,5,395,13,14575,0.0017656675131235851
SSB,DESeq2,GO:0050867,BP,positive regulation of cell activation,23,395,314,14575,0.0018008162275314412
SSB,DESeq2,GO:0002720,BP,positive regulation of cytokine production involved in immune response,10,395,70,14575,0.0019950092388337118
SSB,DESeq2,GO:0002833,BP,positive regulation of response to biotic stimulus,19,395,232,14575,0.0021031562911088685
SSB,DESeq2,GO:0070665,BP,positive regulation of leukocyte proliferation,14,395,136,14575,0.0021371398608877996
SSB,DESeq2,GO:0070661,BP,leukocyte proliferation,13,395,119,14575,0.002208950507688019
SSB,DESeq2,GO:0030888,BP,regulation of B cell proliferation,9,395,58,14575,0.0025227320139558935
SSB,DESeq2,GO:0051607,BP,defense response to virus,18,395,216,14575,0.002614463335662131
SSB,DESeq2,GO:0045071,BP,negative regulation of viral genome replication,8,395,46,14575,0.0029910378081083972
SSB,DESeq2,GO:0051239,BP,regulation of multicellular organismal process,93,395,2267,14575,0.0030243424354599404
SSB,DESeq2,GO:0048525,BP,negative regulation of viral process,10,395,75,14575,0.003305595111435994
SSB,DESeq2,GO:0002709,BP,regulation of T cell mediated immunity,10,395,75,14575,0.003305595111435994
SSB,DESeq2,GO:0032693,BP,negative regulation of interleukin-10 production,5,395,15,14575,0.003415695203883718
SSB,DESeq2,GO:0032729,BP,positive regulation of type II interferon production,9,395,62,14575,0.004036735106817079
SSB,DESeq2,GO:0032680,BP,regulation of tumor necrosis factor production,14,395,146,14575,0.00420226716640274
SSB,DESeq2,GO:0002683,BP,negative regulation of immune system process,26,395,400,14575,0.0048538716297532435
SSB,DESeq2,GO:0003012,BP,muscle system process,16,395,187,14575,0.0048538716297532435
SSB,DESeq2,GO:0002708,BP,positive regulation of lymphocyte mediated immunity,11,395,95,14575,0.004863972755772151
SSB,DESeq2,GO:0098586,BP,cellular response to virus,8,395,50,14575,0.00507971393030289
SSB,DESeq2,GO:0031349,BP,positive regulation of defense response,22,395,318,14575,0.005374095710414213
SSB,DESeq2,GO:0031666,BP,positive regulation of lipopolysaccharide-mediated signaling pathway,4,395,9,14575,0.005572932007118015
SSB,DESeq2,GO:0045214,BP,sarcomere organization,7,395,38,14575,0.005690854071017331
SSB,DESeq2,GO:0051240,BP,positive regulation of multicellular organismal process,59,395,1286,14575,0.005836014396961491
SSB,DESeq2,GO:0046651,BP,lymphocyte proliferation,11,395,98,14575,0.006162573097702655
SSB,DESeq2,GO:0002711,BP,positive regulation of T cell mediated immunity,8,395,52,14575,0.006409592386638232
SSB,DESeq2,GO:1901019,BP,regulation of calcium ion transmembrane transporter activity,8,395,52,14575,0.006409592386638232
SSB,DESeq2,GO:0002477,BP,antigen processing and presentation of exogenous peptide antigen via MHC class Ib,3,395,4,14575,0.006868952668345951
SSB,DESeq2,GO:0034762,BP,regulation of transmembrane transport,22,395,326,14575,0.007317642013901221
SSB,DESeq2,GO:1903039,BP,positive regulation of leukocyte cell-cell adhesion,18,395,237,14575,0.007317642013901221
SSB,DESeq2,GO:0035456,BP,response to interferon-beta,6,395,28,14575,0.007543988690688542
SSB,DESeq2,GO:0032755,BP,positive regulation of interleukin-6 production,10,395,84,14575,0.007574400190208289
SSB,DESeq2,GO:0050870,BP,positive regulation of T cell activation,17,395,217,14575,0.007574400190208289
SSB,DESeq2,GO:0045089,BP,positive regulation of innate immune response,17,395,217,14575,0.007574400190208289
SSB,DESeq2,GO:0042742,BP,defense response to bacterium,14,395,157,14575,0.00798605595132159
SSB,DESeq2,GO:0032372,BP,negative regulation of sterol transport,4,395,10,14575,0.00812465891522541
SSB,DESeq2,GO:0032375,BP,negative regulation of cholesterol transport,4,395,10,14575,0.00812465891522541
SSB,DESeq2,GO:0032943,BP,mononuclear cell proliferation,11,395,102,14575,0.00812465891522541
SSB,DESeq2,GO:0050671,BP,positive regulation of lymphocyte proliferation,12,395,120,14575,0.008231921488230829
SSB,DESeq2,GO:0002224,BP,toll-like receptor signaling pathway,7,395,41,14575,0.008365429808147749
SSB,DESeq2,GO:0002706,BP,regulation of lymphocyte mediated immunity,13,395,139,14575,0.008365429808147749
SSB,DESeq2,GO:1903037,BP,regulation of leukocyte cell-cell adhesion,21,395,309,14575,0.008732671083964442
SSB,DESeq2,GO:0042554,BP,superoxide anion generation,5,395,19,14575,0.009606873114469509
SSB,DESeq2,GO:0032946,BP,positive regulation of mononuclear cell proliferation,12,395,123,14575,0.009983339158952899
SSB,DESeq2,GO:0032649,BP,regulation of type II interferon production,10,395,88,14575,0.010220419749402698
SSB,DESeq2,GO:0050863,BP,regulation of T cell activation,21,395,315,14575,0.01099363098848846
SSB,DESeq2,GO:0032409,BP,regulation of transporter activity,14,395,164,14575,0.011629714712982171
SSB,DESeq2,GO:0006936,BP,muscle contraction,13,395,145,14575,0.012146866579052474
SSB,DESeq2,GO:0030183,BP,B cell differentiation,10,395,91,14575,0.013182208229041896
SSB,DESeq2,GO:1904892,BP,regulation of receptor signaling pathway via STAT,8,395,59,14575,0.013555155895163859
SSB,DESeq2,GO:1901894,BP,regulation of ATPase-coupled calcium transmembrane transporter activity,3,395,5,14575,0.014069580289554103
SSB,DESeq2,GO:0050691,BP,regulation of defense response to virus by host,6,395,32,14575,0.014069580289554103
SSB,DESeq2,GO:0022409,BP,positive regulation of cell-cell adhesion,19,395,276,14575,0.014310931435874055
SSB,DESeq2,GO:0019221,BP,cytokine-mediated signaling pathway,20,395,299,14575,0.014310931435874055
SSB,DESeq2,GO:0002230,BP,positive regulation of defense response to virus by host,5,395,21,14575,0.014615373172107317
SSB,DESeq2,GO:0071216,BP,cellular response to biotic stimulus,14,395,169,14575,0.014904964298917536
SSB,DESeq2,GO:0002486,BP,"antigen processing and presentation of endogenous peptide antigen via MHC class I via ER pathway, TAP-independent",4,395,12,14575,0.015800984584649656
SSB,DESeq2,GO:1903557,BP,positive regulation of tumor necrosis factor superfamily cytokine production,10,395,94,14575,0.016061907445519816
SSB,DESeq2,GO:0034341,BP,response to type II interferon,10,395,94,14575,0.016061907445519816
SSB,DESeq2,GO:0001906,BP,cell killing,9,395,78,14575,0.017705942730389924
SSB,DESeq2,GO:0051049,BP,regulation of transport,54,395,1203,14575,0.01838573823543034
SSB,DESeq2,GO:0048247,BP,lymphocyte chemotaxis,6,395,34,14575,0.018509017664099525
SSB,DESeq2,GO:0010935,BP,regulation of macrophage cytokine production,6,395,34,14575,0.018509017664099525
SSB,DESeq2,GO:0042269,BP,regulation of natural killer cell mediated cytotoxicity,6,395,34,14575,0.018509017664099525
SSB,DESeq2,GO:0050864,BP,regulation of B cell activation,11,395,115,14575,0.019629879655070393
SSB,DESeq2,GO:0050852,BP,T cell receptor signaling pathway,10,395,97,14575,0.02000116120512424
SSB,DESeq2,GO:0050729,BP,positive regulation of inflammatory response,11,395,116,14575,0.020870603828225975
SSB,DESeq2,GO:0032735,BP,positive regulation of interleukin-12 production,6,395,35,14575,0.021186458393050108
SSB,DESeq2,GO:0060907,BP,positive regulation of macrophage cytokine production,5,395,23,14575,0.021186458393050108
SSB,DESeq2,GO:0031664,BP,regulation of lipopolysaccharide-mediated signaling pathway,5,395,23,14575,0.021186458393050108
SSB,DESeq2,GO:0071222,BP,cellular response to lipopolysaccharide,12,395,136,14575,0.02154655106041358
SSB,DESeq2,GO:0090370,BP,negative regulation of cholesterol efflux,3,395,6,14575,0.024212104934822835
SSB,DESeq2,GO:0001937,BP,negative regulation of endothelial cell proliferation,6,395,36,14575,0.024212104934822835
SSB,DESeq2,GO:0019731,BP,antibacterial humoral response,5,395,24,14575,0.025464219328450045
SSB,DESeq2,GO:0050860,BP,negative regulation of T cell receptor signaling pathway,5,395,24,14575,0.025464219328450045
SSB,DESeq2,GO:0001913,BP,T cell mediated cytotoxicity,4,395,14,14575,0.027325058312295064
SSB,DESeq2,GO:0002715,BP,regulation of natural killer cell mediated immunity,6,395,37,14575,0.027496221245065934
SSB,DESeq2,GO:0032481,BP,positive regulation of type I interferon production,8,395,67,14575,0.027499520964921264
SSB,DESeq2,GO:0051928,BP,positive regulation of calcium ion transport,9,395,85,14575,0.03014124912143119
SSB,DESeq2,GO:0001818,BP,negative regulation of cytokine production,16,395,228,14575,0.03101875522788416
SSB,DESeq2,GO:0002639,BP,positive regulation of immunoglobulin production,6,395,38,14575,0.03122441945916587
SSB,DESeq2,GO:0030890,BP,positive regulation of B cell proliferation,6,395,38,14575,0.03122441945916587
SSB,DESeq2,GO:0031032,BP,actomyosin structure organization,10,395,105,14575,0.03400299061149383
SSB,DESeq2,GO:0042953,BP,lipoprotein transport,4,395,15,14575,0.03476362029225391
SSB,DESeq2,GO:0050900,BP,leukocyte migration,14,395,187,14575,0.03529362673955867
SSB,DESeq2,GO:0032412,BP,regulation of monoatomic ion transmembrane transporter activity,12,395,145,14575,0.03534613767613563
SSB,DESeq2,GO:0002704,BP,negative regulation of leukocyte mediated immunity,7,395,54,14575,0.03608000054838534
SSB,DESeq2,GO:0071219,BP,cellular response to molecule of bacterial origin,12,395,146,14575,0.03718613299255648
SSB,DESeq2,GO:0070106,BP,interleukin-27-mediated signaling pathway,3,395,7,14575,0.03762051139017669
SSB,DESeq2,GO:0002725,BP,negative regulation of T cell cytokine production,3,395,7,14575,0.03762051139017669
SSB,DESeq2,GO:0010628,BP,positive regulation of gene expression,42,395,908,14575,0.0387287431949518
SSB,DESeq2,GO:0002719,BP,negative regulation of cytokine production involved in immune response,5,395,27,14575,0.04082564174350135
SSB,DESeq2,GO:0002456,BP,T cell mediated immunity,5,395,27,14575,0.04082564174350135
SSB,DESeq2,GO:2001257,BP,regulation of cation channel activity,8,395,72,14575,0.041073471335070104
SSB,DESeq2,GO:0002481,BP,"antigen processing and presentation of exogenous protein antigen via MHC class Ib, TAP-dependent",2,395,2,14575,0.04119370849104709
SSB,DESeq2,GO:0003366,BP,cell-matrix adhesion involved in ameboidal cell migration,2,395,2,14575,0.04119370849104709
SSB,DESeq2,GO:0002485,BP,"antigen processing and presentation of endogenous peptide antigen via MHC class I via ER pathway, TAP-dependent",2,395,2,14575,0.04119370849104709
SSB,DESeq2,GO:0061754,BP,negative regulation of circulating fibrinogen levels,2,395,2,14575,0.04119370849104709
SSB,DESeq2,GO:0060263,BP,regulation of respiratory burst,4,395,16,14575,0.041482606844719896
SSB,DESeq2,GO:0044872,BP,lipoprotein localization,4,395,16,14575,0.041482606844719896
SSB,DESeq2,GO:0045953,BP,negative regulation of natural killer cell mediated cytotoxicity,4,395,16,14575,0.041482606844719896
SSB,DESeq2,GO:0050766,BP,positive regulation of phagocytosis,7,395,56,14575,0.04161110187131597
SSB,DESeq2,GO:0032760,BP,positive regulation of tumor necrosis factor production,9,395,91,14575,0.043644324133799574
SSB,DESeq2,GO:0048583,BP,regulation of response to stimulus,113,395,3145,14575,0.04371362955209181
SSB,DESeq2,GO:0032479,BP,regulation of type I interferon production,10,395,110,14575,0.043812580909127645
SSB,DESeq2,GO:0002237,BP,response to molecule of bacterial origin,17,395,262,14575,0.044356521889003554
SSB,DESeq2,GO:0022407,BP,regulation of cell-cell adhesion,23,395,403,14575,0.04439085563814086
SSB,DESeq2,GO:0022898,BP,regulation of transmembrane transporter activity,12,395,151,14575,0.04534143152112337
SSB,DESeq2,GO:0045069,BP,regulation of viral genome replication,8,395,74,14575,0.04593820658437441
SSB,DESeq2,GO:0043270,BP,positive regulation of monoatomic ion transport,12,395,152,14575,0.047339140002746465
SSB,DESeq2,GO:1904064,BP,positive regulation of cation transmembrane transport,9,395,93,14575,0.0491909156272498
SSB,DESeq2,GO:1903131,BP,mononuclear cell differentiation,16,395,242,14575,0.049619028064424205
SSB,DESeq2,GO:0002730,BP,regulation of dendritic cell cytokine production,4,395,17,14575,0.049619028064424205
SSB,DESeq2,GO:1900227,BP,positive regulation of NLRP3 inflammasome complex assembly,4,395,17,14575,0.049619028064424205
SSB,DESeq2,GO:0002716,BP,negative regulation of natural killer cell mediated immunity,4,395,17,14575,0.049619028064424205
SSB,DESeq2,GO:0044238,BP,primary metabolic process,76,395,5291,14575,1.143018887912697e-10
SSB,DESeq2,GO:0071704,BP,organic substance metabolic process,84,395,5597,14575,1.9269108682776233e-10
SSB,DESeq2,GO:0006807,BP,nitrogen compound metabolic process,70,395,4907,14575,6.66256271244669e-10
SSB,DESeq2,GO:0008152,BP,metabolic process,98,395,6034,14575,2.417503283505019e-09
SSB,DESeq2,GO:0043170,BP,macromolecule metabolic process,59,395,4230,14575,2.3141738404599166e-08
SSB,DESeq2,GO:1901360,BP,organic cyclic compound metabolic process,25,395,2531,14575,3.9119349791582905e-08
SSB,DESeq2,GO:0034641,BP,cellular nitrogen compound metabolic process,26,395,2577,14575,4.9383973654315166e-08
SSB,DESeq2,GO:0044237,BP,cellular metabolic process,68,395,4578,14575,4.940004029927014e-08
SSB,DESeq2,GO:0006139,BP,nucleobase-containing compound metabolic process,20,395,2205,14575,1.203661699454483e-07
SSB,DESeq2,GO:0006725,BP,cellular aromatic compound metabolic process,23,395,2351,14575,1.4566989219595987e-07
SSB,DESeq2,GO:0090304,BP,nucleic acid metabolic process,13,395,1758,14575,1.997787475070941e-07
SSB,DESeq2,GO:0046483,BP,heterocycle metabolic process,23,395,2344,14575,1.9986224123246403e-07
SSB,DESeq2,GO:0006396,BP,RNA processing,1,395,752,14575,6.15555940271912e-06
SSB,DESeq2,GO:0071840,BP,cellular component organization or biogenesis,71,395,4303,14575,2.7570249662659492e-05
SSB,DESeq2,GO:0008150,BP,biological_process,298,395,12389,14575,8.178464502408615e-05
SSB,DESeq2,GO:0016043,BP,cellular component organization,71,395,4206,14575,0.00010794676189110389
SSB,DESeq2,GO:0046907,BP,intracellular transport,7,395,1029,14575,0.0003049889314349105
SSB,DESeq2,GO:0016070,BP,RNA metabolic process,11,395,1237,14575,0.0007586074458485828
SSB,DESeq2,GO:1901564,BP,organonitrogen compound metabolic process,58,395,3448,14575,0.0013620345897783627
SSB,DESeq2,GO:1901576,BP,organic substance biosynthetic process,24,395,1874,14575,0.001505508460698716
SSB,DESeq2,GO:0051641,BP,cellular localization,25,395,1912,14575,0.0017153975611030742
SSB,DESeq2,GO:0044249,BP,cellular biosynthetic process,22,395,1757,14575,0.0017153975611030742
SSB,DESeq2,GO:0051171,BP,regulation of nitrogen compound metabolic process,79,395,4303,14575,0.0017792550345775895
SSB,DESeq2,GO:0016071,BP,mRNA metabolic process,1,395,511,14575,0.0021371398608877996
SSB,DESeq2,GO:0009987,BP,cellular process,248,395,10566,14575,0.0023782890769336756
SSB,DESeq2,GO:0080090,BP,regulation of primary metabolic process,82,395,4405,14575,0.002427098164276546
SSB,DESeq2,GO:0007049,BP,cell cycle,0,395,396,14575,0.002841497148119372
SSB,DESeq2,GO:0009058,BP,biosynthetic process,26,395,1918,14575,0.0030469974799017625
SSB,DESeq2,GO:0071824,BP,protein-DNA complex organization,3,395,650,14575,0.003259409320660167
SSB,DESeq2,GO:0006357,BP,regulation of transcription by RNA polymerase II,28,395,1999,14575,0.004020465029778777
SSB,DESeq2,GO:0043412,BP,macromolecule modification,26,395,1883,14575,0.0048538716297532435
SSB,DESeq2,GO:0019538,BP,protein metabolic process,41,395,2573,14575,0.0052471341583691326
SSB,DESeq2,GO:0006397,BP,mRNA processing,0,395,371,14575,0.005610055441207354
SSB,DESeq2,GO:0034660,BP,ncRNA metabolic process,1,395,452,14575,0.007574400190208289
SSB,DESeq2,GO:0051301,BP,cell division,0,395,352,14575,0.007574400190208289
SSB,DESeq2,GO:0051649,BP,establishment of localization in cell,15,395,1294,14575,0.008329179890770618
SSB,DESeq2,GO:0036211,BP,protein modification process,23,395,1689,14575,0.009463150393103562
SSB,DESeq2,GO:0051179,BP,localization,60,395,3340,14575,0.009983339158952899
SSB,DESeq2,GO:0006325,BP,chromatin organization,3,395,590,14575,0.010272952580151892
SSB,DESeq2,GO:0006281,BP,DNA repair,1,395,419,14575,0.014060582382072495
SSB,DESeq2,GO:0007017,BP,microtubule-based process,3,395,575,14575,0.014060582382072495
SSB,DESeq2,GO:0006886,BP,intracellular protein transport,2,395,498,14575,0.014578936744389277
SSB,DESeq2,GO:0010638,BP,positive regulation of organelle organization,1,395,430,14575,0.01460331780021911
SSB,DESeq2,GO:0022402,BP,cell cycle process,5,395,687,14575,0.017990886252614295
SSB,DESeq2,GO:0008380,BP,RNA splicing,0,395,315,14575,0.0203574470860761
SSB,DESeq2,GO:0019219,BP,regulation of nucleobase-containing compound metabolic process,57,395,3156,14575,0.020933759790042278
SSB,DESeq2,GO:0006355,BP,regulation of DNA-templated transcription,46,395,2669,14575,0.02293294308388284
SSB,DESeq2,GO:0071702,BP,organic substance transport,21,395,1508,14575,0.02636948633673206
SSB,DESeq2,GO:0033036,BP,macromolecule localization,23,395,1599,14575,0.027325058312295064
SSB,DESeq2,GO:0033043,BP,regulation of organelle organization,11,395,994,14575,0.032251367078303395
SSB,DESeq2,GO:0070727,BP,cellular macromolecule localization,23,395,1586,14575,0.0338136521155564
SSB,DESeq2,GO:0044271,BP,cellular nitrogen compound biosynthetic process,13,395,1082,14575,0.03718613299255648
SSB,DESeq2,GO:0051252,BP,regulation of RNA metabolic process,53,395,2914,14575,0.04081489983747113
SSB,DESeq2,GO:0051173,BP,positive regulation of nitrogen compound metabolic process,41,395,2384,14575,0.041073471335070104
SSB,DESeq2,GO:0008104,BP,protein localization,23,395,1582,14575,0.04119370849104709
SSB,DESeq2,GO:0043687,BP,post-translational protein modification,6,395,697,14575,0.04119370849104709
SSB,DESeq2,GO:2001141,BP,regulation of RNA biosynthetic process,48,395,2683,14575,0.042515934254799825
SSB,DESeq2,GO:0034470,BP,ncRNA processing,1,395,366,14575,0.04593820658437441
SSB,DESeq2,GO:0048856,BP,anatomical structure development,41,395,2376,14575,0.04693810130768597
SSB,DESeq2,GO:0006259,BP,DNA metabolic process,5,395,628,14575,0.049619028064424205
SSB,DESeq2,GO:0019814,CC,immunoglobulin complex,13,395,21,14575,2.736290690154492e-13
SSB,DESeq2,GO:0031332,CC,RNAi effector complex,16,395,48,14575,1.7098334504691044e-11
SSB,DESeq2,GO:0016442,CC,RISC complex,16,395,48,14575,1.7098334504691044e-11
SSB,DESeq2,GO:0042611,CC,MHC protein complex,10,395,20,14575,5.1787129701292375e-09
SSB,DESeq2,GO:0098552,CC,side of membrane,39,395,511,14575,7.675588105389279e-07
SSB,DESeq2,GO:0009897,CC,external side of plasma membrane,28,395,302,14575,1.8932209311873905e-06
SSB,DESeq2,GO:0042613,CC,MHC class II protein complex,7,395,13,14575,1.8932209311873905e-06
SSB,DESeq2,GO:0098797,CC,plasma membrane protein complex,32,395,409,14575,8.927234176555002e-06
SSB,DESeq2,GO:0071735,CC,IgG immunoglobulin complex,4,395,4,14575,5.8466778351812736e-05
SSB,DESeq2,GO:0043020,CC,NADPH oxidase complex,6,395,15,14575,0.00016123053230773768
SSB,DESeq2,GO:0098553,CC,lumenal side of endoplasmic reticulum membrane,7,395,23,14575,0.00016881583183889795
SSB,DESeq2,GO:0042571,CC,"immunoglobulin complex, circulating",4,395,6,14575,0.0007138027289876684
SSB,DESeq2,GO:0005886,CC,plasma membrane,127,395,3319,14575,0.0012842740176822012
SSB,DESeq2,GO:0098576,CC,lumenal side of membrane,7,395,31,14575,0.0012965780060686127
SSB,DESeq2,GO:0033017,CC,sarcoplasmic reticulum membrane,7,395,33,14575,0.001842683296373737
SSB,DESeq2,GO:0031430,CC,M band,6,395,24,14575,0.002362886779465585
SSB,DESeq2,GO:0042824,CC,MHC class I peptide loading complex,4,395,8,14575,0.002362886779465585
SSB,DESeq2,GO:0042612,CC,MHC class I protein complex,4,395,8,14575,0.002362886779465585
SSB,DESeq2,GO:0012507,CC,ER to Golgi transport vesicle membrane,8,395,48,14575,0.002643253984681856
SSB,DESeq2,GO:0030666,CC,endocytic vesicle membrane,15,395,165,14575,0.002778216373883392
SSB,DESeq2,GO:1990111,CC,spermatoproteasome complex,3,395,4,14575,0.004525321186933065
SSB,DESeq2,GO:0005615,CC,extracellular space,47,395,975,14575,0.00742864304449709
SSB,DESeq2,GO:0032982,CC,myosin filament,4,395,15,14575,0.028711296532512698
SSB,DESeq2,GO:0016529,CC,sarcoplasmic reticulum,6,395,39,14575,0.028711296532512698
SSB,DESeq2,GO:0042825,CC,TAP complex,2,395,2,14575,0.03186244800634042
SSB,DESeq2,GO:0071750,CC,dimeric IgA immunoglobulin complex,2,395,2,14575,0.03186244800634042
SSB,DESeq2,GO:0034669,CC,integrin alpha4-beta7 complex,2,395,2,14575,0.03186244800634042
SSB,DESeq2,GO:0071752,CC,secretory dimeric IgA immunoglobulin complex,2,395,2,14575,0.03186244800634042
SSB,DESeq2,GO:0071748,CC,monomeric IgA immunoglobulin complex,2,395,2,14575,0.03186244800634042
SSB,DESeq2,GO:0098796,CC,membrane protein complex,43,395,937,14575,0.032847530947703464
SSB,DESeq2,GO:0009986,CC,cell surface,25,395,451,14575,0.03752147748478599
SSB,DESeq2,GO:0030670,CC,phagocytic vesicle membrane,8,395,75,14575,0.03752147748478599
SSB,DESeq2,GO:0045335,CC,phagocytic vesicle,8,395,76,14575,0.039857740069216836
SSB,DESeq2,GO:0043229,CC,intracellular organelle,138,395,8357,14575,2.276089330163409e-16
SSB,DESeq2,GO:0043231,CC,intracellular membrane-bounded organelle,121,395,7496,14575,3.018054180079765e-14
SSB,DESeq2,GO:0005634,CC,nucleus,52,395,4443,14575,2.736290690154492e-13
SSB,DESeq2,GO:0043226,CC,organelle,173,395,9156,14575,3.452809357528423e-12
SSB,DESeq2,GO:0043227,CC,membrane-bounded organelle,158,395,8415,14575,2.069683978599425e-10
SSB,DESeq2,GO:0110165,CC,cellular anatomical entity,301,395,12859,14575,2.4706360319621803e-09
SSB,DESeq2,GO:0005654,CC,nucleoplasm,43,395,3362,14575,7.541521756369051e-08
SSB,DESeq2,GO:0005575,CC,cellular_component,310,395,12971,14575,1.331002810968467e-07
SSB,DESeq2,GO:0140513,CC,nuclear protein-containing complex,10,395,1110,14575,0.0015308790732560616
SSB,DESeq2,GO:0043232,CC,intracellular non-membrane-bounded organelle,37,395,2382,14575,0.004525321186933065
SSB,DESeq2,GO:0043228,CC,non-membrane-bounded organelle,37,395,2382,14575,0.004525321186933065
SSB,DESeq2,GO:0005874,CC,microtubule,0,395,335,14575,0.011754435322506218
SSB,DESeq2,GO:0005815,CC,microtubule organizing center,4,395,636,14575,0.012371429770744506
SSB,DESeq2,GO:0005813,CC,centrosome,3,395,555,14575,0.013638219962291849
SSB,DESeq2,GO:0031966,CC,mitochondrial membrane,5,395,621,14575,0.03752147748478599
SSB,DESeq2,GO:0003823,MF,antigen binding,24,395,64,14575,5.361325307416535e-18
SSB,DESeq2,GO:1903231,MF,mRNA base-pairing translational repressor activity,13,395,19,14575,1.9200691945441116e-13
SSB,DESeq2,GO:0042605,MF,peptide antigen binding,12,395,28,14575,3.2035483048024014e-09
SSB,DESeq2,GO:0030371,MF,translation repressor activity,13,395,47,14575,1.4273106289481569e-07
SSB,DESeq2,GO:0005102,MF,signaling receptor binding,59,395,1016,14575,1.2781760874009807e-05
SSB,DESeq2,GO:0023023,MF,MHC protein complex binding,9,395,30,14575,2.4286365187126332e-05
SSB,DESeq2,GO:0023026,MF,MHC class II protein complex binding,8,395,23,14575,3.113950084753034e-05
SSB,DESeq2,GO:0046977,MF,TAP binding,5,395,7,14575,8.94047271703731e-05
SSB,DESeq2,GO:0042277,MF,peptide binding,20,395,230,14575,0.001069394974987033
SSB,DESeq2,GO:0060089,MF,molecular transducer activity,41,395,714,14575,0.001069394974987033
SSB,DESeq2,GO:0038023,MF,signaling receptor activity,41,395,714,14575,0.001069394974987033
SSB,DESeq2,GO:0045182,MF,translation regulator activity,14,395,132,14575,0.0028009361518469156
SSB,DESeq2,GO:0032395,MF,MHC class II receptor activity,4,395,8,14575,0.006658412772403155
SSB,DESeq2,GO:0004888,MF,transmembrane signaling receptor activity,32,395,542,14575,0.006658674493872881
SSB,DESeq2,GO:0042287,MF,MHC protein binding,6,395,25,14575,0.007859526901901785
SSB,DESeq2,GO:0034987,MF,immunoglobulin receptor binding,4,395,9,14575,0.010425549829964392
SSB,DESeq2,GO:0046978,MF,TAP1 binding,3,395,4,14575,0.0129543801005925
SSB,DESeq2,GO:0140375,MF,immune receptor activity,12,395,119,14575,0.014938041112387591
SSB,DESeq2,GO:0016176,MF,superoxide-generating NADPH oxidase activator activity,4,395,10,14575,0.015304066292462835
SSB,DESeq2,GO:0033218,MF,amide binding,20,395,290,14575,0.019607889460658882
SSB,DESeq2,GO:0031432,MF,titin binding,4,395,11,14575,0.021396059273320157
SSB,DESeq2,GO:0051373,MF,FATZ binding,3,395,5,14575,0.026133390734935563
SSB,DESeq2,GO:0070003,MF,threonine-type peptidase activity,4,395,13,14575,0.04070170910336873
SSB,DESeq2,GO:0023029,MF,MHC class Ib protein binding,3,395,6,14575,0.04706247906059896
SSB,DESeq2,GO:0003674,MF,molecular_function,293,395,12770,14575,2.53382308227668e-10
SSB,DESeq2,GO:0036094,MF,small molecule binding,76,395,4913,14575,1.2790413018910688e-07
SSB,DESeq2,GO:0043167,MF,ion binding,73,395,4764,14575,1.4273106289481569e-07
SSB,DESeq2,GO:0043169,MF,cation binding,46,395,3424,14575,1.1054608203044611e-06
SSB,DESeq2,GO:0046872,MF,metal ion binding,45,395,3368,14575,1.1570186912560782e-06
SSB,DESeq2,GO:0005488,MF,binding,281,395,12016,14575,9.06162362467256e-06
SSB,DESeq2,GO:0003676,MF,nucleic acid binding,46,395,3228,14575,2.5997600591681858e-05
SSB,DESeq2,GO:0097159,MF,organic cyclic compound binding,85,395,4813,14575,0.00011726076861644398
SSB,DESeq2,GO:0005515,MF,protein binding,243,395,10641,14575,0.00013679693649851354
SSB,DESeq2,GO:0003677,MF,DNA binding,23,395,1911,14575,0.000614792286351555
SSB,DESeq2,GO:0003824,MF,catalytic activity,78,395,4372,14575,0.0008618323140395324
SSB,DESeq2,GO:0140640,MF,"catalytic activity, acting on a nucleic acid",2,395,518,14575,0.020985009681680312
SSB,DESeq2,GO:0140110,MF,transcription regulator activity,20,395,1496,14575,0.03657209237853583
SSB,"MORFR top 1,000",GO:0007189,BP,adenylate cyclase-activating G protein-coupled receptor signaling pathway,17,603,88,14575,0.0013786536787571046
SSB,"MORFR top 1,000",GO:0071880,BP,adenylate cyclase-activating adrenergic receptor signaling pathway,6,603,11,14575,0.008343073968163923
SSB,"MORFR top 1,000",GO:0007188,BP,adenylate cyclase-modulating G protein-coupled receptor signaling pathway,19,603,133,14575,0.008343073968163923
SSB,"MORFR top 1,000",GO:0006069,BP,ethanol oxidation,5,603,7,14575,0.008343073968163923
SSB,"MORFR top 1,000",GO:0014061,BP,regulation of norepinephrine secretion,5,603,8,14575,0.017190964375076275
SSB,"MORFR top 1,000",GO:0007186,BP,G protein-coupled receptor signaling pathway,40,603,464,14575,0.02660007156524563
SSB,"MORFR top 1,000",GO:0071875,BP,adrenergic receptor signaling pathway,6,603,15,14575,0.030785549082274526
SSB,"MORFR top 1,000",GO:0090630,BP,activation of GTPase activity,13,603,79,14575,0.030785549082274526
SSB,"MORFR top 1,000",GO:0007267,BP,cell-cell signaling,33,603,362,14575,0.030785549082274526
SSB,"MORFR top 1,000",GO:0023052,BP,signaling,33,603,370,14575,0.039074963447700166
SSB,"MORFR top 1,000",GO:0006325,BP,chromatin organization,6,603,590,14575,0.026332870868137126
SSB,"MORFR top 1,000",GO:0034641,BP,cellular nitrogen compound metabolic process,70,603,2577,14575,0.039074963447700166
SSB,"MORFR top 1,000",GO:0070578,CC,RISC-loading complex,4,603,8,14575,0.031558116356081974
SSB,"MORFR top 1,000",GO:0043229,CC,intracellular organelle,281,603,8357,14575,0.00012481336789028514
SSB,"MORFR top 1,000",GO:0005654,CC,nucleoplasm,90,603,3362,14575,0.0005149085242929032
SSB,"MORFR top 1,000",GO:0043226,CC,organelle,322,603,9156,14575,0.0008518765544471105
SSB,"MORFR top 1,000",GO:0043231,CC,intracellular membrane-bounded organelle,253,603,7496,14575,0.0009364331357742035
SSB,"MORFR top 1,000",GO:0043227,CC,membrane-bounded organelle,297,603,8415,14575,0.007613622230306903
SSB,"MORFR top 1,000",GO:0110165,CC,cellular anatomical entity,501,603,12859,14575,0.031558116356081974
SSB,"MORFR top 1,000",GO:0032991,CC,protein-containing complex,159,603,4869,14575,0.031558116356081974
SSB,"MORFR top 1,000",GO:0043232,CC,intracellular non-membrane-bounded organelle,66,603,2382,14575,0.031558116356081974
SSB,"MORFR top 1,000",GO:0043228,CC,non-membrane-bounded organelle,66,603,2382,14575,0.031558116356081974
SSB,"MORFR top 1,000",GO:0005575,CC,cellular_component,507,603,12971,14575,0.031558116356081974
SSB,"MORFR top 1,000",GO:0005634,CC,nucleus,143,603,4443,14575,0.03207649471381884
SSB,"MORFR top 1,000",GO:0004935,MF,adrenergic receptor activity,6,603,6,14575,2.2934012902787475e-05
SSB,"MORFR top 1,000",GO:0004022,MF,alcohol dehydrogenase (NAD+) activity,6,603,7,14575,5.163314351584848e-05
SSB,"MORFR top 1,000",GO:0018455,MF,alcohol dehydrogenase [NAD(P)+] activity,6,603,7,14575,5.163314351584848e-05
SSB,"MORFR top 1,000",GO:0004024,MF,"alcohol dehydrogenase activity, zinc-dependent",5,603,5,14575,0.00013969421738863449
SSB,"MORFR top 1,000",GO:0004936,MF,alpha-adrenergic receptor activity,4,603,4,14575,0.0027185101056023944
SSB,"MORFR top 1,000",GO:0008227,MF,G protein-coupled amine receptor activity,6,603,12,14575,0.0028510084752973145
SSB,"MORFR top 1,000",GO:0001609,MF,G protein-coupled adenosine receptor activity,4,603,5,14575,0.009389663594548816
SSB,"MORFR top 1,000",GO:0004930,MF,G protein-coupled receptor activity,24,603,225,14575,0.012236726255400626
SSB,"MORFR top 1,000",GO:0004938,MF,alpha2-adrenergic receptor activity,3,603,3,14575,0.03667974931373897
SSB,"MORFR top 1,000",GO:0003841,MF,1-acylglycerol-3-phosphate O-acyltransferase activity,6,603,20,14575,0.049103391376908646
SSB,"MORFR top 1,000",GO:0003682,MF,chromatin binding,5,603,482,14575,0.04595774254881663
ANA,DESeq2,GO:0002376,BP,immune system process,464,1325,1381,14575,1.8793518047679855e-161
ANA,DESeq2,GO:0006955,BP,immune response,346,1325,827,14575,1.9161740563506606e-149
ANA,DESeq2,GO:0002682,BP,regulation of immune system process,363,1325,1215,14575,1.9724254849181058e-103
ANA,DESeq2,GO:0006952,BP,defense response,299,1325,943,14575,4.497672398771828e-90
ANA,DESeq2,GO:0050776,BP,regulation of immune response,255,1325,712,14575,1.2849191680509283e-88
ANA,DESeq2,GO:0002684,BP,positive regulation of immune system process,267,1325,793,14575,3.534550706022462e-86
ANA,DESeq2,GO:0002250,BP,adaptive immune response,139,1325,236,14575,1.320622218218215e-80
ANA,DESeq2,GO:0043207,BP,response to external biotic stimulus,272,1325,928,14575,1.3267118128075653e-72
ANA,DESeq2,GO:0050778,BP,positive regulation of immune response,194,1325,503,14575,2.756802479494775e-72
ANA,DESeq2,GO:0009607,BP,response to biotic stimulus,277,1325,963,14575,3.693953173672211e-72
ANA,DESeq2,GO:0051707,BP,response to other organism,237,1325,770,14575,5.8584683073125983e-67
ANA,DESeq2,GO:0098542,BP,defense response to other organism,207,1325,619,14575,9.42913232007558e-65
ANA,DESeq2,GO:0002694,BP,regulation of leukocyte activation,178,1325,469,14575,9.734069312469061e-65
ANA,DESeq2,GO:0050865,BP,regulation of cell activation,186,1325,513,14575,3.889409868809524e-64
ANA,DESeq2,GO:0044419,BP,biological process involved in interspecies interaction between organisms,256,1325,921,14575,8.032014754850059e-63
ANA,DESeq2,GO:0051249,BP,regulation of lymphocyte activation,165,1325,423,14575,8.43382472880403e-62
ANA,DESeq2,GO:0045321,BP,leukocyte activation,169,1325,448,14575,7.001218283662065e-61
ANA,DESeq2,GO:0001775,BP,cell activation,181,1325,517,14575,1.2277807199117715e-59
ANA,DESeq2,GO:0140546,BP,defense response to symbiont,182,1325,547,14575,4.279122955235881e-56
ANA,DESeq2,GO:0046649,BP,lymphocyte activation,146,1325,367,14575,1.2411142274290473e-55
ANA,DESeq2,GO:0050896,BP,response to stimulus,603,1325,3849,14575,6.389230935720375e-53
ANA,DESeq2,GO:0009605,BP,response to external stimulus,306,1325,1375,14575,1.7896667263019736e-52
ANA,DESeq2,GO:0048584,BP,positive regulation of response to stimulus,357,1325,1770,14575,3.11542000016894e-51
ANA,DESeq2,GO:0050863,BP,regulation of T cell activation,126,1325,315,14575,5.795624454480065e-48
ANA,DESeq2,GO:1903037,BP,regulation of leukocyte cell-cell adhesion,121,1325,309,14575,8.556274092601168e-45
ANA,DESeq2,GO:0002764,BP,immune response-regulating signaling pathway,115,1325,282,14575,1.342792342257171e-44
ANA,DESeq2,GO:0002253,BP,activation of immune response,120,1325,306,14575,1.6287417424417628e-44
ANA,DESeq2,GO:0002252,BP,immune effector process,115,1325,284,14575,2.9628132899937064e-44
ANA,DESeq2,GO:0045087,BP,innate immune response,143,1325,427,14575,8.1002973273494e-44
ANA,DESeq2,GO:0007166,BP,cell surface receptor signaling pathway,305,1325,1507,14575,5.4064402462970665e-43
ANA,DESeq2,GO:0050670,BP,regulation of lymphocyte proliferation,92,1325,191,14575,9.637772262698629e-43
ANA,DESeq2,GO:0001817,BP,regulation of cytokine production,176,1325,625,14575,1.1783489449899867e-42
ANA,DESeq2,GO:0002697,BP,regulation of immune effector process,117,1325,303,14575,1.3141870901708668e-42
ANA,DESeq2,GO:0002683,BP,negative regulation of immune system process,136,1325,400,14575,1.8657445081558e-42
ANA,DESeq2,GO:0050867,BP,positive regulation of cell activation,119,1325,314,14575,2.0789403251846435e-42
ANA,DESeq2,GO:0002696,BP,positive regulation of leukocyte activation,116,1325,300,14575,2.4806218735482695e-42
ANA,DESeq2,GO:0032944,BP,regulation of mononuclear cell proliferation,92,1325,194,14575,4.320865820288531e-42
ANA,DESeq2,GO:0007165,BP,signal transduction,494,1325,3118,14575,1.8268937899441898e-41
ANA,DESeq2,GO:0070663,BP,regulation of leukocyte proliferation,96,1325,214,14575,2.231490933388243e-41
ANA,DESeq2,GO:0048583,BP,regulation of response to stimulus,496,1325,3145,14575,5.326724270252703e-41
ANA,DESeq2,GO:0051251,BP,positive regulation of lymphocyte activation,110,1325,283,14575,2.44430989408076e-40
ANA,DESeq2,GO:0002768,BP,immune response-regulating cell surface receptor signaling pathway,97,1325,225,14575,5.3507363673333436e-40
ANA,DESeq2,GO:0022407,BP,regulation of cell-cell adhesion,133,1325,403,14575,6.475791521376736e-40
ANA,DESeq2,GO:0051239,BP,regulation of multicellular organismal process,392,1325,2267,14575,9.583988746191392e-40
ANA,DESeq2,GO:0002757,BP,immune response-activating signaling pathway,102,1325,255,14575,1.2757269041520574e-38
ANA,DESeq2,GO:1903039,BP,positive regulation of leukocyte cell-cell adhesion,98,1325,237,14575,1.52960890570091e-38
ANA,DESeq2,GO:0032101,BP,regulation of response to external stimulus,205,1325,866,14575,9.855990876768017e-38
ANA,DESeq2,GO:0002703,BP,regulation of leukocyte mediated immunity,87,1325,196,14575,5.775142432814778e-37
ANA,DESeq2,GO:0022409,BP,positive regulation of cell-cell adhesion,104,1325,276,14575,1.1641463985187107e-36
ANA,DESeq2,GO:0031347,BP,regulation of defense response,163,1325,617,14575,1.3719000446635762e-35
ANA,DESeq2,GO:0042110,BP,T cell activation,94,1325,239,14575,8.901817254955367e-35
ANA,DESeq2,GO:0050870,BP,positive regulation of T cell activation,89,1325,217,14575,1.4918249672548065e-34
ANA,DESeq2,GO:0001819,BP,positive regulation of cytokine production,124,1325,397,14575,2.243662322145996e-34
ANA,DESeq2,GO:0002429,BP,immune response-activating cell surface receptor signaling pathway,85,1325,201,14575,3.695507059529332e-34
ANA,DESeq2,GO:0002831,BP,regulation of response to biotic stimulus,124,1325,405,14575,2.0605880771953825e-33
ANA,DESeq2,GO:0030155,BP,regulation of cell adhesion,165,1325,666,14575,2.3692520682614488e-32
ANA,DESeq2,GO:0051240,BP,positive regulation of multicellular organismal process,251,1325,1286,14575,1.1145211518836504e-31
ANA,DESeq2,GO:0042129,BP,regulation of T cell proliferation,68,1325,141,14575,1.921502231022096e-31
ANA,DESeq2,GO:0002706,BP,regulation of lymphocyte mediated immunity,66,1325,139,14575,5.756189162574961e-30
ANA,DESeq2,GO:0032103,BP,positive regulation of response to external stimulus,123,1325,436,14575,2.6748598620837204e-29
ANA,DESeq2,GO:0002699,BP,positive regulation of immune effector process,79,1325,200,14575,3.323419527937488e-29
ANA,DESeq2,GO:0009617,BP,response to bacterium,86,1325,237,14575,1.0580018205403133e-28
ANA,DESeq2,GO:0006954,BP,inflammatory response,112,1325,379,14575,1.6787601449454829e-28
ANA,DESeq2,GO:0002819,BP,regulation of adaptive immune response,70,1325,164,14575,2.958107958109579e-28
ANA,DESeq2,GO:0045785,BP,positive regulation of cell adhesion,117,1325,415,14575,8.802208690085854e-28
ANA,DESeq2,GO:0002521,BP,leukocyte differentiation,97,1325,303,14575,1.5691714389817411e-27
ANA,DESeq2,GO:0002822,BP,regulation of adaptive immune response based on somatic recombination of immune receptors built from immunoglobulin superfamily domains,66,1325,152,14575,3.974888458495642e-27
ANA,DESeq2,GO:0002449,BP,lymphocyte mediated immunity,50,1325,89,14575,6.060421127849533e-27
ANA,DESeq2,GO:0050671,BP,positive regulation of lymphocyte proliferation,58,1325,120,14575,8.965870417206962e-27
ANA,DESeq2,GO:0006950,BP,response to stress,372,1325,2400,14575,1.1453134805969453e-26
ANA,DESeq2,GO:0031341,BP,regulation of cell killing,47,1325,80,14575,1.7510506950844858e-26
ANA,DESeq2,GO:0002460,BP,adaptive immune response based on somatic recombination of immune receptors built from immunoglobulin superfamily domains,49,1325,87,14575,1.7510506950844858e-26
ANA,DESeq2,GO:1903131,BP,mononuclear cell differentiation,84,1325,242,14575,1.7510506950844858e-26
ANA,DESeq2,GO:0045088,BP,regulation of innate immune response,102,1325,340,14575,1.8170249107213597e-26
ANA,DESeq2,GO:0032946,BP,positive regulation of mononuclear cell proliferation,58,1325,123,14575,4.363476311650375e-26
ANA,DESeq2,GO:0019221,BP,cytokine-mediated signaling pathway,94,1325,299,14575,5.17678879478691e-26
ANA,DESeq2,GO:0070665,BP,positive regulation of leukocyte proliferation,61,1325,136,14575,5.364948703799894e-26
ANA,DESeq2,GO:0050851,BP,antigen receptor-mediated signaling pathway,60,1325,132,14575,5.992988827486948e-26
ANA,DESeq2,GO:0060326,BP,cell chemotaxis,67,1325,166,14575,2.434168113562423e-25
ANA,DESeq2,GO:1902105,BP,regulation of leukocyte differentiation,87,1325,267,14575,3.0262364672349164e-25
ANA,DESeq2,GO:0032649,BP,regulation of type II interferon production,48,1325,88,14575,4.135224661430538e-25
ANA,DESeq2,GO:0051241,BP,negative regulation of multicellular organismal process,177,1325,860,14575,2.5295993956830303e-24
ANA,DESeq2,GO:0002443,BP,leukocyte mediated immunity,51,1325,103,14575,4.023949032630668e-24
ANA,DESeq2,GO:0019882,BP,antigen processing and presentation,47,1325,88,14575,4.8448630429539016e-24
ANA,DESeq2,GO:0002695,BP,negative regulation of leukocyte activation,61,1325,146,14575,5.594769568361295e-24
ANA,DESeq2,GO:0001910,BP,regulation of leukocyte mediated cytotoxicity,42,1325,71,14575,8.351130190574101e-24
ANA,DESeq2,GO:0006935,BP,chemotaxis,85,1325,268,14575,9.386312171054705e-24
ANA,DESeq2,GO:0042330,BP,taxis,85,1325,268,14575,9.386312171054705e-24
ANA,DESeq2,GO:1903555,BP,regulation of tumor necrosis factor superfamily cytokine production,61,1325,150,14575,3.0945880930041723e-23
ANA,DESeq2,GO:0006959,BP,humoral immune response,55,1325,124,14575,4.128844393488667e-23
ANA,DESeq2,GO:1903706,BP,regulation of hemopoiesis,96,1325,337,14575,5.0238495749482725e-23
ANA,DESeq2,GO:0030098,BP,lymphocyte differentiation,72,1325,205,14575,5.52550472657478e-23
ANA,DESeq2,GO:0050866,BP,negative regulation of cell activation,64,1325,166,14575,6.57311549022763e-23
ANA,DESeq2,GO:0040011,BP,locomotion,86,1325,281,14575,7.186978805304372e-23
ANA,DESeq2,GO:0042742,BP,defense response to bacterium,62,1325,157,14575,7.73729196309929e-23
ANA,DESeq2,GO:0042102,BP,positive regulation of T cell proliferation,45,1325,85,14575,7.95817494918664e-23
ANA,DESeq2,GO:0031349,BP,positive regulation of defense response,92,1325,318,14575,1.4163496217368477e-22
ANA,DESeq2,GO:0046651,BP,lymphocyte proliferation,48,1325,98,14575,1.8727112357560428e-22
ANA,DESeq2,GO:0002705,BP,positive regulation of leukocyte mediated immunity,52,1325,115,14575,2.4902323808886034e-22
ANA,DESeq2,GO:0050864,BP,regulation of B cell activation,52,1325,115,14575,2.4902323808886034e-22
ANA,DESeq2,GO:0032680,BP,regulation of tumor necrosis factor production,59,1325,146,14575,2.4902323808886034e-22
ANA,DESeq2,GO:0031343,BP,positive regulation of cell killing,35,1325,53,14575,4.1631685946151203e-22
ANA,DESeq2,GO:0051250,BP,negative regulation of lymphocyte activation,54,1325,125,14575,4.712445800977789e-22
ANA,DESeq2,GO:0009615,BP,response to virus,88,1325,301,14575,6.329598454353322e-22
ANA,DESeq2,GO:0048002,BP,antigen processing and presentation of peptide antigen,35,1325,54,14575,1.04075610333339e-21
ANA,DESeq2,GO:0030595,BP,leukocyte chemotaxis,51,1325,114,14575,1.1992583980540641e-21
ANA,DESeq2,GO:0032943,BP,mononuclear cell proliferation,48,1325,102,14575,1.5790597946598316e-21
ANA,DESeq2,GO:0042113,BP,B cell activation,58,1325,146,14575,1.601488658422253e-21
ANA,DESeq2,GO:0070661,BP,leukocyte proliferation,52,1325,119,14575,1.6236797666202667e-21
ANA,DESeq2,GO:0050900,BP,leukocyte migration,66,1325,187,14575,3.331566777283042e-21
ANA,DESeq2,GO:0048518,BP,positive regulation of biological process,602,1325,4825,14575,1.551449724137452e-20
ANA,DESeq2,GO:0032729,BP,positive regulation of type II interferon production,36,1325,62,14575,4.959463119812561e-20
ANA,DESeq2,GO:0050777,BP,negative regulation of immune response,57,1325,153,14575,1.486867013826885e-19
ANA,DESeq2,GO:0051607,BP,defense response to virus,69,1325,216,14575,2.030048902821727e-19
ANA,DESeq2,GO:0001912,BP,positive regulation of leukocyte mediated cytotoxicity,31,1325,48,14575,3.926477513968573e-19
ANA,DESeq2,GO:0019884,BP,antigen processing and presentation of exogenous antigen,30,1325,45,14575,4.259253044095665e-19
ANA,DESeq2,GO:0002824,BP,positive regulation of adaptive immune response based on somatic recombination of immune receptors built from immunoglobulin superfamily domains,44,1325,98,14575,1.0290941079472046e-18
ANA,DESeq2,GO:0045619,BP,regulation of lymphocyte differentiation,61,1325,179,14575,1.0821814085033775e-18
ANA,DESeq2,GO:0001818,BP,negative regulation of cytokine production,70,1325,228,14575,1.2299921118160175e-18
ANA,DESeq2,GO:0001906,BP,cell killing,39,1325,78,14575,1.2788851797718263e-18
ANA,DESeq2,GO:0002708,BP,positive regulation of lymphocyte mediated immunity,43,1325,95,14575,1.8543053011624957e-18
ANA,DESeq2,GO:0002821,BP,positive regulation of adaptive immune response,45,1325,104,14575,2.2324549990097295e-18
ANA,DESeq2,GO:0050853,BP,B cell receptor signaling pathway,30,1325,47,14575,2.6599562512841106e-18
ANA,DESeq2,GO:0002833,BP,positive regulation of response to biotic stimulus,70,1325,232,14575,3.491923617681335e-18
ANA,DESeq2,GO:0002704,BP,negative regulation of leukocyte mediated immunity,32,1325,54,14575,3.763222676103948e-18
ANA,DESeq2,GO:0002698,BP,negative regulation of immune effector process,42,1325,95,14575,1.4999322779495917e-17
ANA,DESeq2,GO:1902533,BP,positive regulation of intracellular signal transduction,158,1325,840,14575,1.6011432400902086e-17
ANA,DESeq2,GO:0050672,BP,negative regulation of lymphocyte proliferation,35,1325,67,14575,1.7862045633282827e-17
ANA,DESeq2,GO:0032945,BP,negative regulation of mononuclear cell proliferation,35,1325,67,14575,1.7862045633282827e-17
ANA,DESeq2,GO:0002700,BP,regulation of production of molecular mediator of immune response,54,1325,152,14575,1.922365882249503e-17
ANA,DESeq2,GO:0034097,BP,response to cytokine,106,1325,470,14575,3.948621947362788e-17
ANA,DESeq2,GO:0046634,BP,regulation of alpha-beta T cell activation,41,1325,93,14575,4.4372372963258645e-17
ANA,DESeq2,GO:0071674,BP,mononuclear cell migration,39,1325,85,14575,5.665819838719898e-17
ANA,DESeq2,GO:0050727,BP,regulation of inflammatory response,80,1325,303,14575,5.665819838719898e-17
ANA,DESeq2,GO:0034341,BP,response to type II interferon,41,1325,94,14575,7.044123894078997e-17
ANA,DESeq2,GO:0045089,BP,positive regulation of innate immune response,65,1325,217,14575,1.1060373750305408e-16
ANA,DESeq2,GO:0070664,BP,negative regulation of leukocyte proliferation,36,1325,74,14575,1.1060373750305408e-16
ANA,DESeq2,GO:0050868,BP,negative regulation of T cell activation,41,1325,95,14575,1.1096860907675851e-16
ANA,DESeq2,GO:0002478,BP,antigen processing and presentation of exogenous peptide antigen,25,1325,36,14575,1.587618129273361e-16
ANA,DESeq2,GO:1903038,BP,negative regulation of leukocyte cell-cell adhesion,43,1325,105,14575,1.7660193771499681e-16
ANA,DESeq2,GO:0002709,BP,regulation of T cell mediated immunity,36,1325,75,14575,1.8927675157539702e-16
ANA,DESeq2,GO:0010628,BP,positive regulation of gene expression,164,1325,908,14575,1.936289095650762e-16
ANA,DESeq2,GO:0050794,BP,regulation of cellular process,878,1325,8018,14575,2.551105201877346e-16
ANA,DESeq2,GO:0042127,BP,regulation of cell population proliferation,213,1325,1310,14575,2.551105201877346e-16
ANA,DESeq2,GO:0080134,BP,regulation of response to stress,189,1325,1112,14575,2.830138078634629e-16
ANA,DESeq2,GO:0048522,BP,positive regulation of cellular process,547,1325,4448,14575,2.8505632460133855e-16
ANA,DESeq2,GO:1903557,BP,positive regulation of tumor necrosis factor superfamily cytokine production,40,1325,94,14575,5.109644598481234e-16
ANA,DESeq2,GO:0050789,BP,regulation of biological process,909,1325,8392,14575,5.443634766783416e-16
ANA,DESeq2,GO:0032760,BP,positive regulation of tumor necrosis factor production,39,1325,91,14575,9.724249016458609e-16
ANA,DESeq2,GO:0002237,BP,response to molecule of bacterial origin,71,1325,262,14575,1.1133387142183691e-15
ANA,DESeq2,GO:0032675,BP,regulation of interleukin-6 production,47,1325,129,14575,1.1674960912250918e-15
ANA,DESeq2,GO:1902531,BP,regulation of intracellular signal transduction,230,1325,1474,14575,1.596459452502024e-15
ANA,DESeq2,GO:0050854,BP,regulation of antigen receptor-mediated signaling pathway,32,1325,63,14575,1.630472933828384e-15
ANA,DESeq2,GO:0009967,BP,positive regulation of signal transduction,203,1325,1250,14575,2.621695200299494e-15
ANA,DESeq2,GO:0022408,BP,negative regulation of cell-cell adhesion,51,1325,153,14575,3.7477214588433215e-15
ANA,DESeq2,GO:0002707,BP,negative regulation of lymphocyte mediated immunity,26,1325,43,14575,5.209719758872339e-15
ANA,DESeq2,GO:0060284,BP,regulation of cell development,126,1325,649,14575,8.129119791950646e-15
ANA,DESeq2,GO:0009966,BP,regulation of signal transduction,331,1325,2406,14575,1.027810768202632e-14
ANA,DESeq2,GO:0001914,BP,regulation of T cell mediated cytotoxicity,24,1325,38,14575,1.9304332939340686e-14
ANA,DESeq2,GO:0010033,BP,response to organic substance,241,1325,1604,14575,2.386120737381936e-14
ANA,DESeq2,GO:0032496,BP,response to lipopolysaccharide,66,1325,246,14575,2.5714162883624598e-14
ANA,DESeq2,GO:0045580,BP,regulation of T cell differentiation,49,1325,151,14575,5.06296482596337e-14
ANA,DESeq2,GO:0002718,BP,regulation of cytokine production involved in immune response,39,1325,101,14575,6.449420638006624e-14
ANA,DESeq2,GO:0042098,BP,T cell proliferation,30,1325,63,14575,1.500646592849803e-13
ANA,DESeq2,GO:0065007,BP,biological regulation,923,1325,8687,14575,1.833322403620101e-13
ANA,DESeq2,GO:0043408,BP,regulation of MAPK cascade,104,1325,511,14575,2.1162985813557484e-13
ANA,DESeq2,GO:0019724,BP,B cell mediated immunity,24,1325,41,14575,2.185074628605358e-13
ANA,DESeq2,GO:0032501,BP,multicellular organismal process,328,1325,2428,14575,2.2537818216261153e-13
ANA,DESeq2,GO:0046640,BP,regulation of alpha-beta T cell proliferation,22,1325,35,14575,3.750840116320579e-13
ANA,DESeq2,GO:0042100,BP,B cell proliferation,22,1325,35,14575,3.750840116320579e-13
ANA,DESeq2,GO:0032653,BP,regulation of interleukin-10 production,26,1325,49,14575,3.814944871896912e-13
ANA,DESeq2,GO:0031348,BP,negative regulation of defense response,58,1325,210,14575,3.814944871896912e-13
ANA,DESeq2,GO:0010647,BP,positive regulation of cell communication,210,1325,1372,14575,3.9700682286763186e-13
ANA,DESeq2,GO:0002685,BP,regulation of leukocyte migration,55,1325,193,14575,4.4810229855226317e-13
ANA,DESeq2,GO:1903708,BP,positive regulation of hemopoiesis,49,1325,159,14575,4.684846847848314e-13
ANA,DESeq2,GO:1902107,BP,positive regulation of leukocyte differentiation,49,1325,159,14575,4.684846847848314e-13
ANA,DESeq2,GO:0030334,BP,regulation of cell migration,139,1325,789,14575,6.109309976489785e-13
ANA,DESeq2,GO:0023056,BP,positive regulation of signaling,210,1325,1378,14575,6.475262225361625e-13
ANA,DESeq2,GO:0070098,BP,chemokine-mediated signaling pathway,30,1325,66,14575,6.77193239870623e-13
ANA,DESeq2,GO:0030593,BP,neutrophil chemotaxis,29,1325,62,14575,7.370991065197033e-13
ANA,DESeq2,GO:0042130,BP,negative regulation of T cell proliferation,27,1325,54,14575,7.496550595771938e-13
ANA,DESeq2,GO:0032655,BP,regulation of interleukin-12 production,27,1325,54,14575,7.496550595771938e-13
ANA,DESeq2,GO:0030888,BP,regulation of B cell proliferation,28,1325,58,14575,7.5733968287807e-13
ANA,DESeq2,GO:0019883,BP,antigen processing and presentation of endogenous antigen,19,1325,27,14575,1.1414393661272868e-12
ANA,DESeq2,GO:0002474,BP,antigen processing and presentation of peptide antigen via MHC class I,20,1325,30,14575,1.1488592185576136e-12
ANA,DESeq2,GO:0043410,BP,positive regulation of MAPK cascade,80,1325,357,14575,1.1488592185576136e-12
ANA,DESeq2,GO:0032102,BP,negative regulation of response to external stimulus,76,1325,331,14575,1.2722176019124562e-12
ANA,DESeq2,GO:0072676,BP,lymphocyte migration,28,1325,59,14575,1.2785767238396764e-12
ANA,DESeq2,GO:0046635,BP,positive regulation of alpha-beta T cell activation,28,1325,59,14575,1.2785767238396764e-12
ANA,DESeq2,GO:0002715,BP,regulation of natural killer cell mediated immunity,22,1325,37,14575,1.7945929685844013e-12
ANA,DESeq2,GO:0043067,BP,regulation of programmed cell death,190,1325,1221,14575,1.8133323831335727e-12
ANA,DESeq2,GO:0050790,BP,regulation of catalytic activity,180,1325,1135,14575,1.840626611018113e-12
ANA,DESeq2,GO:0070372,BP,regulation of ERK1 and ERK2 cascade,58,1325,218,14575,2.075980313580474e-12
ANA,DESeq2,GO:0042269,BP,regulation of natural killer cell mediated cytotoxicity,21,1325,34,14575,2.3319524175745145e-12
ANA,DESeq2,GO:0065009,BP,regulation of molecular function,233,1325,1597,14575,2.3543375266324087e-12
ANA,DESeq2,GO:0050852,BP,T cell receptor signaling pathway,36,1325,97,14575,2.9565426613545695e-12
ANA,DESeq2,GO:0010646,BP,regulation of cell communication,350,1325,2687,14575,3.2078368809561738e-12
ANA,DESeq2,GO:0007162,BP,negative regulation of cell adhesion,61,1325,239,14575,3.3769230324135596e-12
ANA,DESeq2,GO:1990266,BP,neutrophil migration,30,1325,70,14575,4.2959028994465555e-12
ANA,DESeq2,GO:0071621,BP,granulocyte chemotaxis,29,1325,66,14575,5.089406028411164e-12
ANA,DESeq2,GO:2000145,BP,regulation of cell motility,141,1325,826,14575,5.483000309423262e-12
ANA,DESeq2,GO:0001909,BP,leukocyte mediated cytotoxicity,24,1325,46,14575,6.0901449360855334e-12
ANA,DESeq2,GO:0031295,BP,T cell costimulation,22,1325,39,14575,7.687797495446164e-12
ANA,DESeq2,GO:0002495,BP,antigen processing and presentation of peptide antigen via MHC class II,18,1325,26,14575,8.073737687415945e-12
ANA,DESeq2,GO:0019886,BP,antigen processing and presentation of exogenous peptide antigen via MHC class II,18,1325,26,14575,8.073737687415945e-12
ANA,DESeq2,GO:0040012,BP,regulation of locomotion,144,1325,853,14575,8.073737687415945e-12
ANA,DESeq2,GO:0071346,BP,cellular response to type II interferon,31,1325,76,14575,8.126844630653683e-12
ANA,DESeq2,GO:0002832,BP,negative regulation of response to biotic stimulus,36,1325,100,14575,8.282747055166281e-12
ANA,DESeq2,GO:0008284,BP,positive regulation of cell population proliferation,128,1325,729,14575,9.332304886382663e-12
ANA,DESeq2,GO:0050729,BP,positive regulation of inflammatory response,39,1325,116,14575,1.0221607222254374e-11
ANA,DESeq2,GO:0051336,BP,regulation of hydrolase activity,112,1325,608,14575,1.301314447723856e-11
ANA,DESeq2,GO:1903900,BP,regulation of viral life cycle,39,1325,117,14575,1.3886337622778637e-11
ANA,DESeq2,GO:0035195,BP,miRNA-mediated post-transcriptional gene silencing,28,1325,64,14575,1.4757001529532542e-11
ANA,DESeq2,GO:0031294,BP,lymphocyte costimulation,22,1325,40,14575,1.4870159079568633e-11
ANA,DESeq2,GO:0023051,BP,regulation of signaling,347,1325,2685,14575,1.5565255733961208e-11
ANA,DESeq2,GO:0046641,BP,positive regulation of alpha-beta T cell proliferation,16,1325,21,14575,1.627382619592183e-11
ANA,DESeq2,GO:0002503,BP,peptide antigen assembly with MHC class II protein complex,12,1325,12,14575,1.8823739830676022e-11
ANA,DESeq2,GO:0002504,BP,antigen processing and presentation of peptide or polysaccharide antigen via MHC class II,18,1325,27,14575,2.0994010829774956e-11
ANA,DESeq2,GO:0016064,BP,immunoglobulin mediated immune response,21,1325,37,14575,2.1884804722024803e-11
ANA,DESeq2,GO:0002274,BP,myeloid leukocyte activation,36,1325,103,14575,2.1884804722024803e-11
ANA,DESeq2,GO:0097529,BP,myeloid leukocyte migration,36,1325,103,14575,2.1884804722024803e-11
ANA,DESeq2,GO:0071219,BP,cellular response to molecule of bacterial origin,44,1325,146,14575,2.1884804722024803e-11
ANA,DESeq2,GO:0071216,BP,cellular response to biotic stimulus,48,1325,169,14575,2.1921341370784293e-11
ANA,DESeq2,GO:0048519,BP,negative regulation of biological process,484,1325,4048,14575,2.272121622033238e-11
ANA,DESeq2,GO:0010629,BP,negative regulation of gene expression,136,1325,802,14575,2.5241419110453482e-11
ANA,DESeq2,GO:2000106,BP,regulation of leukocyte apoptotic process,31,1325,79,14575,2.590603976612966e-11
ANA,DESeq2,GO:0071222,BP,cellular response to lipopolysaccharide,42,1325,136,14575,2.9237001539386035e-11
ANA,DESeq2,GO:0050792,BP,regulation of viral process,42,1325,136,14575,2.9237001539386035e-11
ANA,DESeq2,GO:0048247,BP,lymphocyte chemotaxis,20,1325,34,14575,3.0361209074773695e-11
ANA,DESeq2,GO:0048525,BP,negative regulation of viral process,30,1325,75,14575,3.338179600125824e-11
ANA,DESeq2,GO:0097530,BP,granulocyte migration,30,1325,75,14575,3.338179600125824e-11
ANA,DESeq2,GO:2000026,BP,regulation of multicellular organismal development,172,1325,1106,14575,3.481650580036941e-11
ANA,DESeq2,GO:0043068,BP,positive regulation of programmed cell death,91,1325,460,14575,3.838384663673403e-11
ANA,DESeq2,GO:0016477,BP,cell migration,121,1325,688,14575,3.838384663673403e-11
ANA,DESeq2,GO:0048870,BP,cell motility,128,1325,746,14575,4.491938232857347e-11
ANA,DESeq2,GO:0001916,BP,positive regulation of T cell mediated cytotoxicity,18,1325,28,14575,4.9523045968032275e-11
ANA,DESeq2,GO:0045071,BP,negative regulation of viral genome replication,23,1325,46,14575,5.5587980752472085e-11
ANA,DESeq2,GO:0030183,BP,B cell differentiation,33,1325,91,14575,5.976335797378707e-11
ANA,DESeq2,GO:0002501,BP,peptide antigen assembly with MHC protein complex,14,1325,17,14575,7.239268885304365e-11
ANA,DESeq2,GO:0007186,BP,G protein-coupled receptor signaling pathway,91,1325,464,14575,8.424092358915397e-11
ANA,DESeq2,GO:0002218,BP,activation of innate immune response,41,1325,135,14575,9.70342927284787e-11
ANA,DESeq2,GO:0050764,BP,regulation of phagocytosis,30,1325,78,14575,1.0733930168625232e-10
ANA,DESeq2,GO:0042981,BP,regulation of apoptotic process,179,1325,1183,14575,1.200027753413516e-10
ANA,DESeq2,GO:0002483,BP,antigen processing and presentation of endogenous peptide antigen,15,1325,20,14575,1.220944768722358e-10
ANA,DESeq2,GO:0045621,BP,positive regulation of lymphocyte differentiation,37,1325,114,14575,1.244606449183471e-10
ANA,DESeq2,GO:0045058,BP,T cell selection,16,1325,23,14575,1.4425653390675405e-10
ANA,DESeq2,GO:0002711,BP,positive regulation of T cell mediated immunity,24,1325,52,14575,1.5796828214459864e-10
ANA,DESeq2,GO:0050856,BP,regulation of T cell receptor signaling pathway,22,1325,44,14575,1.6673874471923474e-10
ANA,DESeq2,GO:0071310,BP,cellular response to organic substance,157,1325,1001,14575,1.839306781002076e-10
ANA,DESeq2,GO:0002701,BP,negative regulation of production of molecular mediator of immune response,20,1325,37,14575,2.4371607413815023e-10
ANA,DESeq2,GO:0006956,BP,complement activation,20,1325,37,14575,2.4371607413815023e-10
ANA,DESeq2,GO:0002687,BP,positive regulation of leukocyte migration,39,1325,128,14575,2.894194025717876e-10
ANA,DESeq2,GO:0002820,BP,negative regulation of adaptive immune response,22,1325,45,14575,2.928211980705094e-10
ANA,DESeq2,GO:0033993,BP,response to lipid,109,1325,613,14575,3.441617537434179e-10
ANA,DESeq2,GO:0071345,BP,cellular response to cytokine stimulus,75,1325,362,14575,3.6834489684083574e-10
ANA,DESeq2,GO:0042221,BP,response to chemical,269,1325,2010,14575,3.9322443773407017e-10
ANA,DESeq2,GO:0141061,BP,disruption of cell in another organism,20,1325,38,14575,4.5534898396580975e-10
ANA,DESeq2,GO:0006968,BP,cellular defense response,20,1325,38,14575,4.5534898396580975e-10
ANA,DESeq2,GO:0031640,BP,killing of cells of another organism,20,1325,38,14575,4.5534898396580975e-10
ANA,DESeq2,GO:0002823,BP,negative regulation of adaptive immune response based on somatic recombination of immune receptors built from immunoglobulin superfamily domains,21,1325,42,14575,4.976031802906791e-10
ANA,DESeq2,GO:0070374,BP,positive regulation of ERK1 and ERK2 cascade,42,1325,148,14575,5.761606011869919e-10
ANA,DESeq2,GO:0046631,BP,alpha-beta T cell activation,28,1325,73,14575,5.862693474466903e-10
ANA,DESeq2,GO:0002702,BP,positive regulation of production of molecular mediator of immune response,35,1325,109,14575,6.433147282043692e-10
ANA,DESeq2,GO:0045807,BP,positive regulation of endocytosis,38,1325,126,14575,7.292350513244612e-10
ANA,DESeq2,GO:0007159,BP,leukocyte cell-cell adhesion,23,1325,51,14575,7.624188229575206e-10
ANA,DESeq2,GO:0002712,BP,regulation of B cell mediated immunity,22,1325,47,14575,8.360223451400426e-10
ANA,DESeq2,GO:0002889,BP,regulation of immunoglobulin mediated immune response,22,1325,47,14575,8.360223451400426e-10
ANA,DESeq2,GO:0032755,BP,positive regulation of interleukin-6 production,30,1325,84,14575,8.918865790786519e-10
ANA,DESeq2,GO:0019885,BP,antigen processing and presentation of endogenous peptide antigen via MHC class I,14,1325,19,14575,9.262384831650119e-10
ANA,DESeq2,GO:0030217,BP,T cell differentiation,38,1325,128,14575,1.2100318372226345e-09
ANA,DESeq2,GO:0045824,BP,negative regulation of innate immune response,28,1325,75,14575,1.2184115703759613e-09
ANA,DESeq2,GO:0035194,BP,regulatory ncRNA-mediated post-transcriptional gene silencing,28,1325,76,14575,1.7574788422440887e-09
ANA,DESeq2,GO:0002366,BP,leukocyte activation involved in immune response,35,1325,113,14575,1.955765715281043e-09
ANA,DESeq2,GO:0048523,BP,negative regulation of cellular process,448,1325,3795,14575,2.233389527063666e-09
ANA,DESeq2,GO:0031342,BP,negative regulation of cell killing,15,1325,23,14575,2.6325457352430125e-09
ANA,DESeq2,GO:0141060,BP,disruption of anatomical structure in another organism,20,1325,41,14575,2.6325457352430125e-09
ANA,DESeq2,GO:0032663,BP,regulation of interleukin-2 production,23,1325,54,14575,3.076273425778565e-09
ANA,DESeq2,GO:0010720,BP,positive regulation of cell development,73,1325,364,14575,3.254245771908653e-09
ANA,DESeq2,GO:0002688,BP,regulation of leukocyte chemotaxis,33,1325,104,14575,3.3402117552545984e-09
ANA,DESeq2,GO:0048585,BP,negative regulation of response to stimulus,192,1325,1345,14575,3.4522838083591737e-09
ANA,DESeq2,GO:2000107,BP,negative regulation of leukocyte apoptotic process,22,1325,50,14575,3.6352802913847216e-09
ANA,DESeq2,GO:0002263,BP,cell activation involved in immune response,35,1325,116,14575,4.287038084381846e-09
ANA,DESeq2,GO:0006958,BP,"complement activation, classical pathway",16,1325,27,14575,4.692488153106232e-09
ANA,DESeq2,GO:0141124,BP,intracellular signaling cassette,113,1325,675,14575,4.893154398530522e-09
ANA,DESeq2,GO:0071675,BP,regulation of mononuclear cell migration,33,1325,106,14575,5.791571176814036e-09
ANA,DESeq2,GO:0030335,BP,positive regulation of cell migration,86,1325,466,14575,6.318527038938422e-09
ANA,DESeq2,GO:0050858,BP,negative regulation of antigen receptor-mediated signaling pathway,17,1325,31,14575,6.455112541599606e-09
ANA,DESeq2,GO:0050869,BP,negative regulation of B cell activation,17,1325,31,14575,6.455112541599606e-09
ANA,DESeq2,GO:0002758,BP,innate immune response-activating signaling pathway,34,1325,112,14575,6.460005097258934e-09
ANA,DESeq2,GO:0050871,BP,positive regulation of B cell activation,26,1325,70,14575,6.6942804969945976e-09
ANA,DESeq2,GO:0002690,BP,positive regulation of leukocyte chemotaxis,28,1325,80,14575,6.707245060779942e-09
ANA,DESeq2,GO:0050766,BP,positive regulation of phagocytosis,23,1325,56,14575,7.141809096965947e-09
ANA,DESeq2,GO:0051345,BP,positive regulation of hydrolase activity,77,1325,400,14575,7.4369958992246516e-09
ANA,DESeq2,GO:0040017,BP,positive regulation of locomotion,89,1325,490,14575,9.472178104550207e-09
ANA,DESeq2,GO:0031047,BP,regulatory ncRNA-mediated gene silencing,30,1325,92,14575,1.0897410844694208e-08
ANA,DESeq2,GO:0019722,BP,calcium-mediated signaling,37,1325,133,14575,1.5990389122210143e-08
ANA,DESeq2,GO:0002407,BP,dendritic cell chemotaxis,12,1325,16,14575,1.7726789974698636e-08
ANA,DESeq2,GO:0001911,BP,negative regulation of leukocyte mediated cytotoxicity,14,1325,22,14575,1.7726789974698636e-08
ANA,DESeq2,GO:2000147,BP,positive regulation of cell motility,87,1325,481,14575,1.885597302246285e-08
ANA,DESeq2,GO:0050921,BP,positive regulation of chemotaxis,35,1325,122,14575,1.8864609032950903e-08
ANA,DESeq2,GO:0045954,BP,positive regulation of natural killer cell mediated cytotoxicity,13,1325,19,14575,1.9751577925830144e-08
ANA,DESeq2,GO:1903556,BP,negative regulation of tumor necrosis factor superfamily cytokine production,22,1325,54,14575,2.0845764542310563e-08
ANA,DESeq2,GO:0050830,BP,defense response to Gram-positive bacterium,22,1325,54,14575,2.0845764542310563e-08
ANA,DESeq2,GO:0016441,BP,post-transcriptional gene silencing,28,1325,84,14575,2.354761323418187e-08
ANA,DESeq2,GO:0045069,BP,regulation of viral genome replication,26,1325,74,14575,2.630286024168607e-08
ANA,DESeq2,GO:0035556,BP,intracellular signal transduction,177,1325,1242,14575,2.7541235511965666e-08
ANA,DESeq2,GO:0002548,BP,monocyte chemotaxis,15,1325,26,14575,2.863572280888893e-08
ANA,DESeq2,GO:0008285,BP,negative regulation of cell population proliferation,98,1325,574,14575,3.0777604319592955e-08
ANA,DESeq2,GO:0043065,BP,positive regulation of apoptotic process,81,1325,443,14575,3.347524992424425e-08
ANA,DESeq2,GO:0032652,BP,regulation of interleukin-1 production,29,1325,91,14575,3.8088996554813466e-08
ANA,DESeq2,GO:0036336,BP,dendritic cell migration,14,1325,23,14575,3.974509324895531e-08
ANA,DESeq2,GO:0050793,BP,regulation of developmental process,247,1325,1895,14575,4.324210880896875e-08
ANA,DESeq2,GO:0044093,BP,positive regulation of molecular function,148,1325,995,14575,4.37002360790536e-08
ANA,DESeq2,GO:2000401,BP,regulation of lymphocyte migration,23,1325,61,14575,5.028252105792118e-08
ANA,DESeq2,GO:2000514,BP,"regulation of CD4-positive, alpha-beta T cell activation",23,1325,61,14575,5.028252105792118e-08
ANA,DESeq2,GO:0032689,BP,negative regulation of type II interferon production,15,1325,27,14575,5.725819646641011e-08
ANA,DESeq2,GO:0002456,BP,T cell mediated immunity,15,1325,27,14575,5.725819646641011e-08
ANA,DESeq2,GO:0032720,BP,negative regulation of tumor necrosis factor production,21,1325,52,14575,5.988006246959248e-08
ANA,DESeq2,GO:0043085,BP,positive regulation of catalytic activity,115,1325,721,14575,6.278286423194307e-08
ANA,DESeq2,GO:0032735,BP,positive regulation of interleukin-12 production,17,1325,35,14575,7.002714587466261e-08
ANA,DESeq2,GO:0070887,BP,cellular response to chemical stimulus,180,1325,1288,14575,7.159058496190995e-08
ANA,DESeq2,GO:0071677,BP,positive regulation of mononuclear cell migration,23,1325,62,14575,7.161313927040457e-08
ANA,DESeq2,GO:0032753,BP,positive regulation of interleukin-4 production,14,1325,24,14575,8.433206246023299e-08
ANA,DESeq2,GO:0032651,BP,regulation of interleukin-1 beta production,26,1325,78,14575,9.151776895790967e-08
ANA,DESeq2,GO:0050920,BP,regulation of chemotaxis,44,1325,186,14575,9.470721426195455e-08
ANA,DESeq2,GO:0045582,BP,positive regulation of T cell differentiation,30,1325,100,14575,9.470721426195455e-08
ANA,DESeq2,GO:0050730,BP,regulation of peptidyl-tyrosine phosphorylation,42,1325,173,14575,9.470721426195455e-08
ANA,DESeq2,GO:0002637,BP,regulation of immunoglobulin production,22,1325,58,14575,9.697043096969605e-08
ANA,DESeq2,GO:0030100,BP,regulation of endocytosis,51,1325,233,14575,9.990459522553854e-08
ANA,DESeq2,GO:0007155,BP,cell adhesion,115,1325,725,14575,1.0031271500855096e-07
ANA,DESeq2,GO:0032715,BP,negative regulation of interleukin-6 production,18,1325,40,14575,1.0609709982446276e-07
ANA,DESeq2,GO:0035456,BP,response to interferon-beta,15,1325,28,14575,1.0752244595170065e-07
ANA,DESeq2,GO:0032673,BP,regulation of interleukin-4 production,15,1325,28,14575,1.0752244595170065e-07
ANA,DESeq2,GO:0002717,BP,positive regulation of natural killer cell mediated immunity,13,1325,21,14575,1.1182854935176094e-07
ANA,DESeq2,GO:0002475,BP,antigen processing and presentation via MHC class Ib,13,1325,21,14575,1.1182854935176094e-07
ANA,DESeq2,GO:2000516,BP,"positive regulation of CD4-positive, alpha-beta T cell activation",17,1325,36,14575,1.1567317034724109e-07
ANA,DESeq2,GO:0030101,BP,natural killer cell activation,16,1325,32,14575,1.1742221628600534e-07
ANA,DESeq2,GO:0032693,BP,negative regulation of interleukin-10 production,11,1325,15,14575,1.301444016996971e-07
ANA,DESeq2,GO:0051924,BP,regulation of calcium ion transport,42,1325,175,14575,1.3258461815037605e-07
ANA,DESeq2,GO:0050731,BP,positive regulation of peptidyl-tyrosine phosphorylation,33,1325,119,14575,1.3591371048439714e-07
ANA,DESeq2,GO:0043383,BP,negative T cell selection,9,1325,10,14575,1.5036019679574134e-07
ANA,DESeq2,GO:0032660,BP,regulation of interleukin-17 production,14,1325,25,14575,1.659140126926972e-07
ANA,DESeq2,GO:0001776,BP,leukocyte homeostasis,25,1325,75,14575,1.7573879916967104e-07
ANA,DESeq2,GO:0002720,BP,positive regulation of cytokine production involved in immune response,24,1325,70,14575,1.8795352393399693e-07
ANA,DESeq2,GO:0045577,BP,regulation of B cell differentiation,16,1325,33,14575,2.0416046963711365e-07
ANA,DESeq2,GO:0051282,BP,regulation of sequestering of calcium ion,29,1325,98,14575,2.3435017062782112e-07
ANA,DESeq2,GO:0002710,BP,negative regulation of T cell mediated immunity,13,1325,22,14575,2.4237339304304907e-07
ANA,DESeq2,GO:0030154,BP,cell differentiation,206,1325,1550,14575,2.9744452540373666e-07
ANA,DESeq2,GO:0030890,BP,positive regulation of B cell proliferation,17,1325,38,14575,3.131560072647944e-07
ANA,DESeq2,GO:0038093,BP,Fc receptor signaling pathway,19,1325,47,14575,3.2494994632503934e-07
ANA,DESeq2,GO:0032733,BP,positive regulation of interleukin-10 production,16,1325,34,14575,3.4744851483435807e-07
ANA,DESeq2,GO:0043299,BP,leukocyte degranulation,15,1325,30,14575,3.546799106954936e-07
ANA,DESeq2,GO:0070228,BP,regulation of lymphocyte apoptotic process,20,1325,52,14575,3.643321131581759e-07
ANA,DESeq2,GO:0032732,BP,positive regulation of interleukin-1 production,21,1325,57,14575,3.841678046245302e-07
ANA,DESeq2,GO:0072678,BP,T cell migration,14,1325,27,14575,6.019502658826313e-07
ANA,DESeq2,GO:0045589,BP,regulation of regulatory T cell differentiation,14,1325,27,14575,6.019502658826313e-07
ANA,DESeq2,GO:0002719,BP,negative regulation of cytokine production involved in immune response,14,1325,27,14575,6.019502658826313e-07
ANA,DESeq2,GO:0032814,BP,regulation of natural killer cell activation,15,1325,31,14575,6.195170818460296e-07
ANA,DESeq2,GO:2000404,BP,regulation of T cell migration,18,1325,44,14575,6.264443439292923e-07
ANA,DESeq2,GO:0032731,BP,positive regulation of interleukin-1 beta production,19,1325,49,14575,7.165180638309872e-07
ANA,DESeq2,GO:0002260,BP,lymphocyte homeostasis,21,1325,59,14575,7.683789319282062e-07
ANA,DESeq2,GO:0045061,BP,thymic T cell selection,11,1325,17,14575,9.236752329064038e-07
ANA,DESeq2,GO:0002716,BP,negative regulation of natural killer cell mediated immunity,11,1325,17,14575,9.236752329064038e-07
ANA,DESeq2,GO:0002228,BP,natural killer cell mediated immunity,13,1325,24,14575,9.71724285405997e-07
ANA,DESeq2,GO:0002428,BP,antigen processing and presentation of peptide antigen via MHC class Ib,10,1325,14,14575,9.806097150389817e-07
ANA,DESeq2,GO:0045595,BP,regulation of cell differentiation,167,1325,1215,14575,1.0160848264419997e-06
ANA,DESeq2,GO:0002920,BP,regulation of humoral immune response,15,1325,32,14575,1.0380890146375333e-06
ANA,DESeq2,GO:0001932,BP,regulation of protein phosphorylation,110,1325,717,14575,1.271745246919949e-06
ANA,DESeq2,GO:0002285,BP,lymphocyte activation involved in immune response,26,1325,88,14575,1.3747717792385577e-06
ANA,DESeq2,GO:0045060,BP,negative thymic T cell selection,8,1325,9,14575,1.3763296899144924e-06
ANA,DESeq2,GO:0045937,BP,positive regulation of phosphate metabolic process,88,1325,537,14575,1.4204476491103071e-06
ANA,DESeq2,GO:0010562,BP,positive regulation of phosphorus metabolic process,88,1325,537,14575,1.4204476491103071e-06
ANA,DESeq2,GO:0002861,BP,regulation of inflammatory response to antigenic stimulus,16,1325,37,14575,1.4608139131503937e-06
ANA,DESeq2,GO:0032722,BP,positive regulation of chemokine production,20,1325,56,14575,1.4968658222072826e-06
ANA,DESeq2,GO:0060759,BP,regulation of response to cytokine stimulus,36,1325,150,14575,1.5651027300202085e-06
ANA,DESeq2,GO:0001934,BP,positive regulation of protein phosphorylation,76,1325,441,14575,1.627689118232411e-06
ANA,DESeq2,GO:0045597,BP,positive regulation of cell differentiation,107,1325,697,14575,1.7776010340793584e-06
ANA,DESeq2,GO:2000403,BP,positive regulation of lymphocyte migration,16,1325,38,14575,2.282187111561528e-06
ANA,DESeq2,GO:0032642,BP,regulation of chemokine production,23,1325,74,14575,2.874851994584659e-06
ANA,DESeq2,GO:0002221,BP,pattern recognition receptor signaling pathway,27,1325,97,14575,2.9176617740343663e-06
ANA,DESeq2,GO:0045730,BP,respiratory burst,12,1325,22,14575,2.9176617740343663e-06
ANA,DESeq2,GO:0042325,BP,regulation of phosphorylation,116,1325,781,14575,3.0337774124354388e-06
ANA,DESeq2,GO:1902106,BP,negative regulation of leukocyte differentiation,24,1325,80,14575,3.1857358599598272e-06
ANA,DESeq2,GO:0032677,BP,regulation of interleukin-8 production,22,1325,69,14575,3.254264461842489e-06
ANA,DESeq2,GO:0032479,BP,regulation of type I interferon production,29,1325,110,14575,3.5592556142640978e-06
ANA,DESeq2,GO:0002886,BP,regulation of myeloid leukocyte mediated immunity,19,1325,54,14575,4.15644155055976e-06
ANA,DESeq2,GO:0070232,BP,regulation of T cell apoptotic process,15,1325,35,14575,4.337588232912766e-06
ANA,DESeq2,GO:2001185,BP,"regulation of CD8-positive, alpha-beta T cell activation",11,1325,19,14575,4.438535609714836e-06
ANA,DESeq2,GO:0046637,BP,regulation of alpha-beta T cell differentiation,20,1325,60,14575,5.386065727734902e-06
ANA,DESeq2,GO:1901623,BP,regulation of lymphocyte chemotaxis,12,1325,23,14575,5.4343969026300595e-06
ANA,DESeq2,GO:0042267,BP,natural killer cell mediated cytotoxicity,12,1325,23,14575,5.4343969026300595e-06
ANA,DESeq2,GO:0050832,BP,defense response to fungus,12,1325,23,14575,5.4343969026300595e-06
ANA,DESeq2,GO:0001562,BP,response to protozoan,12,1325,23,14575,5.4343969026300595e-06
ANA,DESeq2,GO:0042327,BP,positive regulation of phosphorylation,79,1325,479,14575,5.547419602978346e-06
ANA,DESeq2,GO:0042116,BP,macrophage activation,19,1325,55,14575,5.687903649980846e-06
ANA,DESeq2,GO:0008283,BP,cell population proliferation,89,1325,560,14575,5.740492091688414e-06
ANA,DESeq2,GO:0048869,BP,cellular developmental process,245,1325,1984,14575,5.915081359623918e-06
ANA,DESeq2,GO:0002363,BP,alpha-beta T cell lineage commitment,10,1325,16,14575,6.022336492594608e-06
ANA,DESeq2,GO:0045953,BP,negative regulation of natural killer cell mediated cytotoxicity,10,1325,16,14575,6.022336492594608e-06
ANA,DESeq2,GO:0002643,BP,regulation of tolerance induction,10,1325,16,14575,6.022336492594608e-06
ANA,DESeq2,GO:0046629,BP,gamma-delta T cell activation,10,1325,16,14575,6.022336492594608e-06
ANA,DESeq2,GO:0019220,BP,regulation of phosphate metabolic process,129,1325,907,14575,6.038640356625113e-06
ANA,DESeq2,GO:0051174,BP,regulation of phosphorus metabolic process,129,1325,908,14575,6.20643766260009e-06
ANA,DESeq2,GO:0043122,BP,regulation of canonical NF-kappaB signal transduction,50,1325,254,14575,6.68229366583517e-06
ANA,DESeq2,GO:0002484,BP,antigen processing and presentation of endogenous peptide antigen via MHC class I via ER pathway,9,1325,13,14575,6.984990755280628e-06
ANA,DESeq2,GO:0002476,BP,antigen processing and presentation of endogenous peptide antigen via MHC class Ib,9,1325,13,14575,6.984990755280628e-06
ANA,DESeq2,GO:0046633,BP,alpha-beta T cell proliferation,9,1325,13,14575,6.984990755280628e-06
ANA,DESeq2,GO:1901700,BP,response to oxygen-containing compound,146,1325,1060,14575,7.006871880888861e-06
ANA,DESeq2,GO:0010604,BP,positive regulation of macromolecule metabolic process,317,1325,2699,14575,7.901338553797297e-06
ANA,DESeq2,GO:0042832,BP,defense response to protozoan,11,1325,20,14575,8.553300499336537e-06
ANA,DESeq2,GO:0002577,BP,regulation of antigen processing and presentation,11,1325,20,14575,8.553300499336537e-06
ANA,DESeq2,GO:0032647,BP,regulation of interferon-alpha production,13,1325,28,14575,9.095487104118393e-06
ANA,DESeq2,GO:0060627,BP,regulation of vesicle-mediated transport,71,1325,422,14575,9.469707158603083e-06
ANA,DESeq2,GO:0050860,BP,negative regulation of T cell receptor signaling pathway,12,1325,24,14575,9.469707158603083e-06
ANA,DESeq2,GO:0042531,BP,positive regulation of tyrosine phosphorylation of STAT protein,15,1325,37,14575,9.78412860412961e-06
ANA,DESeq2,GO:1903707,BP,negative regulation of hemopoiesis,24,1325,85,14575,1.0360399087584673e-05
ANA,DESeq2,GO:0002312,BP,B cell activation involved in immune response,17,1325,47,14575,1.1219344710758768e-05
ANA,DESeq2,GO:0042509,BP,regulation of tyrosine phosphorylation of STAT protein,17,1325,47,14575,1.1219344710758768e-05
ANA,DESeq2,GO:0007204,BP,positive regulation of cytosolic calcium ion concentration,28,1325,110,14575,1.1931059069361664e-05
ANA,DESeq2,GO:0036037,BP,"CD8-positive, alpha-beta T cell activation",7,1325,8,14575,1.1931059069361664e-05
ANA,DESeq2,GO:2000406,BP,positive regulation of T cell migration,14,1325,33,14575,1.2279062596865378e-05
ANA,DESeq2,GO:0032695,BP,negative regulation of interleukin-12 production,10,1325,17,14575,1.2684200480097261e-05
ANA,DESeq2,GO:0032740,BP,positive regulation of interleukin-17 production,10,1325,17,14575,1.2684200480097261e-05
ANA,DESeq2,GO:0043369,BP,"CD4-positive or CD8-positive, alpha-beta T cell lineage commitment",10,1325,17,14575,1.2684200480097261e-05
ANA,DESeq2,GO:0009620,BP,response to fungus,13,1325,29,14575,1.4646284857976252e-05
ANA,DESeq2,GO:0046638,BP,positive regulation of alpha-beta T cell differentiation,16,1325,43,14575,1.5566505589899722e-05
ANA,DESeq2,GO:0050855,BP,regulation of B cell receptor signaling pathway,11,1325,21,14575,1.58657942755022e-05
ANA,DESeq2,GO:0038094,BP,Fc-gamma receptor signaling pathway,12,1325,25,14575,1.6095690950494598e-05
ANA,DESeq2,GO:0050857,BP,positive regulation of antigen receptor-mediated signaling pathway,12,1325,25,14575,1.6095690950494598e-05
ANA,DESeq2,GO:0071396,BP,cellular response to lipid,62,1325,356,14575,1.6095690950494598e-05
ANA,DESeq2,GO:0043373,BP,"CD4-positive, alpha-beta T cell lineage commitment",9,1325,14,14575,1.695053417062693e-05
ANA,DESeq2,GO:2000501,BP,regulation of natural killer cell chemotaxis,6,1325,6,14575,1.7420502837492452e-05
ANA,DESeq2,GO:0045637,BP,regulation of myeloid cell differentiation,36,1325,163,14575,1.7582131065002274e-05
ANA,DESeq2,GO:1904892,BP,regulation of receptor signaling pathway via STAT,19,1325,59,14575,1.811950367006552e-05
ANA,DESeq2,GO:0030099,BP,myeloid cell differentiation,40,1325,191,14575,1.971631103129807e-05
ANA,DESeq2,GO:0019730,BP,antimicrobial humoral response,18,1325,54,14575,2.0019387519658038e-05
ANA,DESeq2,GO:0009893,BP,positive regulation of metabolic process,339,1325,2947,14575,2.171754289292674e-05
ANA,DESeq2,GO:0031401,BP,positive regulation of protein modification process,92,1325,605,14575,2.221202364589034e-05
ANA,DESeq2,GO:0002724,BP,regulation of T cell cytokine production,13,1325,30,14575,2.2936565093003324e-05
ANA,DESeq2,GO:0001959,BP,regulation of cytokine-mediated signaling pathway,32,1325,140,14575,2.3965223610596963e-05
ANA,DESeq2,GO:0032816,BP,positive regulation of natural killer cell activation,10,1325,18,14575,2.509341828688341e-05
ANA,DESeq2,GO:2000561,BP,"regulation of CD4-positive, alpha-beta T cell proliferation",10,1325,18,14575,2.509341828688341e-05
ANA,DESeq2,GO:0045591,BP,positive regulation of regulatory T cell differentiation,10,1325,18,14575,2.509341828688341e-05
ANA,DESeq2,GO:0031325,BP,positive regulation of cellular metabolic process,307,1325,2634,14575,2.7011732134433326e-05
ANA,DESeq2,GO:1903306,BP,negative regulation of regulated secretory pathway,11,1325,22,14575,2.78916629917993e-05
ANA,DESeq2,GO:0032703,BP,negative regulation of interleukin-2 production,11,1325,22,14575,2.78916629917993e-05
ANA,DESeq2,GO:0002761,BP,regulation of myeloid leukocyte differentiation,25,1325,96,14575,2.954261648307706e-05
ANA,DESeq2,GO:0052547,BP,regulation of peptidase activity,46,1325,240,14575,3.34172571261397e-05
ANA,DESeq2,GO:0002714,BP,positive regulation of B cell mediated immunity,13,1325,31,14575,3.538690958277894e-05
ANA,DESeq2,GO:0002891,BP,positive regulation of immunoglobulin mediated immune response,13,1325,31,14575,3.538690958277894e-05
ANA,DESeq2,GO:0048660,BP,regulation of smooth muscle cell proliferation,28,1325,116,14575,3.561875009195688e-05
ANA,DESeq2,GO:0072677,BP,eosinophil migration,9,1325,15,14575,3.7079226163804924e-05
ANA,DESeq2,GO:0048245,BP,eosinophil chemotaxis,9,1325,15,14575,3.7079226163804924e-05
ANA,DESeq2,GO:0002573,BP,myeloid leukocyte differentiation,27,1325,110,14575,3.851323306588583e-05
ANA,DESeq2,GO:0044092,BP,negative regulation of molecular function,86,1325,561,14575,3.862516007627374e-05
ANA,DESeq2,GO:0002335,BP,mature B cell differentiation,12,1325,27,14575,4.244839788668448e-05
ANA,DESeq2,GO:0097028,BP,dendritic cell differentiation,12,1325,27,14575,4.244839788668448e-05
ANA,DESeq2,GO:0150077,BP,regulation of neuroinflammatory response,12,1325,27,14575,4.244839788668448e-05
ANA,DESeq2,GO:2000669,BP,negative regulation of dendritic cell apoptotic process,7,1325,9,14575,4.5097124874706474e-05
ANA,DESeq2,GO:0002544,BP,chronic inflammatory response,7,1325,9,14575,4.5097124874706474e-05
ANA,DESeq2,GO:0002883,BP,regulation of hypersensitivity,7,1325,9,14575,4.5097124874706474e-05
ANA,DESeq2,GO:0002486,BP,"antigen processing and presentation of endogenous peptide antigen via MHC class I via ER pathway, TAP-independent",8,1325,12,14575,4.6958629132203975e-05
ANA,DESeq2,GO:2000668,BP,regulation of dendritic cell apoptotic process,8,1325,12,14575,4.6958629132203975e-05
ANA,DESeq2,GO:0002863,BP,positive regulation of inflammatory response to antigenic stimulus,8,1325,12,14575,4.6958629132203975e-05
ANA,DESeq2,GO:0043368,BP,positive T cell selection,8,1325,12,14575,4.6958629132203975e-05
ANA,DESeq2,GO:0032743,BP,positive regulation of interleukin-2 production,13,1325,32,14575,5.2665905669329786e-05
ANA,DESeq2,GO:0046006,BP,regulation of activated T cell proliferation,13,1325,32,14575,5.2665905669329786e-05
ANA,DESeq2,GO:0051049,BP,regulation of transport,157,1325,1203,14575,6.401280312062381e-05
ANA,DESeq2,GO:0043372,BP,"positive regulation of CD4-positive, alpha-beta T cell differentiation",12,1325,28,14575,6.664248793611744e-05
ANA,DESeq2,GO:0052548,BP,regulation of endopeptidase activity,42,1325,218,14575,6.905455530317568e-05
ANA,DESeq2,GO:0050848,BP,regulation of calcium-mediated signaling,20,1325,70,14575,7.079125660524552e-05
ANA,DESeq2,GO:0048661,BP,positive regulation of smooth muscle cell proliferation,20,1325,70,14575,7.079125660524552e-05
ANA,DESeq2,GO:0051094,BP,positive regulation of developmental process,140,1325,1051,14575,7.415991438350402e-05
ANA,DESeq2,GO:0043029,BP,T cell homeostasis,13,1325,33,14575,7.795888699190877e-05
ANA,DESeq2,GO:0070229,BP,negative regulation of lymphocyte apoptotic process,13,1325,33,14575,7.795888699190877e-05
ANA,DESeq2,GO:0050850,BP,positive regulation of calcium-mediated signaling,14,1325,38,14575,8.252166907231844e-05
ANA,DESeq2,GO:0002888,BP,positive regulation of myeloid leukocyte mediated immunity,10,1325,20,14575,8.252166907231844e-05
ANA,DESeq2,GO:0070106,BP,interleukin-27-mediated signaling pathway,6,1325,7,14575,0.00010042124087211734
ANA,DESeq2,GO:1901342,BP,regulation of vasculature development,46,1325,251,14575,0.00010437914365243211
ANA,DESeq2,GO:0002923,BP,regulation of humoral immune response mediated by circulating immunoglobulin,8,1325,13,14575,0.00010690100617146241
ANA,DESeq2,GO:0002864,BP,regulation of acute inflammatory response to antigenic stimulus,8,1325,13,14575,0.00010690100617146241
ANA,DESeq2,GO:0043301,BP,negative regulation of leukocyte degranulation,8,1325,13,14575,0.00010690100617146241
ANA,DESeq2,GO:0002507,BP,tolerance induction,8,1325,13,14575,0.00010690100617146241
ANA,DESeq2,GO:0010935,BP,regulation of macrophage cytokine production,13,1325,34,14575,0.0001128564009837552
ANA,DESeq2,GO:0010959,BP,regulation of metal ion transport,48,1325,268,14575,0.00012690392937838335
ANA,DESeq2,GO:0002430,BP,complement receptor mediated signaling pathway,7,1325,10,14575,0.0001292069762224886
ANA,DESeq2,GO:0002467,BP,germinal center formation,7,1325,10,14575,0.0001292069762224886
ANA,DESeq2,GO:2001198,BP,regulation of dendritic cell differentiation,7,1325,10,14575,0.0001292069762224886
ANA,DESeq2,GO:0006957,BP,"complement activation, alternative pathway",7,1325,10,14575,0.0001292069762224886
ANA,DESeq2,GO:0048872,BP,homeostasis of number of cells,32,1325,151,14575,0.00013498436429418314
ANA,DESeq2,GO:0032481,BP,positive regulation of type I interferon production,19,1325,67,14575,0.00013498436429418314
ANA,DESeq2,GO:0002730,BP,regulation of dendritic cell cytokine production,9,1325,17,14575,0.000137539153009976
ANA,DESeq2,GO:0030889,BP,negative regulation of B cell proliferation,9,1325,17,14575,0.000137539153009976
ANA,DESeq2,GO:0050862,BP,positive regulation of T cell receptor signaling pathway,9,1325,17,14575,0.000137539153009976
ANA,DESeq2,GO:0035455,BP,response to interferon-alpha,9,1325,17,14575,0.000137539153009976
ANA,DESeq2,GO:0002360,BP,T cell lineage commitment,10,1325,21,14575,0.00013818899414054007
ANA,DESeq2,GO:0070233,BP,negative regulation of T cell apoptotic process,10,1325,21,14575,0.00013818899414054007
ANA,DESeq2,GO:0051247,BP,positive regulation of protein metabolic process,134,1325,1010,14575,0.00014024466774973564
ANA,DESeq2,GO:0051897,BP,positive regulation of phosphatidylinositol 3-kinase/protein kinase B signal transduction,31,1325,144,14575,0.0001457911520242023
ANA,DESeq2,GO:0043123,BP,positive regulation of canonical NF-kappaB signal transduction,38,1325,192,14575,0.00014587774681337962
ANA,DESeq2,GO:0043370,BP,"regulation of CD4-positive, alpha-beta T cell differentiation",15,1325,45,14575,0.00014717271215184763
ANA,DESeq2,GO:0051715,BP,cytolysis in another organism,5,1325,5,14575,0.00016308650486077073
ANA,DESeq2,GO:0002238,BP,response to molecule of fungal origin,5,1325,5,14575,0.00016308650486077073
ANA,DESeq2,GO:0032879,BP,regulation of localization,191,1325,1550,14575,0.0001802010952440209
ANA,DESeq2,GO:0051090,BP,regulation of DNA-binding transcription factor activity,52,1325,304,14575,0.00018827459961162077
ANA,DESeq2,GO:1904994,BP,regulation of leukocyte adhesion to vascular endothelial cell,11,1325,26,14575,0.00018857509730534397
ANA,DESeq2,GO:2000146,BP,negative regulation of cell motility,47,1325,265,14575,0.00019085498511295097
ANA,DESeq2,GO:0009892,BP,negative regulation of metabolic process,261,1325,2237,14575,0.00019265032148706914
ANA,DESeq2,GO:0030336,BP,negative regulation of cell migration,46,1325,255,14575,0.00019265032148706914
ANA,DESeq2,GO:0002523,BP,leukocyte migration involved in inflammatory response,8,1325,14,14575,0.00021693276880402465
ANA,DESeq2,GO:0002825,BP,regulation of T-helper 1 type immune response,10,1325,22,14575,0.00022552675444557007
ANA,DESeq2,GO:0035458,BP,cellular response to interferon-beta,10,1325,22,14575,0.00022552675444557007
ANA,DESeq2,GO:0032757,BP,positive regulation of interleukin-8 production,16,1325,52,14575,0.00022656781418063928
ANA,DESeq2,GO:0046425,BP,regulation of receptor signaling pathway via JAK-STAT,16,1325,52,14575,0.00022656781418063928
ANA,DESeq2,GO:0140131,BP,positive regulation of lymphocyte chemotaxis,9,1325,18,14575,0.00024280772857461
ANA,DESeq2,GO:0060761,BP,negative regulation of response to cytokine stimulus,19,1325,70,14575,0.00025915873684701873
ANA,DESeq2,GO:0070555,BP,response to interleukin-1,22,1325,89,14575,0.0002771342830145142
ANA,DESeq2,GO:0043300,BP,regulation of leukocyte degranulation,14,1325,42,14575,0.0002903893827690553
ANA,DESeq2,GO:0002753,BP,cytoplasmic pattern recognition receptor signaling pathway,16,1325,53,14575,0.000293669783232439
ANA,DESeq2,GO:0006897,BP,endocytosis,61,1325,381,14575,0.000300526898216283
ANA,DESeq2,GO:0002604,BP,regulation of dendritic cell antigen processing and presentation,7,1325,11,14575,0.00030248084868696873
ANA,DESeq2,GO:0002664,BP,regulation of T cell tolerance induction,7,1325,11,14575,0.00030248084868696873
ANA,DESeq2,GO:0002713,BP,negative regulation of B cell mediated immunity,7,1325,11,14575,0.00030248084868696873
ANA,DESeq2,GO:0002890,BP,negative regulation of immunoglobulin mediated immune response,7,1325,11,14575,0.00030248084868696873
ANA,DESeq2,GO:0045059,BP,positive thymic T cell selection,7,1325,11,14575,0.00030248084868696873
ANA,DESeq2,GO:0002295,BP,T-helper cell lineage commitment,7,1325,11,14575,0.00030248084868696873
ANA,DESeq2,GO:0010818,BP,T cell chemotaxis,7,1325,11,14575,0.00030248084868696873
ANA,DESeq2,GO:0031663,BP,lipopolysaccharide-mediated signaling pathway,12,1325,32,14575,0.00030622458259130274
ANA,DESeq2,GO:0018212,BP,peptidyl-tyrosine modification,17,1325,59,14575,0.00030819542359209417
ANA,DESeq2,GO:0045859,BP,regulation of protein kinase activity,61,1325,382,14575,0.00030819542359209417
ANA,DESeq2,GO:0040013,BP,negative regulation of locomotion,50,1325,294,14575,0.00032544852631228216
ANA,DESeq2,GO:0002676,BP,regulation of chronic inflammatory response,6,1325,8,14575,0.0003288938222054999
ANA,DESeq2,GO:0072540,BP,T-helper 17 cell lineage commitment,6,1325,8,14575,0.0003288938222054999
ANA,DESeq2,GO:0033089,BP,positive regulation of T cell differentiation in thymus,6,1325,8,14575,0.0003288938222054999
ANA,DESeq2,GO:0140507,BP,granzyme-mediated programmed cell death signaling pathway,6,1325,8,14575,0.0003288938222054999
ANA,DESeq2,GO:0031399,BP,regulation of protein modification process,131,1325,1001,14575,0.0003434531055243941
ANA,DESeq2,GO:0070269,BP,pyroptosis,10,1325,23,14575,0.00034639509090980843
ANA,DESeq2,GO:0002922,BP,positive regulation of humoral immune response,8,1325,15,14575,0.0004002360657924205
ANA,DESeq2,GO:0010819,BP,regulation of T cell chemotaxis,8,1325,15,14575,0.0004002360657924205
ANA,DESeq2,GO:0032928,BP,regulation of superoxide anion generation,9,1325,19,14575,0.0004002360657924205
ANA,DESeq2,GO:0002639,BP,positive regulation of immunoglobulin production,13,1325,38,14575,0.0004113865160177465
ANA,DESeq2,GO:0032728,BP,positive regulation of interferon-beta production,13,1325,38,14575,0.0004113865160177465
ANA,DESeq2,GO:0051896,BP,regulation of phosphatidylinositol 3-kinase/protein kinase B signal transduction,38,1325,202,14575,0.000434528423287999
ANA,DESeq2,GO:0008219,BP,cell death,97,1325,697,14575,0.0004578422253367852
ANA,DESeq2,GO:0006909,BP,phagocytosis,19,1325,73,14575,0.0004670516284760325
ANA,DESeq2,GO:0001960,BP,negative regulation of cytokine-mediated signaling pathway,18,1325,67,14575,0.0004804692465236593
ANA,DESeq2,GO:0043069,BP,negative regulation of programmed cell death,100,1325,725,14575,0.0004852339799297867
ANA,DESeq2,GO:0050728,BP,negative regulation of inflammatory response,28,1325,132,14575,0.0004852339799297867
ANA,DESeq2,GO:0010557,BP,positive regulation of macromolecule biosynthetic process,239,1325,2046,14575,0.0005369095608694309
ANA,DESeq2,GO:1901222,BP,regulation of non-canonical NF-kappaB signal transduction,20,1325,80,14575,0.0005369095608694309
ANA,DESeq2,GO:0043269,BP,regulation of monoatomic ion transport,52,1325,313,14575,0.000550181475290084
ANA,DESeq2,GO:2000116,BP,regulation of cysteine-type endopeptidase activity,32,1325,162,14575,0.000561844653875034
ANA,DESeq2,GO:0045765,BP,regulation of angiogenesis,43,1325,244,14575,0.000562045225190481
ANA,DESeq2,GO:0012501,BP,programmed cell death,96,1325,693,14575,0.0005831760383444349
ANA,DESeq2,GO:0002437,BP,inflammatory response to antigenic stimulus,11,1325,29,14575,0.0005886181655357319
ANA,DESeq2,GO:0061900,BP,glial cell activation,12,1325,34,14575,0.0005890471406933753
ANA,DESeq2,GO:0043549,BP,regulation of kinase activity,66,1325,430,14575,0.00059223180894439
ANA,DESeq2,GO:0071347,BP,cellular response to interleukin-1,17,1325,62,14575,0.0005939816805682379
ANA,DESeq2,GO:0010952,BP,positive regulation of peptidase activity,29,1325,142,14575,0.0006332286189370666
ANA,DESeq2,GO:0043066,BP,negative regulation of apoptotic process,97,1325,702,14575,0.0006363971293953843
ANA,DESeq2,GO:0018108,BP,peptidyl-tyrosine phosphorylation,16,1325,57,14575,0.0007367763706371494
ANA,DESeq2,GO:0002885,BP,positive regulation of hypersensitivity,5,1325,6,14575,0.0007917460684781838
ANA,DESeq2,GO:0045066,BP,regulatory T cell differentiation,5,1325,6,14575,0.0007917460684781838
ANA,DESeq2,GO:0019835,BP,cytolysis,5,1325,6,14575,0.0007917460684781838
ANA,DESeq2,GO:0002322,BP,B cell proliferation involved in immune response,5,1325,6,14575,0.0007917460684781838
ANA,DESeq2,GO:0002269,BP,leukocyte activation involved in inflammatory response,11,1325,30,14575,0.0008340804565680021
ANA,DESeq2,GO:0051283,BP,negative regulation of sequestering of calcium ion,14,1325,46,14575,0.0008385865876757816
ANA,DESeq2,GO:0033628,BP,regulation of cell adhesion mediated by integrin,14,1325,46,14575,0.0008385865876757816
ANA,DESeq2,GO:0035739,BP,"CD4-positive, alpha-beta T cell proliferation",6,1325,9,14575,0.0008392295049072949
ANA,DESeq2,GO:0032817,BP,regulation of natural killer cell proliferation,6,1325,9,14575,0.0008392295049072949
ANA,DESeq2,GO:0001915,BP,negative regulation of T cell mediated cytotoxicity,6,1325,9,14575,0.0008392295049072949
ANA,DESeq2,GO:2000508,BP,regulation of dendritic cell chemotaxis,6,1325,9,14575,0.0008392295049072949
ANA,DESeq2,GO:0042590,BP,antigen processing and presentation of exogenous peptide antigen via MHC class I,6,1325,9,14575,0.0008392295049072949
ANA,DESeq2,GO:0002578,BP,negative regulation of antigen processing and presentation,6,1325,9,14575,0.0008392295049072949
ANA,DESeq2,GO:0098543,BP,detection of other organism,6,1325,9,14575,0.0008392295049072949
ANA,DESeq2,GO:0006915,BP,apoptotic process,91,1325,657,14575,0.0008864977202389251
ANA,DESeq2,GO:0045670,BP,regulation of osteoclast differentiation,15,1325,52,14575,0.0008864977202389251
ANA,DESeq2,GO:0033209,BP,tumor necrosis factor-mediated signaling pathway,15,1325,52,14575,0.0008864977202389251
ANA,DESeq2,GO:0097553,BP,calcium ion transmembrane import into cytosol,17,1325,64,14575,0.0008946298143700235
ANA,DESeq2,GO:0002224,BP,toll-like receptor signaling pathway,13,1325,41,14575,0.0009615235617547713
ANA,DESeq2,GO:0002230,BP,positive regulation of defense response to virus by host,9,1325,21,14575,0.0009919431910209474
ANA,DESeq2,GO:0140894,BP,endolysosomal toll-like receptor signaling pathway,9,1325,21,14575,0.0009919431910209474
ANA,DESeq2,GO:1904996,BP,positive regulation of leukocyte adhesion to vascular endothelial cell,9,1325,21,14575,0.0009919431910209474
ANA,DESeq2,GO:0007202,BP,activation of phospholipase C activity,9,1325,21,14575,0.0009919431910209474
ANA,DESeq2,GO:0140888,BP,interferon-mediated signaling pathway,12,1325,36,14575,0.0010690047585625853
ANA,DESeq2,GO:0033077,BP,T cell differentiation in thymus,12,1325,36,14575,0.0010690047585625853
ANA,DESeq2,GO:0046596,BP,regulation of viral entry into host cell,12,1325,36,14575,0.0010690047585625853
ANA,DESeq2,GO:0051050,BP,positive regulation of transport,90,1325,651,14575,0.0010735832869303076
ANA,DESeq2,GO:0051092,BP,positive regulation of NF-kappaB transcription factor activity,26,1325,124,14575,0.0010743429622282284
ANA,DESeq2,GO:0031328,BP,positive regulation of cellular biosynthetic process,243,1325,2109,14575,0.0010798204757098777
ANA,DESeq2,GO:0002220,BP,innate immune response activating cell surface receptor signaling pathway,15,1325,53,14575,0.0011072108423653072
ANA,DESeq2,GO:0090322,BP,regulation of superoxide metabolic process,10,1325,26,14575,0.0011237897589916482
ANA,DESeq2,GO:0043087,BP,regulation of GTPase activity,43,1325,251,14575,0.0011255249442635512
ANA,DESeq2,GO:0045920,BP,negative regulation of exocytosis,11,1325,31,14575,0.0011322425850128761
ANA,DESeq2,GO:0043303,BP,mast cell degranulation,8,1325,17,14575,0.0011555746537036816
ANA,DESeq2,GO:0046007,BP,negative regulation of activated T cell proliferation,7,1325,13,14575,0.0011592759472901014
ANA,DESeq2,GO:0002837,BP,regulation of immune response to tumor cell,7,1325,13,14575,0.0011592759472901014
ANA,DESeq2,GO:0002921,BP,negative regulation of humoral immune response,7,1325,13,14575,0.0011592759472901014
ANA,DESeq2,GO:0002827,BP,positive regulation of T-helper 1 type immune response,7,1325,13,14575,0.0011592759472901014
ANA,DESeq2,GO:0031324,BP,negative regulation of cellular metabolic process,235,1325,2037,14575,0.001194252399797069
ANA,DESeq2,GO:0140374,BP,antiviral innate immune response,13,1325,42,14575,0.0012327558220906506
ANA,DESeq2,GO:0051928,BP,positive regulation of calcium ion transport,20,1325,85,14575,0.0012495032827347346
ANA,DESeq2,GO:0051279,BP,regulation of release of sequestered calcium ion into cytosol,16,1325,60,14575,0.001365532716625404
ANA,DESeq2,GO:1903169,BP,regulation of calcium ion transmembrane transport,25,1325,119,14575,0.0014548197083691142
ANA,DESeq2,GO:0002477,BP,antigen processing and presentation of exogenous peptide antigen via MHC class Ib,4,1325,4,14575,0.0014585593197166096
ANA,DESeq2,GO:2001199,BP,negative regulation of dendritic cell differentiation,4,1325,4,14575,0.0014585593197166096
ANA,DESeq2,GO:0043374,BP,"CD8-positive, alpha-beta T cell differentiation",4,1325,4,14575,0.0014585593197166096
ANA,DESeq2,GO:0071226,BP,cellular response to molecule of fungal origin,4,1325,4,14575,0.0014585593197166096
ANA,DESeq2,GO:2000503,BP,positive regulation of natural killer cell chemotaxis,4,1325,4,14575,0.0014585593197166096
ANA,DESeq2,GO:0002892,BP,regulation of type II hypersensitivity,4,1325,4,14575,0.0014585593197166096
ANA,DESeq2,GO:0001796,BP,regulation of type IIa hypersensitivity,4,1325,4,14575,0.0014585593197166096
ANA,DESeq2,GO:0090023,BP,positive regulation of neutrophil chemotaxis,9,1325,22,14575,0.00146750738119576
ANA,DESeq2,GO:0061756,BP,leukocyte adhesion to vascular endothelial cell,9,1325,22,14575,0.00146750738119576
ANA,DESeq2,GO:0042119,BP,neutrophil activation,9,1325,22,14575,0.00146750738119576
ANA,DESeq2,GO:0031327,BP,negative regulation of cellular biosynthetic process,198,1325,1678,14575,0.0014786950946640103
ANA,DESeq2,GO:0050691,BP,regulation of defense response to virus by host,11,1325,32,14575,0.0015256154093531476
ANA,DESeq2,GO:0034113,BP,heterotypic cell-cell adhesion,11,1325,32,14575,0.0015256154093531476
ANA,DESeq2,GO:0009890,BP,negative regulation of biosynthetic process,199,1325,1688,14575,0.0015278286256277577
ANA,DESeq2,GO:0009891,BP,positive regulation of biosynthetic process,243,1325,2123,14575,0.0015350552245867598
ANA,DESeq2,GO:0001774,BP,microglial cell activation,10,1325,27,14575,0.001563898756440253
ANA,DESeq2,GO:0052372,BP,modulation by symbiont of entry into host,13,1325,43,14575,0.001563898756440253
ANA,DESeq2,GO:0002686,BP,negative regulation of leukocyte migration,13,1325,43,14575,0.001563898756440253
ANA,DESeq2,GO:0043030,BP,regulation of macrophage activation,13,1325,43,14575,0.001563898756440253
ANA,DESeq2,GO:0014070,BP,response to organic cyclic compound,78,1325,550,14575,0.0015878996552483357
ANA,DESeq2,GO:0010950,BP,positive regulation of endopeptidase activity,26,1325,128,14575,0.0016271893338930443
ANA,DESeq2,GO:0050688,BP,regulation of defense response to virus,14,1325,49,14575,0.0016531099300499462
ANA,DESeq2,GO:0045860,BP,positive regulation of protein kinase activity,37,1325,209,14575,0.0016531543361133958
ANA,DESeq2,GO:0032648,BP,regulation of interferon-beta production,15,1325,55,14575,0.001668577287188635
ANA,DESeq2,GO:0010605,BP,negative regulation of macromolecule metabolic process,237,1325,2066,14575,0.0017567808475127465
ANA,DESeq2,GO:2000563,BP,"positive regulation of CD4-positive, alpha-beta T cell proliferation",6,1325,10,14575,0.0017567808475127465
ANA,DESeq2,GO:0002645,BP,positive regulation of tolerance induction,6,1325,10,14575,0.0017567808475127465
ANA,DESeq2,GO:0009074,BP,aromatic amino acid family catabolic process,6,1325,10,14575,0.0017567808475127465
ANA,DESeq2,GO:0032823,BP,regulation of natural killer cell differentiation,6,1325,10,14575,0.0017567808475127465
ANA,DESeq2,GO:0032661,BP,regulation of interleukin-18 production,6,1325,10,14575,0.0017567808475127465
ANA,DESeq2,GO:0048535,BP,lymph node development,8,1325,18,14575,0.0017929641722009132
ANA,DESeq2,GO:2000341,BP,regulation of chemokine (C-X-C motif) ligand 2 production,8,1325,18,14575,0.0017929641722009132
ANA,DESeq2,GO:0002526,BP,acute inflammatory response,12,1325,38,14575,0.0017995009036696295
ANA,DESeq2,GO:0048260,BP,positive regulation of receptor-mediated endocytosis,13,1325,44,14575,0.0019812984015912622
ANA,DESeq2,GO:0010820,BP,positive regulation of T cell chemotaxis,7,1325,14,14575,0.001987372122302374
ANA,DESeq2,GO:1903236,BP,regulation of leukocyte tethering or rolling,7,1325,14,14575,0.001987372122302374
ANA,DESeq2,GO:0001913,BP,T cell mediated cytotoxicity,7,1325,14,14575,0.001987372122302374
ANA,DESeq2,GO:0002834,BP,regulation of response to tumor cell,7,1325,14,14575,0.001987372122302374
ANA,DESeq2,GO:0002673,BP,regulation of acute inflammatory response,11,1325,33,14575,0.0020063476904985523
ANA,DESeq2,GO:0061081,BP,positive regulation of myeloid leukocyte cytokine production involved in immune response,11,1325,33,14575,0.0020063476904985523
ANA,DESeq2,GO:0007259,BP,receptor signaling pathway via JAK-STAT,11,1325,33,14575,0.0020063476904985523
ANA,DESeq2,GO:0098586,BP,cellular response to virus,14,1325,50,14575,0.002034455274213135
ANA,DESeq2,GO:0030168,BP,platelet activation,14,1325,50,14575,0.002034455274213135
ANA,DESeq2,GO:0010558,BP,negative regulation of macromolecule biosynthetic process,193,1325,1638,14575,0.002059806470412767
ANA,DESeq2,GO:0036230,BP,granulocyte activation,9,1325,23,14575,0.002079083136928786
ANA,DESeq2,GO:0060907,BP,positive regulation of macrophage cytokine production,9,1325,23,14575,0.002079083136928786
ANA,DESeq2,GO:0071624,BP,positive regulation of granulocyte chemotaxis,9,1325,23,14575,0.002079083136928786
ANA,DESeq2,GO:0032727,BP,positive regulation of interferon-alpha production,9,1325,23,14575,0.002079083136928786
ANA,DESeq2,GO:0006569,BP,tryptophan catabolic process,5,1325,7,14575,0.0021958130464724275
ANA,DESeq2,GO:0042436,BP,indole-containing compound catabolic process,5,1325,7,14575,0.0021958130464724275
ANA,DESeq2,GO:0032819,BP,positive regulation of natural killer cell proliferation,5,1325,7,14575,0.0021958130464724275
ANA,DESeq2,GO:0002725,BP,negative regulation of T cell cytokine production,5,1325,7,14575,0.0021958130464724275
ANA,DESeq2,GO:2000564,BP,"regulation of CD8-positive, alpha-beta T cell proliferation",5,1325,7,14575,0.0021958130464724275
ANA,DESeq2,GO:0050859,BP,negative regulation of B cell receptor signaling pathway,5,1325,7,14575,0.0021958130464724275
ANA,DESeq2,GO:0098657,BP,import into cell,71,1325,497,14575,0.0024614393005323943
ANA,DESeq2,GO:0051209,BP,release of sequestered calcium ion into cytosol,13,1325,45,14575,0.0024614393005323943
ANA,DESeq2,GO:1904705,BP,regulation of vascular associated smooth muscle cell proliferation,14,1325,51,14575,0.002502514608986201
ANA,DESeq2,GO:0007267,BP,cell-cell signaling,55,1325,362,14575,0.0026148712821404147
ANA,DESeq2,GO:0043086,BP,negative regulation of catalytic activity,53,1325,345,14575,0.002621071152136242
ANA,DESeq2,GO:0033081,BP,regulation of T cell differentiation in thymus,8,1325,19,14575,0.002695231623333072
ANA,DESeq2,GO:0050901,BP,leukocyte tethering or rolling,8,1325,19,14575,0.002695231623333072
ANA,DESeq2,GO:0098581,BP,detection of external biotic stimulus,8,1325,19,14575,0.002695231623333072
ANA,DESeq2,GO:0001773,BP,myeloid dendritic cell activation,8,1325,19,14575,0.002695231623333072
ANA,DESeq2,GO:0051246,BP,regulation of protein metabolic process,204,1325,1757,14575,0.002703269334680546
ANA,DESeq2,GO:0023052,BP,signaling,56,1325,370,14575,0.002909979561286377
ANA,DESeq2,GO:1904645,BP,response to amyloid-beta,12,1325,40,14575,0.0029388377117346106
ANA,DESeq2,GO:0019731,BP,antibacterial humoral response,9,1325,24,14575,0.0029445383505911464
ANA,DESeq2,GO:2000316,BP,regulation of T-helper 17 type immune response,9,1325,24,14575,0.0029445383505911464
ANA,DESeq2,GO:0046330,BP,positive regulation of JNK cascade,19,1325,84,14575,0.0029445383505911464
ANA,DESeq2,GO:1901224,BP,positive regulation of non-canonical NF-kappaB signal transduction,15,1325,58,14575,0.0029655333521661194
ANA,DESeq2,GO:0002763,BP,positive regulation of myeloid leukocyte differentiation,13,1325,46,14575,0.0030681815239527745
ANA,DESeq2,GO:1901701,BP,cellular response to oxygen-containing compound,91,1325,682,14575,0.0031850253318953786
ANA,DESeq2,GO:0045579,BP,positive regulation of B cell differentiation,7,1325,15,14575,0.0032186624360387057
ANA,DESeq2,GO:0033003,BP,regulation of mast cell activation,7,1325,15,14575,0.0032186624360387057
ANA,DESeq2,GO:0022603,BP,regulation of anatomical structure morphogenesis,91,1325,683,14575,0.003236920010177933
ANA,DESeq2,GO:0002638,BP,negative regulation of immunoglobulin production,6,1325,11,14575,0.0032603839615638424
ANA,DESeq2,GO:0033632,BP,regulation of cell-cell adhesion mediated by integrin,6,1325,11,14575,0.0032603839615638424
ANA,DESeq2,GO:0150078,BP,positive regulation of neuroinflammatory response,6,1325,11,14575,0.0032603839615638424
ANA,DESeq2,GO:0032645,BP,regulation of granulocyte macrophage colony-stimulating factor production,6,1325,11,14575,0.0032603839615638424
ANA,DESeq2,GO:0002887,BP,negative regulation of myeloid leukocyte mediated immunity,6,1325,11,14575,0.0032603839615638424
ANA,DESeq2,GO:0035723,BP,interleukin-15-mediated signaling pathway,6,1325,11,14575,0.0032603839615638424
ANA,DESeq2,GO:0051338,BP,regulation of transferase activity,73,1325,521,14575,0.0033915743964989795
ANA,DESeq2,GO:0097696,BP,receptor signaling pathway via STAT,11,1325,35,14575,0.003393987989837423
ANA,DESeq2,GO:0060760,BP,positive regulation of response to cytokine stimulus,15,1325,59,14575,0.0035697959542435307
ANA,DESeq2,GO:0010543,BP,regulation of platelet activation,12,1325,41,14575,0.003704365813380704
ANA,DESeq2,GO:0043393,BP,regulation of protein binding,23,1325,113,14575,0.0037458611744988885
ANA,DESeq2,GO:0001782,BP,B cell homeostasis,10,1325,30,14575,0.0038241310232366584
ANA,DESeq2,GO:0030225,BP,macrophage differentiation,10,1325,30,14575,0.0038241310232366584
ANA,DESeq2,GO:0002675,BP,positive regulation of acute inflammatory response,8,1325,20,14575,0.0039470009881841465
ANA,DESeq2,GO:0071260,BP,cellular response to mechanical stimulus,16,1325,66,14575,0.0039649252776652625
ANA,DESeq2,GO:0008015,BP,blood circulation,9,1325,25,14575,0.004063573168069275
ANA,DESeq2,GO:0002691,BP,regulation of cellular extravasation,11,1325,36,14575,0.004402462701891786
ANA,DESeq2,GO:0007229,BP,integrin-mediated signaling pathway,18,1325,80,14575,0.004475357714616705
ANA,DESeq2,GO:0043903,BP,regulation of biological process involved in symbiotic interaction,13,1325,48,14575,0.004690976191760441
ANA,DESeq2,GO:2000377,BP,regulation of reactive oxygen species metabolic process,25,1325,128,14575,0.004723627680764126
ANA,DESeq2,GO:0002666,BP,positive regulation of T cell tolerance induction,5,1325,8,14575,0.0049544176202911
ANA,DESeq2,GO:0035279,BP,miRNA-mediated gene silencing by mRNA destabilization,5,1325,8,14575,0.0049544176202911
ANA,DESeq2,GO:2000109,BP,regulation of macrophage apoptotic process,5,1325,8,14575,0.0049544176202911
ANA,DESeq2,GO:2000510,BP,positive regulation of dendritic cell chemotaxis,5,1325,8,14575,0.0049544176202911
ANA,DESeq2,GO:0032825,BP,positive regulation of natural killer cell differentiation,5,1325,8,14575,0.0049544176202911
ANA,DESeq2,GO:2001187,BP,"positive regulation of CD8-positive, alpha-beta T cell activation",5,1325,8,14575,0.0049544176202911
ANA,DESeq2,GO:0002866,BP,positive regulation of acute inflammatory response to antigenic stimulus,5,1325,8,14575,0.0049544176202911
ANA,DESeq2,GO:0097527,BP,necroptotic signaling pathway,5,1325,8,14575,0.0049544176202911
ANA,DESeq2,GO:0060263,BP,regulation of respiratory burst,7,1325,16,14575,0.0049940409314709324
ANA,DESeq2,GO:0090026,BP,positive regulation of monocyte chemotaxis,7,1325,16,14575,0.0049940409314709324
ANA,DESeq2,GO:0032930,BP,positive regulation of superoxide anion generation,7,1325,16,14575,0.0049940409314709324
ANA,DESeq2,GO:0034612,BP,response to tumor necrosis factor,25,1325,129,14575,0.005004985212140284
ANA,DESeq2,GO:1904037,BP,positive regulation of epithelial cell apoptotic process,10,1325,31,14575,0.005006050337465168
ANA,DESeq2,GO:1904707,BP,positive regulation of vascular associated smooth muscle cell proliferation,10,1325,31,14575,0.005006050337465168
ANA,DESeq2,GO:0033674,BP,positive regulation of kinase activity,40,1325,245,14575,0.005012619359880809
ANA,DESeq2,GO:0045055,BP,regulated exocytosis,19,1325,88,14575,0.005210018177621777
ANA,DESeq2,GO:2001056,BP,positive regulation of cysteine-type endopeptidase activity,22,1325,109,14575,0.005496324589459313
ANA,DESeq2,GO:0009595,BP,detection of biotic stimulus,9,1325,26,14575,0.005496324589459313
ANA,DESeq2,GO:0055094,BP,response to lipoprotein particle,9,1325,26,14575,0.005496324589459313
ANA,DESeq2,GO:0002828,BP,regulation of type 2 immune response,9,1325,26,14575,0.005496324589459313
ANA,DESeq2,GO:0071404,BP,cellular response to low-density lipoprotein particle stimulus,9,1325,26,14575,0.005496324589459313
ANA,DESeq2,GO:0032831,BP,"positive regulation of CD4-positive, CD25-positive, alpha-beta regulatory T cell differentiation",4,1325,5,14575,0.005566023265101552
ANA,DESeq2,GO:0032829,BP,"regulation of CD4-positive, CD25-positive, alpha-beta regulatory T cell differentiation",4,1325,5,14575,0.005566023265101552
ANA,DESeq2,GO:0140639,BP,positive regulation of pyroptosis,4,1325,5,14575,0.005566023265101552
ANA,DESeq2,GO:0051712,BP,positive regulation of killing of cells of another organism,4,1325,5,14575,0.005566023265101552
ANA,DESeq2,GO:2000646,BP,positive regulation of receptor catabolic process,4,1325,5,14575,0.005566023265101552
ANA,DESeq2,GO:0032687,BP,negative regulation of interferon-alpha production,4,1325,5,14575,0.005566023265101552
ANA,DESeq2,GO:0090025,BP,regulation of monocyte chemotaxis,8,1325,21,14575,0.005566023265101552
ANA,DESeq2,GO:0002275,BP,myeloid cell activation involved in immune response,6,1325,12,14575,0.005593829288833671
ANA,DESeq2,GO:2000318,BP,positive regulation of T-helper 17 type immune response,6,1325,12,14575,0.005593829288833671
ANA,DESeq2,GO:0035710,BP,"CD4-positive, alpha-beta T cell activation",13,1325,49,14575,0.005593829288833671
ANA,DESeq2,GO:0009968,BP,negative regulation of signal transduction,130,1325,1060,14575,0.006444710324684572
ANA,DESeq2,GO:0051093,BP,negative regulation of developmental process,90,1325,690,14575,0.007027628625493576
ANA,DESeq2,GO:0060337,BP,type I interferon-mediated signaling pathway,9,1325,27,14575,0.0074094435601695695
ANA,DESeq2,GO:0034121,BP,regulation of toll-like receptor signaling pathway,9,1325,27,14575,0.0074094435601695695
ANA,DESeq2,GO:0002281,BP,macrophage activation involved in immune response,7,1325,17,14575,0.007521882473112245
ANA,DESeq2,GO:0002313,BP,mature B cell differentiation involved in immune response,8,1325,22,14575,0.007869415395480781
ANA,DESeq2,GO:1903901,BP,negative regulation of viral life cycle,8,1325,22,14575,0.007869415395480781
ANA,DESeq2,GO:0035590,BP,purinergic nucleotide receptor signaling pathway,8,1325,22,14575,0.007869415395480781
ANA,DESeq2,GO:0033630,BP,positive regulation of cell adhesion mediated by integrin,8,1325,22,14575,0.007869415395480781
ANA,DESeq2,GO:0002726,BP,positive regulation of T cell cytokine production,8,1325,22,14575,0.007869415395480781
ANA,DESeq2,GO:0043547,BP,positive regulation of GTPase activity,32,1325,188,14575,0.008248636741472602
ANA,DESeq2,GO:0045622,BP,regulation of T-helper cell differentiation,10,1325,33,14575,0.008406044817330708
ANA,DESeq2,GO:0061844,BP,antimicrobial humoral immune response mediated by antimicrobial peptide,10,1325,33,14575,0.008406044817330708
ANA,DESeq2,GO:1904646,BP,cellular response to amyloid-beta,10,1325,33,14575,0.008406044817330708
ANA,DESeq2,GO:0007264,BP,small GTPase-mediated signal transduction,38,1325,235,14575,0.008669136029297753
ANA,DESeq2,GO:1902622,BP,regulation of neutrophil migration,11,1325,39,14575,0.008806598719302694
ANA,DESeq2,GO:1905153,BP,regulation of membrane invagination,6,1325,13,14575,0.009294490936795281
ANA,DESeq2,GO:0071639,BP,positive regulation of monocyte chemotactic protein-1 production,6,1325,13,14575,0.009294490936795281
ANA,DESeq2,GO:0060099,BP,"regulation of phagocytosis, engulfment",6,1325,13,14575,0.009294490936795281
ANA,DESeq2,GO:0032091,BP,negative regulation of protein binding,14,1325,58,14575,0.009294490936795281
ANA,DESeq2,GO:0006568,BP,tryptophan metabolic process,5,1325,9,14575,0.00958121473041248
ANA,DESeq2,GO:0001768,BP,establishment of T cell polarity,5,1325,9,14575,0.00958121473041248
ANA,DESeq2,GO:0006586,BP,indolalkylamine metabolic process,5,1325,9,14575,0.00958121473041248
ANA,DESeq2,GO:0031666,BP,positive regulation of lipopolysaccharide-mediated signaling pathway,5,1325,9,14575,0.00958121473041248
ANA,DESeq2,GO:2000562,BP,"negative regulation of CD4-positive, alpha-beta T cell proliferation",5,1325,9,14575,0.00958121473041248
ANA,DESeq2,GO:1904894,BP,positive regulation of receptor signaling pathway via STAT,9,1325,28,14575,0.009704009625337377
ANA,DESeq2,GO:1901186,BP,positive regulation of ERBB signaling pathway,9,1325,28,14575,0.009704009625337377
ANA,DESeq2,GO:1902624,BP,positive regulation of neutrophil migration,9,1325,28,14575,0.009704009625337377
ANA,DESeq2,GO:0071402,BP,cellular response to lipoprotein particle stimulus,9,1325,28,14575,0.009704009625337377
ANA,DESeq2,GO:0048871,BP,multicellular organismal-level homeostasis,53,1325,364,14575,0.009733085542193131
ANA,DESeq2,GO:0010467,BP,gene expression,26,1325,143,14575,0.01005679603414655
ANA,DESeq2,GO:0071622,BP,regulation of granulocyte chemotaxis,12,1325,46,14575,0.010605284219040592
ANA,DESeq2,GO:0046636,BP,negative regulation of alpha-beta T cell activation,10,1325,34,14575,0.010655220230509879
ANA,DESeq2,GO:0045581,BP,negative regulation of T cell differentiation,10,1325,34,14575,0.010655220230509879
ANA,DESeq2,GO:0031664,BP,regulation of lipopolysaccharide-mediated signaling pathway,8,1325,23,14575,0.010736580409216684
ANA,DESeq2,GO:0023057,BP,negative regulation of signaling,135,1325,1124,14575,0.010793662305570098
ANA,DESeq2,GO:0045620,BP,negative regulation of lymphocyte differentiation,11,1325,40,14575,0.010809290588945515
ANA,DESeq2,GO:1990840,BP,response to lectin,7,1325,18,14575,0.010809290588945515
ANA,DESeq2,GO:0002223,BP,stimulatory C-type lectin receptor signaling pathway,7,1325,18,14575,0.010809290588945515
ANA,DESeq2,GO:1990858,BP,cellular response to lectin,7,1325,18,14575,0.010809290588945515
ANA,DESeq2,GO:0046597,BP,negative regulation of viral entry into host cell,7,1325,18,14575,0.010809290588945515
ANA,DESeq2,GO:0098609,BP,cell-cell adhesion,59,1325,417,14575,0.011371684896030423
ANA,DESeq2,GO:0007265,BP,Ras protein signal transduction,16,1325,73,14575,0.011827789165725784
ANA,DESeq2,GO:0001798,BP,positive regulation of type IIa hypersensitivity,3,1325,3,14575,0.01213996537490639
ANA,DESeq2,GO:2001206,BP,positive regulation of osteoclast development,3,1325,3,14575,0.01213996537490639
ANA,DESeq2,GO:0002652,BP,regulation of tolerance induction dependent upon immune response,3,1325,3,14575,0.01213996537490639
ANA,DESeq2,GO:2000566,BP,"positive regulation of CD8-positive, alpha-beta T cell proliferation",3,1325,3,14575,0.01213996537490639
ANA,DESeq2,GO:0002519,BP,natural killer cell tolerance induction,3,1325,3,14575,0.01213996537490639
ANA,DESeq2,GO:2000523,BP,regulation of T cell costimulation,3,1325,3,14575,0.01213996537490639
ANA,DESeq2,GO:0150102,BP,negative regulation of monocyte activation,3,1325,3,14575,0.01213996537490639
ANA,DESeq2,GO:0002468,BP,dendritic cell antigen processing and presentation,3,1325,3,14575,0.01213996537490639
ANA,DESeq2,GO:0002434,BP,immune complex clearance,3,1325,3,14575,0.01213996537490639
ANA,DESeq2,GO:0002894,BP,positive regulation of type II hypersensitivity,3,1325,3,14575,0.01213996537490639
ANA,DESeq2,GO:0002316,BP,follicular B cell differentiation,3,1325,3,14575,0.01213996537490639
ANA,DESeq2,GO:2000547,BP,regulation of dendritic cell dendrite assembly,3,1325,3,14575,0.01213996537490639
ANA,DESeq2,GO:0030885,BP,regulation of myeloid dendritic cell activation,3,1325,3,14575,0.01213996537490639
ANA,DESeq2,GO:0071659,BP,negative regulation of IP-10 production,3,1325,3,14575,0.01213996537490639
ANA,DESeq2,GO:0034344,BP,regulation of type III interferon production,3,1325,3,14575,0.01213996537490639
ANA,DESeq2,GO:0002874,BP,regulation of chronic inflammatory response to antigenic stimulus,3,1325,3,14575,0.01213996537490639
ANA,DESeq2,GO:0010863,BP,positive regulation of phospholipase C activity,9,1325,29,14575,0.012449896169176737
ANA,DESeq2,GO:0045191,BP,regulation of isotype switching,9,1325,29,14575,0.012449896169176737
ANA,DESeq2,GO:0051056,BP,regulation of small GTPase mediated signal transduction,41,1325,267,14575,0.012772722530475785
ANA,DESeq2,GO:0010648,BP,negative regulation of cell communication,134,1325,1122,14575,0.012775329519346339
ANA,DESeq2,GO:0002762,BP,negative regulation of myeloid leukocyte differentiation,11,1325,41,14575,0.013178641119427776
ANA,DESeq2,GO:1905521,BP,regulation of macrophage migration,11,1325,41,14575,0.013178641119427776
ANA,DESeq2,GO:0008360,BP,regulation of cell shape,23,1325,124,14575,0.013178641119427776
ANA,DESeq2,GO:0071356,BP,cellular response to tumor necrosis factor,20,1325,102,14575,0.013192948420657567
ANA,DESeq2,GO:0001794,BP,type IIa hypersensitivity,4,1325,6,14575,0.01383796071078262
ANA,DESeq2,GO:2001188,BP,regulation of T cell activation via T cell receptor contact with antigen bound to MHC molecule on antigen presenting cell,4,1325,6,14575,0.01383796071078262
ANA,DESeq2,GO:0051709,BP,regulation of killing of cells of another organism,4,1325,6,14575,0.01383796071078262
ANA,DESeq2,GO:0002445,BP,type II hypersensitivity,4,1325,6,14575,0.01383796071078262
ANA,DESeq2,GO:0002858,BP,regulation of natural killer cell mediated cytotoxicity directed against tumor cell target,4,1325,6,14575,0.01383796071078262
ANA,DESeq2,GO:0002925,BP,positive regulation of humoral immune response mediated by circulating immunoglobulin,4,1325,6,14575,0.01383796071078262
ANA,DESeq2,GO:0002377,BP,immunoglobulin production,4,1325,6,14575,0.01383796071078262
ANA,DESeq2,GO:0002727,BP,regulation of natural killer cell cytokine production,4,1325,6,14575,0.01383796071078262
ANA,DESeq2,GO:0001788,BP,antibody-dependent cellular cytotoxicity,4,1325,6,14575,0.01383796071078262
ANA,DESeq2,GO:0002855,BP,regulation of natural killer cell mediated immune response to tumor cell,4,1325,6,14575,0.01383796071078262
ANA,DESeq2,GO:0032741,BP,positive regulation of interleukin-18 production,4,1325,6,14575,0.01383796071078262
ANA,DESeq2,GO:0002440,BP,production of molecular mediator of immune response,4,1325,6,14575,0.01383796071078262
ANA,DESeq2,GO:0043320,BP,natural killer cell degranulation,4,1325,6,14575,0.01383796071078262
ANA,DESeq2,GO:0033634,BP,positive regulation of cell-cell adhesion mediated by integrin,4,1325,6,14575,0.01383796071078262
ANA,DESeq2,GO:0032667,BP,regulation of interleukin-23 production,4,1325,6,14575,0.01383796071078262
ANA,DESeq2,GO:0009612,BP,response to mechanical stimulus,27,1325,152,14575,0.013845198666236909
ANA,DESeq2,GO:2000108,BP,positive regulation of leukocyte apoptotic process,8,1325,24,14575,0.01400065666182968
ANA,DESeq2,GO:0038095,BP,Fc-epsilon receptor signaling pathway,8,1325,24,14575,0.01400065666182968
ANA,DESeq2,GO:2001235,BP,positive regulation of apoptotic signaling pathway,23,1325,125,14575,0.014158711991558628
ANA,DESeq2,GO:0002902,BP,regulation of B cell apoptotic process,7,1325,19,14575,0.014917585781255242
ANA,DESeq2,GO:0042554,BP,superoxide anion generation,7,1325,19,14575,0.014917585781255242
ANA,DESeq2,GO:0006911,BP,"phagocytosis, engulfment",9,1325,30,14575,0.01581312040015849
ANA,DESeq2,GO:0090022,BP,regulation of neutrophil chemotaxis,9,1325,30,14575,0.01581312040015849
ANA,DESeq2,GO:0043433,BP,negative regulation of DNA-binding transcription factor activity,22,1325,118,14575,0.01611215377668499
ANA,DESeq2,GO:0035821,BP,modulation of process of another organism,5,1325,10,14575,0.01626938481872962
ANA,DESeq2,GO:0001767,BP,establishment of lymphocyte polarity,5,1325,10,14575,0.01626938481872962
ANA,DESeq2,GO:0032372,BP,negative regulation of sterol transport,5,1325,10,14575,0.01626938481872962
ANA,DESeq2,GO:0032725,BP,positive regulation of granulocyte macrophage colony-stimulating factor production,5,1325,10,14575,0.01626938481872962
ANA,DESeq2,GO:0033004,BP,negative regulation of mast cell activation,5,1325,10,14575,0.01626938481872962
ANA,DESeq2,GO:0032375,BP,negative regulation of cholesterol transport,5,1325,10,14575,0.01626938481872962
ANA,DESeq2,GO:0046632,BP,alpha-beta T cell differentiation,12,1325,49,14575,0.017973768048936134
ANA,DESeq2,GO:0046427,BP,positive regulation of receptor signaling pathway via JAK-STAT,8,1325,25,14575,0.018576844241511382
ANA,DESeq2,GO:0062207,BP,regulation of pattern recognition receptor signaling pathway,21,1325,111,14575,0.018872104674173235
ANA,DESeq2,GO:0060193,BP,positive regulation of lipase activity,11,1325,43,14575,0.01935629187177254
ANA,DESeq2,GO:0051100,BP,negative regulation of binding,18,1325,90,14575,0.01939941053906465
ANA,DESeq2,GO:1900274,BP,regulation of phospholipase C activity,9,1325,31,14575,0.02013330074887335
ANA,DESeq2,GO:0010518,BP,positive regulation of phospholipase activity,10,1325,37,14575,0.02019598327426556
ANA,DESeq2,GO:0002431,BP,Fc receptor mediated stimulatory signaling pathway,7,1325,20,14575,0.020665489449875014
ANA,DESeq2,GO:0043011,BP,myeloid dendritic cell differentiation,6,1325,15,14575,0.020665489449875014
ANA,DESeq2,GO:0002830,BP,positive regulation of type 2 immune response,6,1325,15,14575,0.020665489449875014
ANA,DESeq2,GO:0070230,BP,positive regulation of lymphocyte apoptotic process,6,1325,15,14575,0.020665489449875014
ANA,DESeq2,GO:0045123,BP,cellular extravasation,6,1325,15,14575,0.020665489449875014
ANA,DESeq2,GO:0045639,BP,positive regulation of myeloid cell differentiation,17,1325,82,14575,0.02070869218294488
ANA,DESeq2,GO:0010596,BP,negative regulation of endothelial cell migration,12,1325,50,14575,0.02140248444268769
ANA,DESeq2,GO:0043270,BP,positive regulation of monoatomic ion transport,26,1325,152,14575,0.023374348662322512
ANA,DESeq2,GO:0048662,BP,negative regulation of smooth muscle cell proliferation,11,1325,44,14575,0.02339526817403272
ANA,DESeq2,GO:0008037,BP,cell recognition,18,1325,92,14575,0.023577082344309597
ANA,DESeq2,GO:0010466,BP,negative regulation of peptidase activity,18,1325,92,14575,0.023577082344309597
ANA,DESeq2,GO:0045742,BP,positive regulation of epidermal growth factor receptor signaling pathway,8,1325,26,14575,0.024197943547614856
ANA,DESeq2,GO:0043535,BP,regulation of blood vessel endothelial cell migration,17,1325,84,14575,0.024225857182564408
ANA,DESeq2,GO:0010721,BP,negative regulation of cell development,32,1325,198,14575,0.024246671366226002
ANA,DESeq2,GO:0097190,BP,apoptotic signaling pathway,40,1325,266,14575,0.024388699981563317
ANA,DESeq2,GO:0051347,BP,positive regulation of transferase activity,45,1325,309,14575,0.02649611474536508
ANA,DESeq2,GO:0150079,BP,negative regulation of neuroinflammatory response,5,1325,11,14575,0.02656566087762434
ANA,DESeq2,GO:1903238,BP,positive regulation of leukocyte tethering or rolling,5,1325,11,14575,0.02656566087762434
ANA,DESeq2,GO:0045348,BP,positive regulation of MHC class II biosynthetic process,5,1325,11,14575,0.02656566087762434
ANA,DESeq2,GO:0048302,BP,regulation of isotype switching to IgG isotypes,5,1325,11,14575,0.02656566087762434
ANA,DESeq2,GO:0046643,BP,regulation of gamma-delta T cell activation,5,1325,11,14575,0.02656566087762434
ANA,DESeq2,GO:0006816,BP,calcium ion transport,28,1325,170,14575,0.027064074716186323
ANA,DESeq2,GO:1901698,BP,response to nitrogen compound,87,1325,694,14575,0.027064074716186323
ANA,DESeq2,GO:0051716,BP,cellular response to stimulus,237,1325,2175,14575,0.027273204772617077
ANA,DESeq2,GO:0060142,BP,regulation of syncytium formation by plasma membrane fusion,7,1325,21,14575,0.02767122162893062
ANA,DESeq2,GO:0001836,BP,release of cytochrome c from mitochondria,7,1325,21,14575,0.02767122162893062
ANA,DESeq2,GO:0002347,BP,response to tumor cell,7,1325,21,14575,0.02767122162893062
ANA,DESeq2,GO:0002606,BP,positive regulation of dendritic cell antigen processing and presentation,4,1325,7,14575,0.02767122162893062
ANA,DESeq2,GO:2000556,BP,positive regulation of T-helper 1 cell cytokine production,4,1325,7,14575,0.02767122162893062
ANA,DESeq2,GO:0051133,BP,regulation of NK T cell activation,4,1325,7,14575,0.02767122162893062
ANA,DESeq2,GO:0002924,BP,negative regulation of humoral immune response mediated by circulating immunoglobulin,4,1325,7,14575,0.02767122162893062
ANA,DESeq2,GO:0002911,BP,regulation of lymphocyte anergy,4,1325,7,14575,0.02767122162893062
ANA,DESeq2,GO:0002765,BP,immune response-inhibiting signal transduction,4,1325,7,14575,0.02767122162893062
ANA,DESeq2,GO:0016045,BP,detection of bacterium,4,1325,7,14575,0.02767122162893062
ANA,DESeq2,GO:0042492,BP,gamma-delta T cell differentiation,4,1325,7,14575,0.02767122162893062
ANA,DESeq2,GO:0050966,BP,detection of mechanical stimulus involved in sensory perception of pain,4,1325,7,14575,0.02767122162893062
ANA,DESeq2,GO:0042088,BP,T-helper 1 type immune response,4,1325,7,14575,0.02767122162893062
ANA,DESeq2,GO:0002836,BP,positive regulation of response to tumor cell,4,1325,7,14575,0.02767122162893062
ANA,DESeq2,GO:2000554,BP,regulation of T-helper 1 cell cytokine production,4,1325,7,14575,0.02767122162893062
ANA,DESeq2,GO:0002667,BP,regulation of T cell anergy,4,1325,7,14575,0.02767122162893062
ANA,DESeq2,GO:0002679,BP,respiratory burst involved in defense response,4,1325,7,14575,0.02767122162893062
ANA,DESeq2,GO:0038110,BP,interleukin-2-mediated signaling pathway,4,1325,7,14575,0.02767122162893062
ANA,DESeq2,GO:0002839,BP,positive regulation of immune response to tumor cell,4,1325,7,14575,0.02767122162893062
ANA,DESeq2,GO:0010951,BP,negative regulation of endopeptidase activity,17,1325,86,14575,0.028374711247794532
ANA,DESeq2,GO:0048534,BP,hematopoietic or lymphoid organ development,16,1325,77,14575,0.028374711247794532
ANA,DESeq2,GO:1901739,BP,regulation of myoblast fusion,6,1325,16,14575,0.02911437515067628
ANA,DESeq2,GO:0001779,BP,natural killer cell differentiation,6,1325,16,14575,0.02911437515067628
ANA,DESeq2,GO:0001961,BP,positive regulation of cytokine-mediated signaling pathway,12,1325,52,14575,0.029309896503489436
ANA,DESeq2,GO:0099024,BP,plasma membrane invagination,10,1325,39,14575,0.029509215737372505
ANA,DESeq2,GO:0071900,BP,regulation of protein serine/threonine kinase activity,34,1325,221,14575,0.029767351299938197
ANA,DESeq2,GO:0045671,BP,negative regulation of osteoclast differentiation,8,1325,27,14575,0.030337377043757326
ANA,DESeq2,GO:2000181,BP,negative regulation of blood vessel morphogenesis,17,1325,87,14575,0.031160846025919932
ANA,DESeq2,GO:0051091,BP,positive regulation of DNA-binding transcription factor activity,31,1325,193,14575,0.031387738944702384
ANA,DESeq2,GO:1903305,BP,regulation of regulated secretory pathway,19,1325,99,14575,0.03144531372345937
ANA,DESeq2,GO:1901343,BP,negative regulation of vasculature development,17,1325,88,14575,0.03448085497221716
ANA,DESeq2,GO:0045638,BP,negative regulation of myeloid cell differentiation,14,1325,67,14575,0.03493319821675744
ANA,DESeq2,GO:0032088,BP,negative regulation of NF-kappaB transcription factor activity,14,1325,67,14575,0.03493319821675744
ANA,DESeq2,GO:0060338,BP,regulation of type I interferon-mediated signaling pathway,10,1325,40,14575,0.0357595098407426
ANA,DESeq2,GO:0034765,BP,regulation of monoatomic ion transmembrane transport,35,1325,231,14575,0.03577429995185158
ANA,DESeq2,GO:0010922,BP,positive regulation of phosphatase activity,7,1325,22,14575,0.036062322977608856
ANA,DESeq2,GO:1904893,BP,negative regulation of receptor signaling pathway via STAT,7,1325,22,14575,0.036062322977608856
ANA,DESeq2,GO:1903902,BP,positive regulation of viral life cycle,7,1325,22,14575,0.036062322977608856
ANA,DESeq2,GO:0090330,BP,regulation of platelet aggregation,7,1325,22,14575,0.036062322977608856
ANA,DESeq2,GO:0097191,BP,extrinsic apoptotic signaling pathway,19,1325,102,14575,0.036670504281411186
ANA,DESeq2,GO:0046456,BP,icosanoid biosynthetic process,9,1325,34,14575,0.0378551958204872
ANA,DESeq2,GO:0050829,BP,defense response to Gram-negative bacterium,9,1325,34,14575,0.0378551958204872
ANA,DESeq2,GO:0044403,BP,biological process involved in symbiotic interaction,31,1325,199,14575,0.03812059763903393
ANA,DESeq2,GO:0051281,BP,positive regulation of release of sequestered calcium ion into cytosol,8,1325,28,14575,0.03829899017450852
ANA,DESeq2,GO:0034110,BP,regulation of homotypic cell-cell adhesion,8,1325,28,14575,0.03829899017450852
ANA,DESeq2,GO:2001233,BP,regulation of apoptotic signaling pathway,47,1325,335,14575,0.03829899017450852
ANA,DESeq2,GO:0061097,BP,regulation of protein tyrosine kinase activity,11,1325,47,14575,0.03842863680132255
ANA,DESeq2,GO:0043281,BP,regulation of cysteine-type endopeptidase activity involved in apoptotic process,24,1325,141,14575,0.03849141400373766
ANA,DESeq2,GO:0001923,BP,B-1 B cell differentiation,3,1325,4,14575,0.03849141400373766
ANA,DESeq2,GO:0019441,BP,tryptophan catabolic process to kynurenine,3,1325,4,14575,0.03849141400373766
ANA,DESeq2,GO:0002774,BP,Fc receptor mediated inhibitory signaling pathway,3,1325,4,14575,0.03849141400373766
ANA,DESeq2,GO:0051142,BP,positive regulation of NK T cell proliferation,3,1325,4,14575,0.03849141400373766
ANA,DESeq2,GO:0045590,BP,negative regulation of regulatory T cell differentiation,3,1325,4,14575,0.03849141400373766
ANA,DESeq2,GO:0045829,BP,negative regulation of isotype switching,3,1325,4,14575,0.03849141400373766
ANA,DESeq2,GO:0039530,BP,MDA-5 signaling pathway,3,1325,4,14575,0.03849141400373766
ANA,DESeq2,GO:0042270,BP,protection from natural killer cell mediated cytotoxicity,3,1325,4,14575,0.03849141400373766
ANA,DESeq2,GO:0071658,BP,regulation of IP-10 production,3,1325,4,14575,0.03849141400373766
ANA,DESeq2,GO:0071830,BP,triglyceride-rich lipoprotein particle clearance,3,1325,4,14575,0.03849141400373766
ANA,DESeq2,GO:0046874,BP,quinolinate metabolic process,3,1325,4,14575,0.03849141400373766
ANA,DESeq2,GO:0002291,BP,T cell activation via T cell receptor contact with antigen bound to MHC molecule on antigen presenting cell,3,1325,4,14575,0.03849141400373766
ANA,DESeq2,GO:0031580,BP,membrane raft distribution,3,1325,4,14575,0.03849141400373766
ANA,DESeq2,GO:0002605,BP,negative regulation of dendritic cell antigen processing and presentation,3,1325,4,14575,0.03849141400373766
ANA,DESeq2,GO:0010533,BP,regulation of activation of Janus kinase activity,3,1325,4,14575,0.03849141400373766
ANA,DESeq2,GO:0035696,BP,monocyte extravasation,3,1325,4,14575,0.03849141400373766
ANA,DESeq2,GO:0034124,BP,regulation of MyD88-dependent toll-like receptor signaling pathway,3,1325,4,14575,0.03849141400373766
ANA,DESeq2,GO:0002678,BP,positive regulation of chronic inflammatory response,3,1325,4,14575,0.03849141400373766
ANA,DESeq2,GO:1904151,BP,positive regulation of microglial cell mediated cytotoxicity,3,1325,4,14575,0.03849141400373766
ANA,DESeq2,GO:2000342,BP,negative regulation of chemokine (C-X-C motif) ligand 2 production,3,1325,4,14575,0.03849141400373766
ANA,DESeq2,GO:0032747,BP,positive regulation of interleukin-23 production,3,1325,4,14575,0.03849141400373766
ANA,DESeq2,GO:0009611,BP,response to wounding,26,1325,156,14575,0.03865212297351447
ANA,DESeq2,GO:0070234,BP,positive regulation of T cell apoptotic process,5,1325,12,14575,0.03871991626924044
ANA,DESeq2,GO:1905155,BP,positive regulation of membrane invagination,5,1325,12,14575,0.03871991626924044
ANA,DESeq2,GO:0001771,BP,immunological synapse formation,5,1325,12,14575,0.03871991626924044
ANA,DESeq2,GO:0048246,BP,macrophage chemotaxis,5,1325,12,14575,0.03871991626924044
ANA,DESeq2,GO:0046642,BP,negative regulation of alpha-beta T cell proliferation,5,1325,12,14575,0.03871991626924044
ANA,DESeq2,GO:0060100,BP,"positive regulation of phagocytosis, engulfment",5,1325,12,14575,0.03871991626924044
ANA,DESeq2,GO:0060191,BP,regulation of lipase activity,12,1325,54,14575,0.03879573103980896
ANA,DESeq2,GO:2000379,BP,positive regulation of reactive oxygen species metabolic process,13,1325,61,14575,0.038919560684915824
ANA,DESeq2,GO:0071637,BP,regulation of monocyte chemotactic protein-1 production,6,1325,17,14575,0.038919560684915824
ANA,DESeq2,GO:0032682,BP,negative regulation of chemokine production,6,1325,17,14575,0.038919560684915824
ANA,DESeq2,GO:1900227,BP,positive regulation of NLRP3 inflammasome complex assembly,6,1325,17,14575,0.038919560684915824
ANA,DESeq2,GO:2000353,BP,positive regulation of endothelial cell apoptotic process,6,1325,17,14575,0.038919560684915824
ANA,DESeq2,GO:0043032,BP,positive regulation of macrophage activation,6,1325,17,14575,0.038919560684915824
ANA,DESeq2,GO:0007169,BP,transmembrane receptor protein tyrosine kinase signaling pathway,48,1325,345,14575,0.04195132478250464
ANA,DESeq2,GO:0006801,BP,superoxide metabolic process,9,1325,35,14575,0.044572231205611275
ANA,DESeq2,GO:0043537,BP,negative regulation of blood vessel endothelial cell migration,9,1325,35,14575,0.044572231205611275
ANA,DESeq2,GO:1904035,BP,regulation of epithelial cell apoptotic process,16,1325,83,14575,0.04473390440293935
ANA,DESeq2,GO:0072593,BP,reactive oxygen species metabolic process,16,1325,83,14575,0.04473390440293935
ANA,DESeq2,GO:0008637,BP,apoptotic mitochondrial changes,12,1325,55,14575,0.04484415628594265
ANA,DESeq2,GO:1900017,BP,positive regulation of cytokine production involved in inflammatory response,7,1325,23,14575,0.04512848098338744
ANA,DESeq2,GO:1904018,BP,positive regulation of vasculature development,24,1325,145,14575,0.04608857224478834
ANA,DESeq2,GO:0032692,BP,negative regulation of interleukin-1 production,8,1325,29,14575,0.046210611264405316
ANA,DESeq2,GO:1903490,BP,positive regulation of mitotic cytokinesis,4,1325,8,14575,0.04691974876051466
ANA,DESeq2,GO:0002283,BP,neutrophil activation involved in immune response,4,1325,8,14575,0.04691974876051466
ANA,DESeq2,GO:2001204,BP,regulation of osteoclast development,4,1325,8,14575,0.04691974876051466
ANA,DESeq2,GO:0002524,BP,hypersensitivity,4,1325,8,14575,0.04691974876051466
ANA,DESeq2,GO:0043313,BP,regulation of neutrophil degranulation,4,1325,8,14575,0.04691974876051466
ANA,DESeq2,GO:0032700,BP,negative regulation of interleukin-17 production,4,1325,8,14575,0.04691974876051466
ANA,DESeq2,GO:0002244,BP,hematopoietic progenitor cell differentiation,16,1325,84,14575,0.048976060247983295
ANA,DESeq2,GO:0044409,BP,symbiont entry into host,16,1325,84,14575,0.048976060247983295
ANA,DESeq2,GO:0007167,BP,enzyme-linked receptor protein signaling pathway,63,1325,485,14575,0.049169856299961394
ANA,DESeq2,GO:0006898,BP,receptor-mediated endocytosis,23,1325,136,14575,0.04990191104999867
ANA,DESeq2,GO:0034641,BP,cellular nitrogen compound metabolic process,107,1325,2577,14575,3.429048465749008e-23
ANA,DESeq2,GO:0044238,BP,primary metabolic process,316,1325,5291,14575,4.333873473741719e-22
ANA,DESeq2,GO:0090304,BP,nucleic acid metabolic process,58,1325,1758,14575,1.356499983359985e-21
ANA,DESeq2,GO:0006725,BP,cellular aromatic compound metabolic process,97,1325,2351,14575,3.938100007377462e-21
ANA,DESeq2,GO:0046483,BP,heterocycle metabolic process,97,1325,2344,14575,5.397082417973415e-21
ANA,DESeq2,GO:0006139,BP,nucleobase-containing compound metabolic process,88,1325,2205,14575,7.072054310284422e-21
ANA,DESeq2,GO:0006396,BP,RNA processing,7,1325,752,14575,7.873031883087241e-21
ANA,DESeq2,GO:0008152,BP,metabolic process,385,1325,6034,14575,2.7085083469681696e-20
ANA,DESeq2,GO:1901360,BP,organic cyclic compound metabolic process,112,1325,2531,14575,4.893747516907038e-20
ANA,DESeq2,GO:0071704,BP,organic substance metabolic process,350,1325,5597,14575,8.102125469852262e-20
ANA,DESeq2,GO:0016070,BP,RNA metabolic process,32,1325,1237,14575,2.18945242136619e-19
ANA,DESeq2,GO:0006807,BP,nitrogen compound metabolic process,298,1325,4907,14575,1.773817785497817e-18
ANA,DESeq2,GO:0043170,BP,macromolecule metabolic process,260,1325,4230,14575,2.767267044808914e-14
ANA,DESeq2,GO:0044237,BP,cellular metabolic process,291,1325,4578,14575,1.221471863783677e-13
ANA,DESeq2,GO:0006397,BP,mRNA processing,2,1325,371,14575,2.116710150612061e-11
ANA,DESeq2,GO:0034660,BP,ncRNA metabolic process,5,1325,452,14575,2.3342320943317732e-11
ANA,DESeq2,GO:0016071,BP,mRNA metabolic process,9,1325,511,14575,3.1688658946706577e-10
ANA,DESeq2,GO:0008380,BP,RNA splicing,2,1325,315,14575,3.0173356513022665e-09
ANA,DESeq2,GO:0034470,BP,ncRNA processing,5,1325,366,14575,2.3129051449439266e-08
ANA,DESeq2,GO:0044271,BP,cellular nitrogen compound biosynthetic process,48,1325,1082,14575,9.448420243521161e-08
ANA,DESeq2,GO:0046907,BP,intracellular transport,47,1325,1029,14575,7.710008347226299e-07
ANA,DESeq2,GO:0006412,BP,translation,1,1325,224,14575,9.097944496609511e-07
ANA,DESeq2,GO:1901576,BP,organic substance biosynthetic process,109,1325,1874,14575,1.18706891495401e-06
ANA,DESeq2,GO:0006996,BP,organelle organization,120,1325,2000,14575,2.684899291520284e-06
ANA,DESeq2,GO:0009058,BP,biosynthetic process,116,1325,1918,14575,7.618931607274788e-06
ANA,DESeq2,GO:0043484,BP,regulation of RNA splicing,0,1325,162,14575,9.49727599881914e-06
ANA,DESeq2,GO:0051641,BP,cellular localization,118,1325,1912,14575,2.1670546250758054e-05
ANA,DESeq2,GO:0044249,BP,cellular biosynthetic process,107,1325,1757,14575,3.887934637927396e-05
ANA,DESeq2,GO:0000375,BP,"RNA splicing, via transesterification reactions",2,1325,199,14575,6.851159447215658e-05
ANA,DESeq2,GO:1901362,BP,organic cyclic compound biosynthetic process,41,1325,846,14575,7.092823058891262e-05
ANA,DESeq2,GO:0043043,BP,peptide biosynthetic process,4,1325,244,14575,7.273936180120263e-05
ANA,DESeq2,GO:0006399,BP,tRNA metabolic process,1,1325,172,14575,7.981144370107906e-05
ANA,DESeq2,GO:0043604,BP,amide biosynthetic process,9,1325,340,14575,9.242837283977697e-05
ANA,DESeq2,GO:0000398,BP,"mRNA splicing, via spliceosome",2,1325,193,14575,9.449054883786417e-05
ANA,DESeq2,GO:0000377,BP,"RNA splicing, via transesterification reactions with bulged adenosine as nucleophile",2,1325,193,14575,9.449054883786417e-05
ANA,DESeq2,GO:0006357,BP,regulation of transcription by RNA polymerase II,129,1325,1999,14575,0.00013128468436590405
ANA,DESeq2,GO:0006281,BP,DNA repair,14,1325,419,14575,0.00015270566826183402
ANA,DESeq2,GO:1901564,BP,organonitrogen compound metabolic process,248,1325,3448,14575,0.00016752553084552232
ANA,DESeq2,GO:0016072,BP,rRNA metabolic process,4,1325,226,14575,0.0002760953527955018
ANA,DESeq2,GO:0022618,BP,protein-RNA complex assembly,2,1325,182,14575,0.0002847470612921908
ANA,DESeq2,GO:0018130,BP,heterocycle biosynthetic process,37,1325,756,14575,0.00030451061808669616
ANA,DESeq2,GO:0051649,BP,establishment of localization in cell,76,1325,1294,14575,0.0003086664888841156
ANA,DESeq2,GO:0071840,BP,cellular component organization or biogenesis,323,1325,4303,14575,0.00032111561238165457
ANA,DESeq2,GO:0070647,BP,protein modification by small protein conjugation or removal,30,1325,651,14575,0.00033682672285076235
ANA,DESeq2,GO:0043412,BP,macromolecule modification,122,1325,1883,14575,0.0003385586145851519
ANA,DESeq2,GO:0019438,BP,aromatic compound biosynthetic process,37,1325,750,14575,0.0003758579080590281
ANA,DESeq2,GO:0034654,BP,nucleobase-containing compound biosynthetic process,33,1325,691,14575,0.0004231652822885958
ANA,DESeq2,GO:0071826,BP,protein-RNA complex organization,3,1325,192,14575,0.0005432249986504291
ANA,DESeq2,GO:0070727,BP,cellular macromolecule localization,100,1325,1586,14575,0.0005791564859376263
ANA,DESeq2,GO:0033036,BP,macromolecule localization,101,1325,1599,14575,0.0006110621777267851
ANA,DESeq2,GO:0008104,BP,protein localization,100,1325,1582,14575,0.0006846854643896842
ANA,DESeq2,GO:0071705,BP,nitrogen compound transport,75,1325,1253,14575,0.000704633925325189
ANA,DESeq2,GO:0050684,BP,regulation of mRNA processing,0,1325,114,14575,0.000995952639708754
ANA,DESeq2,GO:0015980,BP,energy derivation by oxidation of organic compounds,2,1325,161,14575,0.0010638634581960362
ANA,DESeq2,GO:0006364,BP,rRNA processing,4,1325,201,14575,0.0013236435920591445
ANA,DESeq2,GO:0006511,BP,ubiquitin-dependent protein catabolic process,17,1325,425,14575,0.0015166504723410658
ANA,DESeq2,GO:0009059,BP,macromolecule biosynthetic process,55,1325,967,14575,0.0016288200334008843
ANA,DESeq2,GO:0006886,BP,intracellular protein transport,22,1325,498,14575,0.0018652097642505527
ANA,DESeq2,GO:0045333,BP,cellular respiration,0,1325,103,14575,0.001902213640372322
ANA,DESeq2,GO:0044085,BP,cellular component biogenesis,1,1325,132,14575,0.0019129774735204379
ANA,DESeq2,GO:0019219,BP,regulation of nucleobase-containing compound metabolic process,232,1325,3156,14575,0.002047961050012623
ANA,DESeq2,GO:0016043,BP,cellular component organization,322,1325,4206,14575,0.002079083136928786
ANA,DESeq2,GO:1901566,BP,organonitrogen compound biosynthetic process,42,1325,777,14575,0.0022433870221301544
ANA,DESeq2,GO:0051252,BP,regulation of RNA metabolic process,212,1325,2914,14575,0.002251963639238649
ANA,DESeq2,GO:0071824,BP,protein-DNA complex organization,33,1325,650,14575,0.0023048867904646173
ANA,DESeq2,GO:0032774,BP,RNA biosynthetic process,16,1325,396,14575,0.002502514608986201
ANA,DESeq2,GO:0043161,BP,proteasome-mediated ubiquitin-dependent protein catabolic process,8,1325,268,14575,0.002767629911591707
ANA,DESeq2,GO:0043632,BP,modification-dependent macromolecule catabolic process,19,1325,443,14575,0.002767629911591707
ANA,DESeq2,GO:0010498,BP,proteasomal protein catabolic process,13,1325,350,14575,0.0027948500472514525
ANA,DESeq2,GO:0006355,BP,regulation of DNA-templated transcription,193,1325,2669,14575,0.0031850253318953786
ANA,DESeq2,GO:0045184,BP,establishment of protein localization,67,1325,1106,14575,0.0031853941330892248
ANA,DESeq2,GO:0043687,BP,post-translational protein modification,37,1325,697,14575,0.0036190245016909342
ANA,DESeq2,GO:0022613,BP,ribonucleoprotein complex biogenesis,1,1325,122,14575,0.0037196539361699535
ANA,DESeq2,GO:0008033,BP,tRNA processing,1,1325,123,14575,0.0037694891912488605
ANA,DESeq2,GO:0009060,BP,aerobic respiration,0,1325,94,14575,0.003905018421573527
ANA,DESeq2,GO:0071702,BP,organic substance transport,99,1325,1508,14575,0.004052380546491803
ANA,DESeq2,GO:0032446,BP,protein modification by small protein conjugation,29,1325,583,14575,0.0040546046449981285
ANA,DESeq2,GO:0019538,BP,protein metabolic process,186,1325,2573,14575,0.004476417976071542
ANA,DESeq2,GO:0019941,BP,modification-dependent protein catabolic process,19,1325,435,14575,0.004497646540265022
ANA,DESeq2,GO:0036211,BP,protein modification process,114,1325,1689,14575,0.004795167495694309
ANA,DESeq2,GO:0015031,BP,protein transport,56,1325,945,14575,0.0049940409314709324
ANA,DESeq2,GO:0030163,BP,protein catabolic process,20,1325,445,14575,0.0051979719556900115
ANA,DESeq2,GO:2001141,BP,regulation of RNA biosynthetic process,196,1325,2683,14575,0.00548745624548844
ANA,DESeq2,GO:0022904,BP,respiratory electron transport chain,0,1325,90,14575,0.005589122638314563
ANA,DESeq2,GO:0009057,BP,macromolecule catabolic process,44,1325,781,14575,0.0056923072409536
ANA,DESeq2,GO:0006974,BP,DNA damage response,34,1325,644,14575,0.005759835969014474
ANA,DESeq2,GO:0048024,BP,"regulation of mRNA splicing, via spliceosome",0,1325,92,14575,0.005867364720059671
ANA,DESeq2,GO:0006259,BP,DNA metabolic process,33,1325,628,14575,0.00637940653579909
ANA,DESeq2,GO:0080135,BP,regulation of cellular response to stress,21,1325,449,14575,0.007626608761332564
ANA,DESeq2,GO:0002181,BP,cytoplasmic translation,0,1325,86,14575,0.008265983402153121
ANA,DESeq2,GO:0060271,BP,cilium assembly,5,1325,192,14575,0.009343148805740073
ANA,DESeq2,GO:0006325,BP,chromatin organization,31,1325,590,14575,0.009478121926207991
ANA,DESeq2,GO:0016197,BP,endosomal transport,7,1325,224,14575,0.010394012710529999
ANA,DESeq2,GO:0033554,BP,cellular response to stress,84,1325,1281,14575,0.012362406162837954
ANA,DESeq2,GO:0016567,BP,protein ubiquitination,26,1325,509,14575,0.014512210899919525
ANA,DESeq2,GO:0006888,BP,endoplasmic reticulum to Golgi vesicle-mediated transport,1,1325,104,14575,0.014516015195495285
ANA,DESeq2,GO:0006091,BP,generation of precursor metabolites and energy,12,1325,300,14575,0.016370052312316443
ANA,DESeq2,GO:0007017,BP,microtubule-based process,31,1325,575,14575,0.016643650617814375
ANA,DESeq2,GO:0006282,BP,regulation of DNA repair,5,1325,185,14575,0.01686534103239093
ANA,DESeq2,GO:0006351,BP,DNA-templated transcription,14,1325,326,14575,0.018848645915578093
ANA,DESeq2,GO:0051276,BP,chromosome organization,11,1325,276,14575,0.0218346079215702
ANA,DESeq2,GO:0044782,BP,cilium organization,7,1325,211,14575,0.023586769633100118
ANA,DESeq2,GO:0043414,BP,macromolecule methylation,3,1325,138,14575,0.02449336051325223
ANA,DESeq2,GO:0045995,BP,regulation of embryonic development,0,1325,74,14575,0.025297921505441523
ANA,DESeq2,GO:0048193,BP,Golgi vesicle transport,9,1325,239,14575,0.029683327079195538
ANA,DESeq2,GO:0043933,BP,protein-containing complex organization,112,1325,1590,14575,0.03250189399140075
ANA,DESeq2,GO:0009056,BP,catabolic process,106,1325,1513,14575,0.03541111949714568
ANA,DESeq2,GO:0019646,BP,aerobic electron transport chain,0,1325,71,14575,0.037917262632681525
ANA,DESeq2,GO:0018205,BP,peptidyl-lysine modification,2,1325,113,14575,0.038426182135903875
ANA,DESeq2,GO:0030705,BP,cytoskeleton-dependent intracellular transport,5,1325,168,14575,0.03849141400373766
ANA,DESeq2,GO:0001701,BP,in utero embryonic development,6,1325,185,14575,0.03879573103980896
ANA,DESeq2,GO:0009792,BP,embryo development ending in birth or egg hatching,7,1325,204,14575,0.03960466251366029
ANA,DESeq2,GO:0033108,BP,mitochondrial respiratory chain complex assembly,1,1325,90,14575,0.039632085105362626
ANA,DESeq2,GO:0043009,BP,chordate embryonic development,6,1325,188,14575,0.03984238477925452
ANA,DESeq2,GO:0032543,BP,mitochondrial translation,1,1325,92,14575,0.04005417323628088
ANA,DESeq2,GO:1901575,BP,organic substance catabolic process,89,1325,1294,14575,0.04401588039440877
ANA,DESeq2,GO:0051301,BP,cell division,17,1325,352,14575,0.046210611264405316
ANA,DESeq2,GO:0070925,BP,organelle assembly,30,1325,535,14575,0.04638383071107204
ANA,DESeq2,GO:0009790,BP,embryo development,8,1325,214,14575,0.04989908384398135
ANA,DESeq2,GO:0009897,CC,external side of plasma membrane,127,1325,302,14575,7.871876206407728e-51
ANA,DESeq2,GO:0098552,CC,side of membrane,164,1325,511,14575,1.3562246257926142e-47
ANA,DESeq2,GO:0005886,CC,plasma membrane,508,1325,3319,14575,3.210956457767567e-38
ANA,DESeq2,GO:0005615,CC,extracellular space,188,1325,975,14575,6.665161078236838e-22
ANA,DESeq2,GO:0005576,CC,extracellular region,207,1325,1151,14575,1.2203482860483322e-20
ANA,DESeq2,GO:0042611,CC,MHC protein complex,20,1325,20,14575,3.4831317289333864e-19
ANA,DESeq2,GO:0019814,CC,immunoglobulin complex,18,1325,21,14575,3.083307694715825e-14
ANA,DESeq2,GO:0009986,CC,cell surface,95,1325,451,14575,8.374057789913334e-13
ANA,DESeq2,GO:0042613,CC,MHC class II protein complex,13,1325,13,14575,3.948856966459293e-12
ANA,DESeq2,GO:0016020,CC,membrane,718,1325,6451,14575,4.214600744552883e-12
ANA,DESeq2,GO:0042101,CC,T cell receptor complex,14,1325,17,14575,1.5107684020540344e-10
ANA,DESeq2,GO:0001772,CC,immunological synapse,21,1325,43,14575,1.6983728041899581e-09
ANA,DESeq2,GO:0031332,CC,RNAi effector complex,22,1325,48,14575,2.49985762404368e-09
ANA,DESeq2,GO:0016442,CC,RISC complex,22,1325,48,14575,2.49985762404368e-09
ANA,DESeq2,GO:0098553,CC,lumenal side of endoplasmic reticulum membrane,15,1325,23,14575,4.39000640584267e-09
ANA,DESeq2,GO:0098797,CC,plasma membrane protein complex,79,1325,409,14575,6.061218791347157e-09
ANA,DESeq2,GO:0030666,CC,endocytic vesicle membrane,43,1325,165,14575,9.63538282275021e-09
ANA,DESeq2,GO:0030667,CC,secretory granule membrane,56,1325,252,14575,1.5460657725118302e-08
ANA,DESeq2,GO:0030659,CC,cytoplasmic vesicle membrane,146,1325,958,14575,1.5460657725118302e-08
ANA,DESeq2,GO:0012506,CC,vesicle membrane,147,1325,970,14575,1.910869976755964e-08
ANA,DESeq2,GO:0098576,CC,lumenal side of membrane,16,1325,31,14575,9.99036814701214e-08
ANA,DESeq2,GO:0042612,CC,MHC class I protein complex,8,1325,8,14575,2.674174254957524e-07
ANA,DESeq2,GO:0043235,CC,receptor complex,56,1325,285,14575,1.5142420416157635e-06
ANA,DESeq2,GO:0045121,CC,membrane raft,47,1325,238,14575,1.470574385242623e-05
ANA,DESeq2,GO:0098857,CC,membrane microdomain,47,1325,240,14575,1.7719310603270234e-05
ANA,DESeq2,GO:0098802,CC,plasma membrane signaling receptor complex,31,1325,131,14575,2.366554017621197e-05
ANA,DESeq2,GO:0072562,CC,blood microparticle,21,1325,74,14575,6.571376308080673e-05
ANA,DESeq2,GO:0001891,CC,phagocytic cup,11,1325,23,14575,6.606602686710994e-05
ANA,DESeq2,GO:0030670,CC,phagocytic vesicle membrane,21,1325,75,14575,7.869554455367062e-05
ANA,DESeq2,GO:0030669,CC,clathrin-coated endocytic vesicle membrane,17,1325,54,14575,0.00012133064942074761
ANA,DESeq2,GO:0042105,CC,alpha-beta T cell receptor complex,5,1325,5,14575,0.00022611251286627413
ANA,DESeq2,GO:0070821,CC,tertiary granule membrane,17,1325,59,14575,0.0004429397067876929
ANA,DESeq2,GO:0012507,CC,ER to Golgi transport vesicle membrane,15,1325,48,14575,0.0004766496918765423
ANA,DESeq2,GO:0062023,CC,collagen-containing extracellular matrix,52,1325,317,14575,0.0008711632248489898
ANA,DESeq2,GO:0098852,CC,lytic vacuole membrane,60,1325,382,14575,0.0008711632248489898
ANA,DESeq2,GO:0005765,CC,lysosomal membrane,60,1325,382,14575,0.0008711632248489898
ANA,DESeq2,GO:0042571,CC,"immunoglobulin complex, circulating",5,1325,6,14575,0.001048634717398726
ANA,DESeq2,GO:0060205,CC,cytoplasmic vesicle lumen,46,1325,274,14575,0.0013006897600966395
ANA,DESeq2,GO:0031983,CC,vesicle lumen,46,1325,275,14575,0.001350322847380076
ANA,DESeq2,GO:0098588,CC,bounding membrane of organelle,205,1325,1736,14575,0.0014377592491432915
ANA,DESeq2,GO:0019815,CC,B cell receptor complex,4,1325,4,14575,0.0018984821163715699
ANA,DESeq2,GO:0071735,CC,IgG immunoglobulin complex,4,1325,4,14575,0.0018984821163715699
ANA,DESeq2,GO:0101003,CC,ficolin-1-rich granule membrane,14,1325,50,14575,0.0026906208783743072
ANA,DESeq2,GO:0000323,CC,lytic vacuole,44,1325,269,14575,0.0037456694365351328
ANA,DESeq2,GO:0005764,CC,lysosome,44,1325,269,14575,0.0037456694365351328
ANA,DESeq2,GO:0034774,CC,secretory granule lumen,44,1325,271,14575,0.003949787229067363
ANA,DESeq2,GO:0043020,CC,NADPH oxidase complex,7,1325,15,14575,0.004162940560647775
ANA,DESeq2,GO:0044194,CC,cytolytic granule,6,1325,11,14575,0.004162940560647775
ANA,DESeq2,GO:0030312,CC,external encapsulating structure,59,1325,396,14575,0.004162940560647775
ANA,DESeq2,GO:0031012,CC,extracellular matrix,59,1325,396,14575,0.004162940560647775
ANA,DESeq2,GO:0005774,CC,vacuolar membrane,60,1325,412,14575,0.005638168077651893
ANA,DESeq2,GO:0031982,CC,vesicle,291,1325,2651,14575,0.005829992645808116
ANA,DESeq2,GO:0030662,CC,coated vesicle membrane,25,1325,128,14575,0.005940913436428525
ANA,DESeq2,GO:0042824,CC,MHC class I peptide loading complex,5,1325,8,14575,0.006226392279359927
ANA,DESeq2,GO:0032997,CC,Fc receptor complex,4,1325,5,14575,0.007106801883852479
ANA,DESeq2,GO:0005775,CC,vacuolar lumen,27,1325,143,14575,0.007216605006925828
ANA,DESeq2,GO:0045335,CC,phagocytic vesicle,17,1325,76,14575,0.008269934802821826
ANA,DESeq2,GO:0043230,CC,extracellular organelle,197,1325,1732,14575,0.012180446287250625
ANA,DESeq2,GO:0065010,CC,extracellular membrane-bounded organelle,197,1325,1732,14575,0.012180446287250625
ANA,DESeq2,GO:1903561,CC,extracellular vesicle,197,1325,1732,14575,0.012180446287250625
ANA,DESeq2,GO:0031904,CC,endosome lumen,8,1325,23,14575,0.012697337134265109
ANA,DESeq2,GO:0033001,CC,Fc-gamma receptor III complex,3,1325,3,14575,0.014020678167809051
ANA,DESeq2,GO:0042106,CC,gamma-delta T cell receptor complex,3,1325,3,14575,0.014020678167809051
ANA,DESeq2,GO:0062167,CC,complement component C1q complex,3,1325,3,14575,0.014020678167809051
ANA,DESeq2,GO:0005602,CC,complement component C1 complex,3,1325,3,14575,0.014020678167809051
ANA,DESeq2,GO:0071753,CC,IgM immunoglobulin complex,3,1325,3,14575,0.014020678167809051
ANA,DESeq2,GO:0031093,CC,platelet alpha granule lumen,13,1325,54,14575,0.01608944618879756
ANA,DESeq2,GO:0031265,CC,CD95 death-inducing signaling complex,4,1325,6,14575,0.01608944618879756
ANA,DESeq2,GO:0030665,CC,clathrin-coated vesicle membrane,18,1325,86,14575,0.01608944618879756
ANA,DESeq2,GO:0035579,CC,specific granule membrane,16,1325,75,14575,0.017594227362887106
ANA,DESeq2,GO:0070062,CC,extracellular exosome,193,1325,1716,14575,0.022210851994042904
ANA,DESeq2,GO:0005773,CC,vacuole,48,1325,331,14575,0.022210851994042904
ANA,DESeq2,GO:0043202,CC,lysosomal lumen,17,1325,83,14575,0.024633916556836784
ANA,DESeq2,GO:0035577,CC,azurophil granule membrane,12,1325,51,14575,0.027970887543365547
ANA,DESeq2,GO:0010008,CC,endosome membrane,65,1325,488,14575,0.027970887543365547
ANA,DESeq2,GO:0005581,CC,collagen trimer,13,1325,60,14575,0.0395298608906853
ANA,DESeq2,GO:0097169,CC,AIM2 inflammasome complex,3,1325,4,14575,0.04392165009859608
ANA,DESeq2,GO:1990111,CC,spermatoproteasome complex,3,1325,4,14575,0.04392165009859608
ANA,DESeq2,GO:0072557,CC,IPAF inflammasome complex,3,1325,4,14575,0.04392165009859608
ANA,DESeq2,GO:0043229,CC,intracellular organelle,586,1325,8357,14575,3.6550225072636164e-21
ANA,DESeq2,GO:0043231,CC,intracellular membrane-bounded organelle,532,1325,7496,14575,1.545882123846999e-15
ANA,DESeq2,GO:0043226,CC,organelle,692,1325,9156,14575,3.083307694715825e-14
ANA,DESeq2,GO:0005634,CC,nucleus,284,1325,4443,14575,2.1968772018552916e-12
ANA,DESeq2,GO:1902494,CC,catalytic complex,62,1325,1456,14575,2.3411889167126794e-11
ANA,DESeq2,GO:0140513,CC,nuclear protein-containing complex,43,1325,1110,14575,5.494113355087673e-10
ANA,DESeq2,GO:0140535,CC,intracellular protein-containing complex,23,1325,779,14575,6.082901220048554e-10
ANA,DESeq2,GO:0043227,CC,membrane-bounded organelle,651,1325,8415,14575,3.3845950124875165e-09
ANA,DESeq2,GO:0005654,CC,nucleoplasm,214,1325,3362,14575,6.843076775461035e-09
ANA,DESeq2,GO:1990234,CC,transferase complex,26,1325,742,14575,1.0345251078662165e-07
ANA,DESeq2,GO:0043232,CC,intracellular non-membrane-bounded organelle,145,1325,2382,14575,3.978741993724806e-07
ANA,DESeq2,GO:0043228,CC,non-membrane-bounded organelle,145,1325,2382,14575,3.978741993724806e-07
ANA,DESeq2,GO:0019866,CC,organelle inner membrane,11,1325,433,14575,2.878609284104021e-06
ANA,DESeq2,GO:0005743,CC,mitochondrial inner membrane,9,1325,391,14575,2.878609284104021e-06
ANA,DESeq2,GO:0005730,CC,nucleolus,34,1325,777,14575,2.1820664556024696e-05
ANA,DESeq2,GO:0005681,CC,spliceosomal complex,1,1325,188,14575,2.49352023643343e-05
ANA,DESeq2,GO:0044391,CC,ribosomal subunit,1,1325,184,14575,3.647748762761171e-05
ANA,DESeq2,GO:0005739,CC,mitochondrion,63,1325,1173,14575,4.2957330484865e-05
ANA,DESeq2,GO:0000151,CC,ubiquitin ligase complex,6,1325,285,14575,7.869554455367062e-05
ANA,DESeq2,GO:0005840,CC,ribosome,0,1325,143,14575,9.20346274895143e-05
ANA,DESeq2,GO:0016604,CC,nuclear body,36,1325,730,14575,0.0007433619496895447
ANA,DESeq2,GO:0005759,CC,mitochondrial matrix,11,1325,342,14575,0.000810453712521015
ANA,DESeq2,GO:0005694,CC,chromosome,5,1325,233,14575,0.0008711632248489898
ANA,DESeq2,GO:0098798,CC,mitochondrial protein-containing complex,6,1325,252,14575,0.0010042779074381247
ANA,DESeq2,GO:0015934,CC,large ribosomal subunit,0,1325,113,14575,0.0012797071735560623
ANA,DESeq2,GO:0031461,CC,cullin-RING ubiquitin ligase complex,2,1325,160,14575,0.0019991361102986538
ANA,DESeq2,GO:1990904,CC,ribonucleoprotein complex,35,1325,686,14575,0.002631924574835316
ANA,DESeq2,GO:0031966,CC,mitochondrial membrane,31,1325,621,14575,0.0037456694365351328
ANA,DESeq2,GO:0005684,CC,U2-type spliceosomal complex,0,1325,91,14575,0.007213177544508134
ANA,DESeq2,GO:0022626,CC,cytosolic ribosome,0,1325,92,14575,0.007298769991727473
ANA,DESeq2,GO:0005929,CC,cilium,7,1325,232,14575,0.009956565234714816
ANA,DESeq2,GO:0032991,CC,protein-containing complex,386,1325,4869,14575,0.010414796745687587
ANA,DESeq2,GO:1904949,CC,ATPase complex,1,1325,108,14575,0.01267419761537271
ANA,DESeq2,GO:0036064,CC,ciliary basal body,2,1325,131,14575,0.01269631682099262
ANA,DESeq2,GO:0099572,CC,postsynaptic specialization,5,1325,181,14575,0.01873924703362253
ANA,DESeq2,GO:0030532,CC,small nuclear ribonucleoprotein complex,0,1325,76,14575,0.01915185975489867
ANA,DESeq2,GO:0016607,CC,nuclear speck,17,1325,371,14575,0.022210851994042904
ANA,DESeq2,GO:0030684,CC,preribosome,1,1325,100,14575,0.02319487728236167
ANA,DESeq2,GO:0014069,CC,postsynaptic density,5,1325,179,14575,0.024633916556836784
ANA,DESeq2,GO:0005815,CC,microtubule organizing center,37,1325,636,14575,0.03860087692692039
ANA,DESeq2,GO:0098800,CC,inner mitochondrial membrane protein complex,2,1325,116,14575,0.04487569125474001
ANA,DESeq2,GO:0008021,CC,synaptic vesicle,1,1325,91,14575,0.04525178026845825
ANA,DESeq2,GO:0060089,MF,molecular transducer activity,184,1325,714,14575,4.85832360015173e-38
ANA,DESeq2,GO:0038023,MF,signaling receptor activity,184,1325,714,14575,4.85832360015173e-38
ANA,DESeq2,GO:0004888,MF,transmembrane signaling receptor activity,147,1325,542,14575,1.7166675143188995e-32
ANA,DESeq2,GO:0003823,MF,antigen binding,46,1325,64,14575,5.060723671195282e-31
ANA,DESeq2,GO:0140375,MF,immune receptor activity,61,1325,119,14575,2.0065463343971395e-29
ANA,DESeq2,GO:0005102,MF,signaling receptor binding,196,1325,1016,14575,7.546838750708652e-23
ANA,DESeq2,GO:0042605,MF,peptide antigen binding,23,1325,28,14575,3.9398024374981315e-17
ANA,DESeq2,GO:1903231,MF,mRNA base-pairing translational repressor activity,16,1325,19,14575,6.522354503740277e-12
ANA,DESeq2,GO:0023023,MF,MHC protein complex binding,20,1325,30,14575,6.522354503740277e-12
ANA,DESeq2,GO:0005126,MF,cytokine receptor binding,51,1325,174,14575,6.522354503740277e-12
ANA,DESeq2,GO:0042287,MF,MHC protein binding,18,1325,25,14575,1.5051727995934712e-11
ANA,DESeq2,GO:0004896,MF,cytokine receptor activity,31,1325,79,14575,1.4687457583013105e-10
ANA,DESeq2,GO:0019955,MF,cytokine binding,37,1325,117,14575,1.608908158846204e-09
ANA,DESeq2,GO:0005125,MF,cytokine activity,38,1325,128,14575,5.994919561998406e-09
ANA,DESeq2,GO:0042379,MF,chemokine receptor binding,21,1325,45,14575,1.2043396234128916e-08
ANA,DESeq2,GO:0023026,MF,MHC class II protein complex binding,15,1325,23,14575,1.2043396234128916e-08
ANA,DESeq2,GO:0019957,MF,C-C chemokine binding,14,1325,20,14575,1.2060177703492319e-08
ANA,DESeq2,GO:0008009,MF,chemokine activity,18,1325,34,14575,1.6826980175879896e-08
ANA,DESeq2,GO:0048020,MF,CCR chemokine receptor binding,15,1325,24,14575,2.47073396930275e-08
ANA,DESeq2,GO:0042288,MF,MHC class I protein binding,12,1325,16,14575,7.054070591965665e-08
ANA,DESeq2,GO:0016493,MF,C-C chemokine receptor activity,13,1325,19,14575,7.653974000799741e-08
ANA,DESeq2,GO:0032395,MF,MHC class II receptor activity,8,1325,8,14575,7.391234201126192e-07
ANA,DESeq2,GO:0019956,MF,chemokine binding,15,1325,29,14575,7.873661579536973e-07
ANA,DESeq2,GO:0001637,MF,G protein-coupled chemoattractant receptor activity,13,1325,22,14575,9.117154109831386e-07
ANA,DESeq2,GO:0004950,MF,chemokine receptor activity,13,1325,22,14575,9.117154109831386e-07
ANA,DESeq2,GO:0038187,MF,pattern recognition receptor activity,14,1325,26,14575,1.1851384866579976e-06
ANA,DESeq2,GO:0042277,MF,peptide binding,49,1325,230,14575,2.4756154175779094e-06
ANA,DESeq2,GO:0004930,MF,G protein-coupled receptor activity,48,1325,225,14575,3.435250947310806e-06
ANA,DESeq2,GO:0030546,MF,signaling receptor activator activity,52,1325,257,14575,4.287463597123804e-06
ANA,DESeq2,GO:0030545,MF,signaling receptor regulator activity,55,1325,278,14575,4.287463597123804e-06
ANA,DESeq2,GO:0048018,MF,receptor ligand activity,51,1325,252,14575,5.710459761979656e-06
ANA,DESeq2,GO:0046977,MF,TAP binding,7,1325,7,14575,6.074840464219649e-06
ANA,DESeq2,GO:0030371,MF,translation repressor activity,18,1325,47,14575,6.628024721806453e-06
ANA,DESeq2,GO:0001784,MF,phosphotyrosine residue binding,17,1325,45,14575,1.8231551887462788e-05
ANA,DESeq2,GO:0042608,MF,T cell receptor binding,8,1325,10,14575,1.8541530679873157e-05
ANA,DESeq2,GO:0033218,MF,amide binding,54,1325,290,14575,4.375694225556661e-05
ANA,DESeq2,GO:0098772,MF,molecular function regulator activity,192,1325,1505,14575,6.169154083214349e-05
ANA,DESeq2,GO:0042169,MF,SH2 domain binding,15,1325,40,14575,9.838345216968945e-05
ANA,DESeq2,GO:0015026,MF,coreceptor activity,16,1325,45,14575,9.838345216968945e-05
ANA,DESeq2,GO:0140677,MF,molecular function activator activity,111,1325,779,14575,0.00012856464820461906
ANA,DESeq2,GO:0005164,MF,tumor necrosis factor receptor binding,12,1325,27,14575,0.0001353274304471645
ANA,DESeq2,GO:0034987,MF,immunoglobulin receptor binding,7,1325,9,14575,0.0001418227182345914
ANA,DESeq2,GO:0045309,MF,protein phosphorylated amino acid binding,18,1325,57,14575,0.00014326652498521588
ANA,DESeq2,GO:0019763,MF,immunoglobulin receptor activity,8,1325,12,14575,0.00014326652498521588
ANA,DESeq2,GO:0033691,MF,sialic acid binding,9,1325,16,14575,0.00021899324366244808
ANA,DESeq2,GO:0043274,MF,phospholipase binding,10,1325,20,14575,0.0002375286822481552
ANA,DESeq2,GO:0019865,MF,immunoglobulin binding,10,1325,20,14575,0.0002375286822481552
ANA,DESeq2,GO:0001664,MF,G protein-coupled receptor binding,36,1325,181,14575,0.00045165606754443623
ANA,DESeq2,GO:0032813,MF,tumor necrosis factor receptor superfamily binding,14,1325,42,14575,0.0008304112531956384
ANA,DESeq2,GO:0004875,MF,complement receptor activity,6,1325,8,14575,0.0009306085084719648
ANA,DESeq2,GO:0030881,MF,beta-2-microglobulin binding,6,1325,8,14575,0.0009306085084719648
ANA,DESeq2,GO:0061134,MF,peptidase regulator activity,31,1325,155,14575,0.0018424116922630626
ANA,DESeq2,GO:0023029,MF,MHC class Ib protein binding,5,1325,6,14575,0.0022566852903067986
ANA,DESeq2,GO:0005178,MF,integrin binding,27,1325,133,14575,0.003598723278414479
ANA,DESeq2,GO:0046978,MF,TAP1 binding,4,1325,4,14575,0.004248105851099159
ANA,DESeq2,GO:0032393,MF,MHC class I receptor activity,6,1325,10,14575,0.0051708647393794915
ANA,DESeq2,GO:0004715,MF,non-membrane spanning protein tyrosine kinase activity,13,1325,44,14575,0.005815257851755088
ANA,DESeq2,GO:0032396,MF,inhibitory MHC class I receptor activity,5,1325,7,14575,0.006481807631614848
ANA,DESeq2,GO:0042609,MF,CD4 receptor binding,5,1325,7,14575,0.006481807631614848
ANA,DESeq2,GO:0030234,MF,enzyme regulator activity,132,1325,1052,14575,0.006711438110019484
ANA,DESeq2,GO:0035591,MF,signaling adaptor activity,22,1325,102,14575,0.008808745081414297
ANA,DESeq2,GO:0016504,MF,peptidase activator activity,14,1325,52,14575,0.008808745081414297
ANA,DESeq2,GO:0042802,MF,identical protein binding,190,1325,1623,14575,0.009163873692592448
ANA,DESeq2,GO:0030246,MF,carbohydrate binding,34,1325,193,14575,0.010548721225360862
ANA,DESeq2,GO:0019901,MF,protein kinase binding,79,1325,575,14575,0.010548721225360862
ANA,DESeq2,GO:0019900,MF,kinase binding,86,1325,645,14575,0.013575634111180165
ANA,DESeq2,GO:0048248,MF,CXCR3 chemokine receptor binding,4,1325,5,14575,0.01605978599156647
ANA,DESeq2,GO:0016004,MF,phospholipase activator activity,7,1325,17,14575,0.021832410945168548
ANA,DESeq2,GO:0140272,MF,exogenous protein binding,15,1325,64,14575,0.024276298561256335
ANA,DESeq2,GO:0001618,MF,virus receptor activity,15,1325,64,14575,0.024276298561256335
ANA,DESeq2,GO:0035325,MF,Toll-like receptor binding,6,1325,13,14575,0.026381266559015872
ANA,DESeq2,GO:0019864,MF,IgG binding,5,1325,9,14575,0.027160400859621167
ANA,DESeq2,GO:0003839,MF,gamma-glutamylcyclotransferase activity,3,1325,3,14575,0.032821658522673595
ANA,DESeq2,GO:0046979,MF,TAP2 binding,3,1325,3,14575,0.032821658522673595
ANA,DESeq2,GO:0001730,MF,2'-5'-oligoadenylate synthetase activity,3,1325,3,14575,0.032821658522673595
ANA,DESeq2,GO:0019976,MF,interleukin-2 binding,3,1325,3,14575,0.032821658522673595
ANA,DESeq2,GO:0004911,MF,interleukin-2 receptor activity,3,1325,3,14575,0.032821658522673595
ANA,DESeq2,GO:0042010,MF,interleukin-15 receptor activity,3,1325,3,14575,0.032821658522673595
ANA,DESeq2,GO:0061135,MF,endopeptidase regulator activity,22,1325,114,14575,0.03322082802530611
ANA,DESeq2,GO:0004252,MF,serine-type endopeptidase activity,20,1325,102,14575,0.03505024242689673
ANA,DESeq2,GO:0043028,MF,cysteine-type endopeptidase regulator activity involved in apoptotic process,10,1325,35,14575,0.03505024242689673
ANA,DESeq2,GO:0019770,MF,IgG receptor activity,4,1325,6,14575,0.03671474662900698
ANA,DESeq2,GO:0060229,MF,lipase activator activity,7,1325,19,14575,0.03901202251061889
ANA,DESeq2,GO:0051219,MF,phosphoprotein binding,18,1325,87,14575,0.03901202251061889
ANA,DESeq2,GO:1990782,MF,protein tyrosine kinase binding,19,1325,96,14575,0.040598645540955325
ANA,DESeq2,GO:0003676,MF,nucleic acid binding,174,1325,3228,14575,1.6122164280715767e-15
ANA,DESeq2,GO:0097159,MF,organic cyclic compound binding,312,1325,4813,14575,1.843031937131248e-12
ANA,DESeq2,GO:0046872,MF,metal ion binding,208,1325,3368,14575,1.0645982743711009e-09
ANA,DESeq2,GO:0043169,MF,cation binding,214,1325,3424,14575,2.500410424284005e-09
ANA,DESeq2,GO:0036094,MF,small molecule binding,337,1325,4913,14575,2.500410424284005e-09
ANA,DESeq2,GO:0043167,MF,ion binding,329,1325,4764,14575,1.6729285765198333e-08
ANA,DESeq2,GO:0003677,MF,DNA binding,108,1325,1911,14575,7.198800406402837e-07
ANA,DESeq2,GO:0003723,MF,RNA binding,81,1325,1482,14575,7.318881215378493e-06
ANA,DESeq2,GO:0140110,MF,transcription regulator activity,82,1325,1496,14575,7.96441018600177e-06
ANA,DESeq2,GO:0016746,MF,acyltransferase activity,24,1325,592,14575,0.00021623991063994378
ANA,DESeq2,GO:0043565,MF,sequence-specific DNA binding,70,1325,1248,14575,0.00021899324366244808
ANA,DESeq2,GO:0003824,MF,catalytic activity,325,1325,4372,14575,0.0003419578133659111
ANA,DESeq2,GO:0140640,MF,"catalytic activity, acting on a nucleic acid",20,1325,518,14575,0.00040856387056625973
ANA,DESeq2,GO:0016740,MF,transferase activity,115,1325,1820,14575,0.00042459859004543
ANA,DESeq2,GO:0003735,MF,structural constituent of ribosome,1,1325,158,14575,0.0006636836542949722
ANA,DESeq2,GO:1990837,MF,sequence-specific double-stranded DNA binding,66,1325,1159,14575,0.0008486490362513636
ANA,DESeq2,GO:0001067,MF,transcription regulatory region nucleic acid binding,64,1325,1115,14575,0.001540664514606197
ANA,DESeq2,GO:0000976,MF,transcription cis-regulatory region binding,64,1325,1113,14575,0.001848815433951068
ANA,DESeq2,GO:0000977,MF,RNA polymerase II transcription regulatory region sequence-specific DNA binding,58,1325,1025,14575,0.0023747719536148103
ANA,DESeq2,GO:0045296,MF,cadherin binding,9,1325,294,14575,0.003592729035413406
ANA,DESeq2,GO:0003690,MF,double-stranded DNA binding,75,1325,1231,14575,0.004840363554933573
ANA,DESeq2,GO:0019787,MF,ubiquitin-like protein transferase activity,16,1325,397,14575,0.007279070358859131
ANA,DESeq2,GO:0003700,MF,DNA-binding transcription factor activity,63,1325,1055,14575,0.008451014531435092
ANA,DESeq2,GO:0003712,MF,transcription coregulator activity,20,1325,445,14575,0.015078660309968801
ANA,DESeq2,GO:0030554,MF,adenyl nucleotide binding,86,1325,1334,14575,0.016035527594032872
ANA,DESeq2,GO:0000981,MF,"DNA-binding transcription factor activity, RNA polymerase II-specific",60,1325,980,14575,0.026381266559015872
ANA,DESeq2,GO:0022804,MF,active transmembrane transporter activity,13,1325,323,14575,0.0272444320287218
ANA,DESeq2,GO:0004842,MF,ubiquitin-protein transferase activity,16,1325,367,14575,0.02959780542709677
ANA,DESeq2,GO:0015399,MF,primary active transmembrane transporter activity,2,1325,131,14575,0.02959780542709677
ANA,DESeq2,GO:0016755,MF,aminoacyltransferase activity,19,1325,409,14575,0.03608040055009632
ANA,DESeq2,GO:0003682,MF,chromatin binding,24,1325,482,14575,0.037124422752792506
ANA,DESeq2,GO:0140101,MF,"catalytic activity, acting on a tRNA",1,1325,107,14575,0.03982998757436105
ANA,DESeq2,GO:0061659,MF,ubiquitin-like protein ligase activity,12,1325,300,14575,0.04204344537933093
ANA,DESeq2,GO:0032559,MF,adenyl ribonucleotide binding,82,1325,1239,14575,0.04433071682937859
ANA,DESeq2,GO:0140098,MF,"catalytic activity, acting on RNA",14,1325,329,14575,0.0489430381803908
ANA,"MORFR top 1,000",GO:0006955,BP,immune response,74,645,827,14575,4.3790863425723516e-05
ANA,"MORFR top 1,000",GO:0006952,BP,defense response,81,645,943,14575,4.3790863425723516e-05
ANA,"MORFR top 1,000",GO:0042102,BP,positive regulation of T cell proliferation,16,645,85,14575,0.00329151896946158
ANA,"MORFR top 1,000",GO:0042129,BP,regulation of T cell proliferation,21,645,141,14575,0.00329151896946158
ANA,"MORFR top 1,000",GO:0050670,BP,regulation of lymphocyte proliferation,25,645,191,14575,0.00329151896946158
ANA,"MORFR top 1,000",GO:0032944,BP,regulation of mononuclear cell proliferation,25,645,194,14575,0.003669721603610598
ANA,"MORFR top 1,000",GO:0098542,BP,defense response to other organism,54,645,619,14575,0.003704565485489531
ANA,"MORFR top 1,000",GO:0051707,BP,response to other organism,63,645,770,14575,0.003802715575881107
ANA,"MORFR top 1,000",GO:0070663,BP,regulation of leukocyte proliferation,26,645,214,14575,0.0046495246741575895
ANA,"MORFR top 1,000",GO:0002376,BP,immune system process,97,645,1381,14575,0.00512873690132104
ANA,"MORFR top 1,000",GO:0044419,BP,biological process involved in interspecies interaction between organisms,71,645,921,14575,0.005491734871374334
ANA,"MORFR top 1,000",GO:0043207,BP,response to external biotic stimulus,71,645,928,14575,0.005802321600049794
ANA,"MORFR top 1,000",GO:0050671,BP,positive regulation of lymphocyte proliferation,18,645,120,14575,0.00583434009033865
ANA,"MORFR top 1,000",GO:1903039,BP,positive regulation of leukocyte cell-cell adhesion,27,645,237,14575,0.006372319851282894
ANA,"MORFR top 1,000",GO:0032946,BP,positive regulation of mononuclear cell proliferation,18,645,123,14575,0.006760851928221287
ANA,"MORFR top 1,000",GO:0070665,BP,positive regulation of leukocyte proliferation,19,645,136,14575,0.007096161697651421
ANA,"MORFR top 1,000",GO:0001819,BP,positive regulation of cytokine production,38,645,397,14575,0.007096161697651421
ANA,"MORFR top 1,000",GO:0009607,BP,response to biotic stimulus,72,645,963,14575,0.007621915968173567
ANA,"MORFR top 1,000",GO:0050870,BP,positive regulation of T cell activation,25,645,217,14575,0.008305810028198558
ANA,"MORFR top 1,000",GO:0001817,BP,regulation of cytokine production,52,645,625,14575,0.009831298862253576
ANA,"MORFR top 1,000",GO:0002250,BP,adaptive immune response,26,645,236,14575,0.011283595610150644
ANA,"MORFR top 1,000",GO:0046641,BP,positive regulation of alpha-beta T cell proliferation,7,645,21,14575,0.01348924913266786
ANA,"MORFR top 1,000",GO:0045071,BP,negative regulation of viral genome replication,10,645,46,14575,0.01536024998588818
ANA,"MORFR top 1,000",GO:0009116,BP,nucleoside metabolic process,10,645,47,14575,0.01799737183572043
ANA,"MORFR top 1,000",GO:0009615,BP,response to virus,30,645,301,14575,0.023864710674596272
ANA,"MORFR top 1,000",GO:1903037,BP,regulation of leukocyte cell-cell adhesion,30,645,309,14575,0.02962079158215783
ANA,"MORFR top 1,000",GO:0140546,BP,defense response to symbiont,45,645,547,14575,0.033147062174360746
ANA,"MORFR top 1,000",GO:0050863,BP,regulation of T cell activation,30,645,315,14575,0.03475334832802041
ANA,"MORFR top 1,000",GO:0019538,BP,protein metabolic process,73,645,2573,14575,0.006372319851282894
ANA,"MORFR top 1,000",GO:0043604,BP,amide biosynthetic process,2,645,340,14575,0.023864710674596272
ANA,"MORFR top 1,000",GO:0043170,BP,macromolecule metabolic process,143,645,4230,14575,0.03138026094931538
ANA,"MORFR top 1,000",GO:0009897,CC,external side of plasma membrane,33,645,302,14575,0.0008270112607853004
ANA,"MORFR top 1,000",GO:0098552,CC,side of membrane,47,645,511,14575,0.0008270112607853004
ANA,"MORFR top 1,000",GO:0043229,CC,intracellular organelle,302,645,8357,14575,4.567418509012425e-05
ANA,"MORFR top 1,000",GO:0043231,CC,intracellular membrane-bounded organelle,264,645,7496,14575,4.567418509012425e-05
ANA,"MORFR top 1,000",GO:0005634,CC,nucleus,137,645,4443,14575,5.3231061984012547e-05
ANA,"MORFR top 1,000",GO:0043226,CC,organelle,347,645,9156,14575,0.0008270112607853004
ANA,"MORFR top 1,000",GO:0043227,CC,membrane-bounded organelle,315,645,8415,14575,0.0010346741570781556
ANA,"MORFR top 1,000",GO:0140375,MF,immune receptor activity,16,645,119,14575,0.046370781577832906
ANA,"MORFR top 1,000",GO:0003823,MF,antigen binding,11,645,64,14575,0.048740853777627886
ANA,"MORFR top 1,000",GO:0004888,MF,transmembrane signaling receptor activity,44,645,542,14575,0.048740853777627886
ANA,"MORFR top 1,000",GO:0005488,MF,binding,478,645,12016,14575,0.0002693412861885931
ANA,"MORFR top 1,000",GO:0043169,MF,cation binding,101,645,3424,14575,0.001664109943633729
ANA,"MORFR top 1,000",GO:0046872,MF,metal ion binding,100,645,3368,14575,0.0020074795899639227
ANA,"MORFR top 1,000",GO:0043167,MF,ion binding,156,645,4764,14575,0.002059317100419766
ANA,"MORFR top 1,000",GO:0036094,MF,small molecule binding,163,645,4913,14575,0.002448798216349157
ANA,"MORFR top 1,000",GO:0003674,MF,molecular_function,528,645,12770,14575,0.013307266759465456
ANA,"MORFR top 1,000",GO:0042393,MF,histone binding,0,645,221,14575,0.048740853777627886
RF,DESeq2,GO:0002376,BP,immune system process,307,755,1381,14575,8.811334223105331e-121
RF,DESeq2,GO:0006955,BP,immune response,237,755,827,14575,9.036769878997467e-115
RF,DESeq2,GO:0002250,BP,adaptive immune response,110,755,236,14575,7.006483279475902e-75
RF,DESeq2,GO:0002682,BP,regulation of immune system process,227,755,1215,14575,9.322017220947783e-69
RF,DESeq2,GO:0002684,BP,positive regulation of immune system process,177,755,793,14575,7.12349516086576e-64
RF,DESeq2,GO:0050776,BP,regulation of immune response,167,755,712,14575,2.7866817714404757e-63
RF,DESeq2,GO:0006952,BP,defense response,185,755,943,14575,8.742967257871033e-58
RF,DESeq2,GO:0050778,BP,positive regulation of immune response,135,755,503,14575,1.074418315026135e-57
RF,DESeq2,GO:0043207,BP,response to external biotic stimulus,169,755,928,14575,2.0969738284573627e-47
RF,DESeq2,GO:0009607,BP,response to biotic stimulus,172,755,963,14575,3.611833888374293e-47
RF,DESeq2,GO:0045321,BP,leukocyte activation,114,755,448,14575,1.7115603088594756e-45
RF,DESeq2,GO:0046649,BP,lymphocyte activation,103,755,367,14575,4.309833775190015e-45
RF,DESeq2,GO:0051707,BP,response to other organism,146,755,770,14575,1.7448576792337228e-42
RF,DESeq2,GO:0001775,BP,cell activation,117,755,517,14575,3.061624205147789e-41
RF,DESeq2,GO:0002694,BP,regulation of leukocyte activation,111,755,469,14575,5.635942548047324e-41
RF,DESeq2,GO:0051249,BP,regulation of lymphocyte activation,105,755,423,14575,1.1688144537843529e-40
RF,DESeq2,GO:0044419,BP,biological process involved in interspecies interaction between organisms,157,755,921,14575,4.99773552155951e-40
RF,DESeq2,GO:0098542,BP,defense response to other organism,125,755,619,14575,7.849933985942435e-39
RF,DESeq2,GO:0050865,BP,regulation of cell activation,113,755,513,14575,1.3306044100891152e-38
RF,DESeq2,GO:0002764,BP,immune response-regulating signaling pathway,81,755,282,14575,7.94484291677943e-36
RF,DESeq2,GO:0050896,BP,response to stimulus,362,755,3849,14575,7.94484291677943e-36
RF,DESeq2,GO:0002253,BP,activation of immune response,84,755,306,14575,1.255566141936926e-35
RF,DESeq2,GO:0140546,BP,defense response to symbiont,111,755,547,14575,2.2880495909444008e-34
RF,DESeq2,GO:0009605,BP,response to external stimulus,185,755,1375,14575,2.4960400745009443e-33
RF,DESeq2,GO:0002252,BP,immune effector process,77,755,284,14575,4.2844751899239526e-32
RF,DESeq2,GO:0050863,BP,regulation of T cell activation,81,755,315,14575,4.4214224920144885e-32
RF,DESeq2,GO:0042110,BP,T cell activation,70,755,239,14575,2.33830879479203e-31
RF,DESeq2,GO:0002757,BP,immune response-activating signaling pathway,72,755,255,14575,3.5614666683270492e-31
RF,DESeq2,GO:0048584,BP,positive regulation of response to stimulus,211,755,1770,14575,5.6540302074790815e-31
RF,DESeq2,GO:0002768,BP,immune response-regulating cell surface receptor signaling pathway,67,755,225,14575,1.8415516434709666e-30
RF,DESeq2,GO:0001817,BP,regulation of cytokine production,109,755,625,14575,1.1644658032794342e-27
RF,DESeq2,GO:0045087,BP,innate immune response,87,755,427,14575,1.3752750847432517e-26
RF,DESeq2,GO:0002429,BP,immune response-activating cell surface receptor signaling pathway,59,755,201,14575,2.885728958245656e-26
RF,DESeq2,GO:1903037,BP,regulation of leukocyte cell-cell adhesion,73,755,309,14575,3.0021706205623617e-26
RF,DESeq2,GO:0007166,BP,cell surface receptor signaling pathway,181,755,1507,14575,3.696571275863949e-26
RF,DESeq2,GO:0002697,BP,regulation of immune effector process,72,755,303,14575,4.6697434880516176e-26
RF,DESeq2,GO:0050851,BP,antigen receptor-mediated signaling pathway,48,755,132,14575,7.839945155256236e-26
RF,DESeq2,GO:0050670,BP,regulation of lymphocyte proliferation,57,755,191,14575,8.530509753777793e-26
RF,DESeq2,GO:0070663,BP,regulation of leukocyte proliferation,60,755,214,14575,1.302305520964011e-25
RF,DESeq2,GO:0032944,BP,regulation of mononuclear cell proliferation,57,755,194,14575,2.001042105761865e-25
RF,DESeq2,GO:0022407,BP,regulation of cell-cell adhesion,82,755,403,14575,5.390700387460557e-25
RF,DESeq2,GO:0002460,BP,adaptive immune response based on somatic recombination of immune receptors built from immunoglobulin superfamily domains,39,755,87,14575,7.457998193856678e-25
RF,DESeq2,GO:0002449,BP,lymphocyte mediated immunity,39,755,89,14575,2.1100318189459725e-24
RF,DESeq2,GO:0002696,BP,positive regulation of leukocyte activation,69,755,300,14575,4.436421662433984e-24
RF,DESeq2,GO:0001819,BP,positive regulation of cytokine production,80,755,397,14575,4.436421662433984e-24
RF,DESeq2,GO:0050867,BP,positive regulation of cell activation,70,755,314,14575,1.361016997337191e-23
RF,DESeq2,GO:0051251,BP,positive regulation of lymphocyte activation,66,755,283,14575,2.4043423153836866e-23
RF,DESeq2,GO:0002683,BP,negative regulation of immune system process,78,755,400,14575,1.730488597046102e-22
RF,DESeq2,GO:1903039,BP,positive regulation of leukocyte cell-cell adhesion,59,755,237,14575,2.7347491605352164e-22
RF,DESeq2,GO:0050870,BP,positive regulation of T cell activation,56,755,217,14575,6.2999816827955515e-22
RF,DESeq2,GO:0048583,BP,regulation of response to stimulus,282,755,3145,14575,9.613076572055913e-22
RF,DESeq2,GO:0002443,BP,leukocyte mediated immunity,39,755,103,14575,1.2579416143680219e-21
RF,DESeq2,GO:0048002,BP,antigen processing and presentation of peptide antigen,29,755,54,14575,4.083655301486326e-21
RF,DESeq2,GO:0051239,BP,regulation of multicellular organismal process,222,755,2267,14575,1.3906626450869654e-20
RF,DESeq2,GO:0032101,BP,regulation of response to external stimulus,118,755,866,14575,1.455343643486332e-20
RF,DESeq2,GO:0007165,BP,signal transduction,276,755,3118,14575,2.9222677632138797e-20
RF,DESeq2,GO:0022409,BP,positive regulation of cell-cell adhesion,61,755,276,14575,3.1168647216613124e-20
RF,DESeq2,GO:0042129,BP,regulation of T cell proliferation,43,755,141,14575,1.085936061290564e-19
RF,DESeq2,GO:0002831,BP,regulation of response to biotic stimulus,74,755,405,14575,1.4925794194458312e-19
RF,DESeq2,GO:0032103,BP,positive regulation of response to external stimulus,77,755,436,14575,1.78797160524109e-19
RF,DESeq2,GO:0031347,BP,regulation of defense response,94,755,617,14575,2.25640936253209e-19
RF,DESeq2,GO:0002703,BP,regulation of leukocyte mediated immunity,50,755,196,14575,2.7923933719879303e-19
RF,DESeq2,GO:0030155,BP,regulation of cell adhesion,98,755,666,14575,3.6096000214486554e-19
RF,DESeq2,GO:0019882,BP,antigen processing and presentation,34,755,88,14575,3.995708984296888e-19
RF,DESeq2,GO:1902105,BP,regulation of leukocyte differentiation,58,755,267,14575,7.850661288566298e-19
RF,DESeq2,GO:0009617,BP,response to bacterium,54,755,237,14575,1.8184382537310287e-18
RF,DESeq2,GO:0006959,BP,humoral immune response,39,755,124,14575,2.373210248129416e-18
RF,DESeq2,GO:1903131,BP,mononuclear cell differentiation,54,755,242,14575,4.9413688870296744e-18
RF,DESeq2,GO:0070665,BP,positive regulation of leukocyte proliferation,40,755,136,14575,1.1412990197846934e-17
RF,DESeq2,GO:0002478,BP,antigen processing and presentation of exogenous peptide antigen,22,755,36,14575,1.5032842801025516e-17
RF,DESeq2,GO:0006954,BP,inflammatory response,68,755,379,14575,1.7962161630596734e-17
RF,DESeq2,GO:0002521,BP,leukocyte differentiation,60,755,303,14575,1.927392769242118e-17
RF,DESeq2,GO:0002699,BP,positive regulation of immune effector process,48,755,200,14575,2.5119291956627456e-17
RF,DESeq2,GO:0006950,BP,response to stress,221,755,2400,14575,2.9439052038906957e-17
RF,DESeq2,GO:0050671,BP,positive regulation of lymphocyte proliferation,37,755,120,14575,4.4828096080817054e-17
RF,DESeq2,GO:0019221,BP,cytokine-mediated signaling pathway,59,755,299,14575,4.4828096080817054e-17
RF,DESeq2,GO:0002819,BP,regulation of adaptive immune response,43,755,164,14575,5.312001334464981e-17
RF,DESeq2,GO:0032946,BP,positive regulation of mononuclear cell proliferation,37,755,123,14575,1.1015596815696634e-16
RF,DESeq2,GO:0051240,BP,positive regulation of multicellular organismal process,142,755,1286,14575,1.6440410898248963e-16
RF,DESeq2,GO:0042113,BP,B cell activation,40,755,146,14575,1.6695080861810165e-16
RF,DESeq2,GO:1903706,BP,regulation of hemopoiesis,62,755,337,14575,1.9775306661297107e-16
RF,DESeq2,GO:0019884,BP,antigen processing and presentation of exogenous antigen,23,755,45,14575,4.719412330244396e-16
RF,DESeq2,GO:0001910,BP,regulation of leukocyte mediated cytotoxicity,28,755,71,14575,5.875568976688297e-16
RF,DESeq2,GO:0050864,BP,regulation of B cell activation,35,755,115,14575,6.076730114349013e-16
RF,DESeq2,GO:0002822,BP,regulation of adaptive immune response based on somatic recombination of immune receptors built from immunoglobulin superfamily domains,40,755,152,14575,7.570912470161972e-16
RF,DESeq2,GO:0050853,BP,B cell receptor signaling pathway,23,755,47,14575,1.5877838719759138e-15
RF,DESeq2,GO:0046651,BP,lymphocyte proliferation,32,755,98,14575,1.5877838719759138e-15
RF,DESeq2,GO:0045619,BP,regulation of lymphocyte differentiation,43,755,179,14575,1.6663355770877849e-15
RF,DESeq2,GO:0070661,BP,leukocyte proliferation,35,755,119,14575,1.9153407157411616e-15
RF,DESeq2,GO:0031341,BP,regulation of cell killing,29,755,80,14575,2.029151916980141e-15
RF,DESeq2,GO:0030098,BP,lymphocyte differentiation,46,755,205,14575,2.029151916980141e-15
RF,DESeq2,GO:0045785,BP,positive regulation of cell adhesion,68,755,415,14575,2.0500946046109225e-15
RF,DESeq2,GO:0045088,BP,regulation of innate immune response,60,755,340,14575,5.0277529860867024e-15
RF,DESeq2,GO:0009615,BP,response to virus,56,755,301,14575,5.06720442752741e-15
RF,DESeq2,GO:0032943,BP,mononuclear cell proliferation,32,755,102,14575,5.471980822892561e-15
RF,DESeq2,GO:0002706,BP,regulation of lymphocyte mediated immunity,37,755,139,14575,7.933201746853897e-15
RF,DESeq2,GO:0001906,BP,cell killing,28,755,78,14575,9.124136208130448e-15
RF,DESeq2,GO:0035195,BP,miRNA-mediated post-transcriptional gene silencing,25,755,64,14575,3.988282108792043e-14
RF,DESeq2,GO:0002695,BP,negative regulation of leukocyte activation,37,755,146,14575,4.303752388903914e-14
RF,DESeq2,GO:0031349,BP,positive regulation of defense response,56,755,318,14575,5.895196821695686e-14
RF,DESeq2,GO:0042742,BP,defense response to bacterium,38,755,157,14575,8.681802602881369e-14
RF,DESeq2,GO:0042102,BP,positive regulation of T cell proliferation,28,755,85,14575,1.126113005230313e-13
RF,DESeq2,GO:0019724,BP,B cell mediated immunity,20,755,41,14575,1.923999205367627e-13
RF,DESeq2,GO:0002705,BP,positive regulation of leukocyte mediated immunity,32,755,115,14575,2.318866559589696e-13
RF,DESeq2,GO:0051607,BP,defense response to virus,44,755,216,14575,3.8206193058121563e-13
RF,DESeq2,GO:0050866,BP,negative regulation of cell activation,38,755,166,14575,5.741502146667278e-13
RF,DESeq2,GO:0050852,BP,T cell receptor signaling pathway,29,755,97,14575,5.847347025134715e-13
RF,DESeq2,GO:1903555,BP,regulation of tumor necrosis factor superfamily cytokine production,36,755,150,14575,6.206999451295394e-13
RF,DESeq2,GO:0002704,BP,negative regulation of leukocyte mediated immunity,22,755,54,14575,7.608321848243737e-13
RF,DESeq2,GO:0045580,BP,regulation of T cell differentiation,36,755,151,14575,7.625390937424245e-13
RF,DESeq2,GO:0048518,BP,positive regulation of biological process,350,755,4825,14575,1.0828812729389069e-12
RF,DESeq2,GO:0002833,BP,positive regulation of response to biotic stimulus,45,755,232,14575,1.150102525864941e-12
RF,DESeq2,GO:0046634,BP,regulation of alpha-beta T cell activation,28,755,93,14575,1.352758844645685e-12
RF,DESeq2,GO:0032680,BP,regulation of tumor necrosis factor production,35,755,146,14575,1.4612814162403605e-12
RF,DESeq2,GO:0051250,BP,negative regulation of lymphocyte activation,32,755,125,14575,2.7099255675719312e-12
RF,DESeq2,GO:0035194,BP,regulatory ncRNA-mediated post-transcriptional gene silencing,25,755,76,14575,3.4662800007230557e-12
RF,DESeq2,GO:0016064,BP,immunoglobulin mediated immune response,18,755,37,14575,4.537124479281252e-12
RF,DESeq2,GO:0031343,BP,positive regulation of cell killing,21,755,53,14575,5.497513139867236e-12
RF,DESeq2,GO:0050900,BP,leukocyte migration,39,755,187,14575,5.62666007258981e-12
RF,DESeq2,GO:0001912,BP,positive regulation of leukocyte mediated cytotoxicity,20,755,48,14575,6.883752782045572e-12
RF,DESeq2,GO:0071674,BP,mononuclear cell migration,26,755,85,14575,7.18404439902911e-12
RF,DESeq2,GO:0045089,BP,positive regulation of innate immune response,42,755,217,14575,8.758463669938459e-12
RF,DESeq2,GO:0046631,BP,alpha-beta T cell activation,24,755,73,14575,1.084663668061195e-11
RF,DESeq2,GO:0032649,BP,regulation of type II interferon production,26,755,88,14575,1.7522216635037243e-11
RF,DESeq2,GO:0002474,BP,antigen processing and presentation of peptide antigen via MHC class I,16,755,30,14575,1.7522216635037243e-11
RF,DESeq2,GO:0032729,BP,positive regulation of type II interferon production,22,755,62,14575,1.8977812040627217e-11
RF,DESeq2,GO:0002709,BP,regulation of T cell mediated immunity,24,755,75,14575,2.0643632643067707e-11
RF,DESeq2,GO:0002495,BP,antigen processing and presentation of peptide antigen via MHC class II,15,755,26,14575,2.0643632643067707e-11
RF,DESeq2,GO:0019886,BP,antigen processing and presentation of exogenous peptide antigen via MHC class II,15,755,26,14575,2.0643632643067707e-11
RF,DESeq2,GO:0051241,BP,negative regulation of multicellular organismal process,97,755,860,14575,2.421161557705941e-11
RF,DESeq2,GO:0042098,BP,T cell proliferation,22,755,63,14575,2.6794451661786437e-11
RF,DESeq2,GO:0050777,BP,negative regulation of immune response,34,755,153,14575,3.174454742850547e-11
RF,DESeq2,GO:0010628,BP,positive regulation of gene expression,100,755,908,14575,3.416631465947947e-11
RF,DESeq2,GO:0016441,BP,post-transcriptional gene silencing,25,755,84,14575,3.996818581799705e-11
RF,DESeq2,GO:0002504,BP,antigen processing and presentation of peptide or polysaccharide antigen via MHC class II,15,755,27,14575,4.2444921273087735e-11
RF,DESeq2,GO:0046635,BP,positive regulation of alpha-beta T cell activation,21,755,59,14575,5.870212344529532e-11
RF,DESeq2,GO:0002483,BP,antigen processing and presentation of endogenous peptide antigen,13,755,20,14575,9.213421834532905e-11
RF,DESeq2,GO:0001914,BP,regulation of T cell mediated cytotoxicity,17,755,38,14575,1.1399327656603522e-10
RF,DESeq2,GO:0002698,BP,negative regulation of immune effector process,26,755,95,14575,1.1482612222475837e-10
RF,DESeq2,GO:0002700,BP,regulation of production of molecular mediator of immune response,33,755,152,14575,1.3443333271579617e-10
RF,DESeq2,GO:0002501,BP,peptide antigen assembly with MHC protein complex,12,755,17,14575,1.5486548115247004e-10
RF,DESeq2,GO:0002824,BP,positive regulation of adaptive immune response based on somatic recombination of immune receptors built from immunoglobulin superfamily domains,26,755,98,14575,2.476064169288289e-10
RF,DESeq2,GO:0030595,BP,leukocyte chemotaxis,28,755,114,14575,2.7806878817799536e-10
RF,DESeq2,GO:0060326,BP,cell chemotaxis,34,755,166,14575,3.447633890622204e-10
RF,DESeq2,GO:0031047,BP,regulatory ncRNA-mediated gene silencing,25,755,92,14575,3.5747686353326643e-10
RF,DESeq2,GO:0001911,BP,negative regulation of leukocyte mediated cytotoxicity,13,755,22,14575,5.062752300612986e-10
RF,DESeq2,GO:0072676,BP,lymphocyte migration,20,755,59,14575,5.56197436257574e-10
RF,DESeq2,GO:0034341,BP,response to type II interferon,25,755,94,14575,5.921654199663176e-10
RF,DESeq2,GO:0002503,BP,peptide antigen assembly with MHC class II protein complex,10,755,12,14575,6.952914565036888e-10
RF,DESeq2,GO:0002708,BP,positive regulation of lymphocyte mediated immunity,25,755,95,14575,7.509434524329909e-10
RF,DESeq2,GO:0050868,BP,negative regulation of T cell activation,25,755,95,14575,7.509434524329909e-10
RF,DESeq2,GO:0022408,BP,negative regulation of cell-cell adhesion,32,755,153,14575,7.888167555016823e-10
RF,DESeq2,GO:0019883,BP,antigen processing and presentation of endogenous antigen,14,755,27,14575,8.189815313979064e-10
RF,DESeq2,GO:0002821,BP,positive regulation of adaptive immune response,26,755,104,14575,1.0093994893776002e-09
RF,DESeq2,GO:0019885,BP,antigen processing and presentation of endogenous peptide antigen via MHC class I,12,755,19,14575,1.0437886159151646e-09
RF,DESeq2,GO:0031342,BP,negative regulation of cell killing,13,755,23,14575,1.0437886159151646e-09
RF,DESeq2,GO:0002707,BP,negative regulation of lymphocyte mediated immunity,17,755,43,14575,1.1600412427706458e-09
RF,DESeq2,GO:0002237,BP,response to molecule of bacterial origin,43,755,262,14575,1.1777441461495075e-09
RF,DESeq2,GO:1903038,BP,negative regulation of leukocyte cell-cell adhesion,26,755,105,14575,1.2398265632288842e-09
RF,DESeq2,GO:0002685,BP,regulation of leukocyte migration,36,755,193,14575,1.290238010477753e-09
RF,DESeq2,GO:0050854,BP,regulation of antigen receptor-mediated signaling pathway,20,755,63,14575,2.0278853168899894e-09
RF,DESeq2,GO:0006935,BP,chemotaxis,43,755,268,14575,2.4556167860132862e-09
RF,DESeq2,GO:0042330,BP,taxis,43,755,268,14575,2.4556167860132862e-09
RF,DESeq2,GO:0001818,BP,negative regulation of cytokine production,39,755,228,14575,2.8481582460628346e-09
RF,DESeq2,GO:1903557,BP,positive regulation of tumor necrosis factor superfamily cytokine production,24,755,94,14575,3.6312992179209422e-09
RF,DESeq2,GO:0001909,BP,leukocyte mediated cytotoxicity,17,755,46,14575,3.952126189925331e-09
RF,DESeq2,GO:0048522,BP,positive regulation of cellular process,313,755,4448,14575,5.437902949482503e-09
RF,DESeq2,GO:0032675,BP,regulation of interleukin-6 production,28,755,129,14575,5.739360488083221e-09
RF,DESeq2,GO:0070664,BP,negative regulation of leukocyte proliferation,21,755,74,14575,6.665725711193055e-09
RF,DESeq2,GO:0050672,BP,negative regulation of lymphocyte proliferation,20,755,67,14575,6.733331242026423e-09
RF,DESeq2,GO:0032945,BP,negative regulation of mononuclear cell proliferation,20,755,67,14575,6.733331242026423e-09
RF,DESeq2,GO:0032496,BP,response to lipopolysaccharide,40,755,246,14575,7.576040449201301e-09
RF,DESeq2,GO:1903708,BP,positive regulation of hemopoiesis,31,755,159,14575,9.697852665811389e-09
RF,DESeq2,GO:1902107,BP,positive regulation of leukocyte differentiation,31,755,159,14575,9.697852665811389e-09
RF,DESeq2,GO:0060284,BP,regulation of cell development,74,755,649,14575,1.044916064815326e-08
RF,DESeq2,GO:0032760,BP,positive regulation of tumor necrosis factor production,23,755,91,14575,1.0784654535991524e-08
RF,DESeq2,GO:0040011,BP,locomotion,43,755,281,14575,1.0856827959854446e-08
RF,DESeq2,GO:0050727,BP,regulation of inflammatory response,45,755,303,14575,1.102400528282284e-08
RF,DESeq2,GO:0002456,BP,T cell mediated immunity,13,755,27,14575,1.3206266928093499e-08
RF,DESeq2,GO:0141061,BP,disruption of cell in another organism,15,755,38,14575,1.6704454256097623e-08
RF,DESeq2,GO:0031640,BP,killing of cells of another organism,15,755,38,14575,1.6704454256097623e-08
RF,DESeq2,GO:2000107,BP,negative regulation of leukocyte apoptotic process,17,755,50,14575,1.6704454256097623e-08
RF,DESeq2,GO:0045058,BP,T cell selection,12,755,23,14575,1.9814677112682866e-08
RF,DESeq2,GO:0030217,BP,T cell differentiation,27,755,128,14575,2.2784765472599723e-08
RF,DESeq2,GO:2000106,BP,regulation of leukocyte apoptotic process,21,755,79,14575,2.3575886598095078e-08
RF,DESeq2,GO:0042127,BP,regulation of cell population proliferation,120,755,1310,14575,2.526351259343474e-08
RF,DESeq2,GO:0030888,BP,regulation of B cell proliferation,18,755,58,14575,2.668530883607723e-08
RF,DESeq2,GO:0042269,BP,regulation of natural killer cell mediated cytotoxicity,14,755,34,14575,3.3253895084050144e-08
RF,DESeq2,GO:0070098,BP,chemokine-mediated signaling pathway,19,755,66,14575,3.6356403704463264e-08
RF,DESeq2,GO:0002407,BP,dendritic cell chemotaxis,10,755,16,14575,5.511808058679952e-08
RF,DESeq2,GO:0141060,BP,disruption of anatomical structure in another organism,15,755,41,14575,5.6279630264128265e-08
RF,DESeq2,GO:0034097,BP,response to cytokine,58,755,470,14575,5.89469615226827e-08
RF,DESeq2,GO:0050729,BP,positive regulation of inflammatory response,25,755,116,14575,6.111972331390978e-08
RF,DESeq2,GO:0042130,BP,negative regulation of T cell proliferation,17,755,54,14575,6.137191869092076e-08
RF,DESeq2,GO:0032655,BP,regulation of interleukin-12 production,17,755,54,14575,6.137191869092076e-08
RF,DESeq2,GO:0030183,BP,B cell differentiation,22,755,91,14575,6.137191869092076e-08
RF,DESeq2,GO:0002718,BP,regulation of cytokine production involved in immune response,23,755,101,14575,8.974056778505847e-08
RF,DESeq2,GO:0032653,BP,regulation of interleukin-10 production,16,755,49,14575,1.0290584013877777e-07
RF,DESeq2,GO:0050871,BP,positive regulation of B cell activation,19,755,70,14575,1.0351450355931246e-07
RF,DESeq2,GO:0002687,BP,positive regulation of leukocyte migration,26,755,128,14575,1.0522138633576239e-07
RF,DESeq2,GO:0002715,BP,regulation of natural killer cell mediated immunity,14,755,37,14575,1.1742770197845302e-07
RF,DESeq2,GO:0045061,BP,thymic T cell selection,10,755,17,14575,1.2003492556405033e-07
RF,DESeq2,GO:0032501,BP,multicellular organismal process,189,755,2428,14575,1.2397102388034498e-07
RF,DESeq2,GO:0043383,BP,negative T cell selection,8,755,10,14575,1.331735736112273e-07
RF,DESeq2,GO:0080134,BP,regulation of response to stress,104,755,1112,14575,1.4222587816148752e-07
RF,DESeq2,GO:0006968,BP,cellular defense response,14,755,38,14575,1.7314201364788862e-07
RF,DESeq2,GO:0002710,BP,negative regulation of T cell mediated immunity,11,755,22,14575,1.7935263722535183e-07
RF,DESeq2,GO:0043067,BP,regulation of programmed cell death,111,755,1221,14575,1.927227556573152e-07
RF,DESeq2,GO:0045621,BP,positive regulation of lymphocyte differentiation,24,755,114,14575,2.0208483738642113e-07
RF,DESeq2,GO:0002820,BP,negative regulation of adaptive immune response,15,755,45,14575,2.2961160451971265e-07
RF,DESeq2,GO:0010033,BP,response to organic substance,136,755,1604,14575,2.3085548856543487e-07
RF,DESeq2,GO:0002428,BP,antigen processing and presentation of peptide antigen via MHC class Ib,9,755,14,14575,2.5423708142041176e-07
RF,DESeq2,GO:0008284,BP,positive regulation of cell population proliferation,76,755,729,14575,3.002574552629318e-07
RF,DESeq2,GO:0001916,BP,positive regulation of T cell mediated cytotoxicity,12,755,28,14575,3.002574552629318e-07
RF,DESeq2,GO:0036336,BP,dendritic cell migration,11,755,23,14575,3.1636409488659615e-07
RF,DESeq2,GO:0002218,BP,activation of innate immune response,26,755,135,14575,3.2218742837434784e-07
RF,DESeq2,GO:0046637,BP,regulation of alpha-beta T cell differentiation,17,755,60,14575,3.38977900581922e-07
RF,DESeq2,GO:0045582,BP,positive regulation of T cell differentiation,22,755,100,14575,3.6913397537546836e-07
RF,DESeq2,GO:0002832,BP,negative regulation of response to biotic stimulus,22,755,100,14575,3.6913397537546836e-07
RF,DESeq2,GO:0050794,BP,regulation of cellular process,492,755,8018,14575,3.9755462846040864e-07
RF,DESeq2,GO:0071346,BP,cellular response to type II interferon,19,755,76,14575,4.2158998234589945e-07
RF,DESeq2,GO:0007162,BP,negative regulation of cell adhesion,36,755,239,14575,4.299380423308585e-07
RF,DESeq2,GO:0036037,BP,"CD8-positive, alpha-beta T cell activation",7,755,8,14575,4.4500735378930333e-07
RF,DESeq2,GO:0032663,BP,regulation of interleukin-2 production,16,755,54,14575,4.531113078662072e-07
RF,DESeq2,GO:0042100,BP,B cell proliferation,13,755,35,14575,5.289610828296628e-07
RF,DESeq2,GO:0032753,BP,positive regulation of interleukin-4 production,11,755,24,14575,5.314937767660263e-07
RF,DESeq2,GO:0031348,BP,negative regulation of defense response,33,755,210,14575,6.168095737038583e-07
RF,DESeq2,GO:0002823,BP,negative regulation of adaptive immune response based on somatic recombination of immune receptors built from immunoglobulin superfamily domains,14,755,42,14575,7.0948124799086e-07
RF,DESeq2,GO:0002688,BP,regulation of leukocyte chemotaxis,22,755,104,14575,7.645812708573652e-07
RF,DESeq2,GO:2000516,BP,"positive regulation of CD4-positive, alpha-beta T cell activation",13,755,36,14575,7.729088782848822e-07
RF,DESeq2,GO:0050766,BP,positive regulation of phagocytosis,16,755,56,14575,7.885718806458951e-07
RF,DESeq2,GO:0006956,BP,complement activation,13,755,37,14575,1.126302597928054e-06
RF,DESeq2,GO:0043368,BP,positive T cell selection,8,755,12,14575,1.1791439048585963e-06
RF,DESeq2,GO:0045953,BP,negative regulation of natural killer cell mediated cytotoxicity,9,755,16,14575,1.2010849324191072e-06
RF,DESeq2,GO:0046629,BP,gamma-delta T cell activation,9,755,16,14575,1.2010849324191072e-06
RF,DESeq2,GO:0009967,BP,positive regulation of signal transduction,110,755,1250,14575,1.2850680263552044e-06
RF,DESeq2,GO:0050856,BP,regulation of T cell receptor signaling pathway,14,755,44,14575,1.3507154499703852e-06
RF,DESeq2,GO:0050789,BP,regulation of biological process,508,755,8392,14575,1.3891536509243382e-06
RF,DESeq2,GO:0007159,BP,leukocyte cell-cell adhesion,15,755,51,14575,1.4058601472855872e-06
RF,DESeq2,GO:1903900,BP,regulation of viral life cycle,23,755,117,14575,1.4897228187357996e-06
RF,DESeq2,GO:0050792,BP,regulation of viral process,25,755,136,14575,1.5257850313718082e-06
RF,DESeq2,GO:0030890,BP,positive regulation of B cell proliferation,13,755,38,14575,1.568153152168401e-06
RF,DESeq2,GO:0045060,BP,negative thymic T cell selection,7,755,9,14575,1.7649333670667374e-06
RF,DESeq2,GO:0001776,BP,leukocyte homeostasis,18,755,75,14575,1.9080925376340905e-06
RF,DESeq2,GO:0072678,BP,T cell migration,11,755,27,14575,2.2219249168736247e-06
RF,DESeq2,GO:0045589,BP,regulation of regulatory T cell differentiation,11,755,27,14575,2.2219249168736247e-06
RF,DESeq2,GO:0010647,BP,positive regulation of cell communication,117,755,1372,14575,2.3040432313149346e-06
RF,DESeq2,GO:0002716,BP,negative regulation of natural killer cell mediated immunity,9,755,17,14575,2.3151140542971904e-06
RF,DESeq2,GO:0002484,BP,antigen processing and presentation of endogenous peptide antigen via MHC class I via ER pathway,8,755,13,14575,2.729051099725764e-06
RF,DESeq2,GO:0002476,BP,antigen processing and presentation of endogenous peptide antigen via MHC class Ib,8,755,13,14575,2.729051099725764e-06
RF,DESeq2,GO:0002507,BP,tolerance induction,8,755,13,14575,2.729051099725764e-06
RF,DESeq2,GO:2000514,BP,"regulation of CD4-positive, alpha-beta T cell activation",16,755,61,14575,2.774407992674674e-06
RF,DESeq2,GO:0002758,BP,innate immune response-activating signaling pathway,22,755,112,14575,2.882640523038432e-06
RF,DESeq2,GO:0019730,BP,antimicrobial humoral response,15,755,54,14575,3.1153246214127447e-06
RF,DESeq2,GO:0050921,BP,positive regulation of chemotaxis,23,755,122,14575,3.1890785989968847e-06
RF,DESeq2,GO:0023056,BP,positive regulation of signaling,117,755,1378,14575,3.2935959763108987e-06
RF,DESeq2,GO:0032673,BP,regulation of interleukin-4 production,11,755,28,14575,3.345696725022398e-06
RF,DESeq2,GO:0002366,BP,leukocyte activation involved in immune response,22,755,113,14575,3.345696725022398e-06
RF,DESeq2,GO:0048247,BP,lymphocyte chemotaxis,12,755,34,14575,3.393545258320813e-06
RF,DESeq2,GO:0050764,BP,regulation of phagocytosis,18,755,78,14575,3.451117465679702e-06
RF,DESeq2,GO:0032735,BP,positive regulation of interleukin-12 production,12,755,35,14575,4.817131001051287e-06
RF,DESeq2,GO:0002690,BP,positive regulation of leukocyte chemotaxis,18,755,80,14575,5.118950988284722e-06
RF,DESeq2,GO:0002263,BP,cell activation involved in immune response,22,755,116,14575,5.2856074961713725e-06
RF,DESeq2,GO:0042981,BP,regulation of apoptotic process,103,755,1183,14575,5.584301354791108e-06
RF,DESeq2,GO:0071222,BP,cellular response to lipopolysaccharide,24,755,136,14575,5.843430236698921e-06
RF,DESeq2,GO:0071219,BP,cellular response to molecule of bacterial origin,25,755,146,14575,5.85857598505499e-06
RF,DESeq2,GO:0070106,BP,interleukin-27-mediated signaling pathway,6,755,7,14575,6.291003869814256e-06
RF,DESeq2,GO:2000026,BP,regulation of multicellular organismal development,98,755,1106,14575,6.553735071409394e-06
RF,DESeq2,GO:0046638,BP,positive regulation of alpha-beta T cell differentiation,13,755,43,14575,7.406050918552723e-06
RF,DESeq2,GO:0002702,BP,positive regulation of production of molecular mediator of immune response,21,755,109,14575,7.553450772600539e-06
RF,DESeq2,GO:0071216,BP,cellular response to biotic stimulus,27,755,169,14575,7.904469899286453e-06
RF,DESeq2,GO:0002637,BP,regulation of immunoglobulin production,15,755,58,14575,8.128832966707573e-06
RF,DESeq2,GO:0045824,BP,negative regulation of innate immune response,17,755,75,14575,9.904353322001048e-06
RF,DESeq2,GO:0002260,BP,lymphocyte homeostasis,15,755,59,14575,1.0313765833533741e-05
RF,DESeq2,GO:0032693,BP,negative regulation of interleukin-10 production,8,755,15,14575,1.1215087786287969e-05
RF,DESeq2,GO:0002711,BP,positive regulation of T cell mediated immunity,14,755,52,14575,1.2025395438355583e-05
RF,DESeq2,GO:0065007,BP,biological regulation,517,755,8687,14575,1.2251541735032798e-05
RF,DESeq2,GO:0071310,BP,cellular response to organic substance,90,755,1001,14575,1.2251541735032798e-05
RF,DESeq2,GO:0045059,BP,positive thymic T cell selection,7,755,11,14575,1.2742709052978006e-05
RF,DESeq2,GO:0043370,BP,"regulation of CD4-positive, alpha-beta T cell differentiation",13,755,45,14575,1.2934618280477541e-05
RF,DESeq2,GO:0065009,BP,regulation of molecular function,128,755,1597,14575,1.5095563963926596e-05
RF,DESeq2,GO:0050920,BP,regulation of chemotaxis,28,755,186,14575,1.6102649946375114e-05
RF,DESeq2,GO:0031295,BP,T cell costimulation,12,755,39,14575,1.7170837431589913e-05
RF,DESeq2,GO:0071345,BP,cellular response to cytokine stimulus,43,755,362,14575,1.795531557330879e-05
RF,DESeq2,GO:0050790,BP,regulation of catalytic activity,98,755,1135,14575,1.898554985599633e-05
RF,DESeq2,GO:0002230,BP,positive regulation of defense response to virus by host,9,755,21,14575,1.9730595458076855e-05
RF,DESeq2,GO:0002475,BP,antigen processing and presentation via MHC class Ib,9,755,21,14575,1.9730595458076855e-05
RF,DESeq2,GO:0046641,BP,positive regulation of alpha-beta T cell proliferation,9,755,21,14575,1.9730595458076855e-05
RF,DESeq2,GO:0030593,BP,neutrophil chemotaxis,15,755,62,14575,1.9730595458076855e-05
RF,DESeq2,GO:0071675,BP,regulation of mononuclear cell migration,20,755,106,14575,1.9771629127339757e-05
RF,DESeq2,GO:0002643,BP,regulation of tolerance induction,8,755,16,14575,2.0248752880016875e-05
RF,DESeq2,GO:0002221,BP,pattern recognition receptor signaling pathway,19,755,97,14575,2.0786450396448856e-05
RF,DESeq2,GO:0002285,BP,lymphocyte activation involved in immune response,18,755,88,14575,2.1113519279430778e-05
RF,DESeq2,GO:0045807,BP,positive regulation of endocytosis,22,755,126,14575,2.1381854115820175e-05
RF,DESeq2,GO:0002312,BP,B cell activation involved in immune response,13,755,47,14575,2.1494466092387e-05
RF,DESeq2,GO:1902533,BP,positive regulation of intracellular signal transduction,78,755,840,14575,2.1747339802271313e-05
RF,DESeq2,GO:0031294,BP,lymphocyte costimulation,12,755,40,14575,2.2356346911763738e-05
RF,DESeq2,GO:0032102,BP,negative regulation of response to external stimulus,40,755,331,14575,2.390725189397373e-05
RF,DESeq2,GO:0002486,BP,"antigen processing and presentation of endogenous peptide antigen via MHC class I via ER pathway, TAP-independent",7,755,12,14575,2.7216462586678457e-05
RF,DESeq2,GO:0010629,BP,negative regulation of gene expression,75,755,802,14575,2.8267530730740184e-05
RF,DESeq2,GO:0045730,BP,respiratory burst,9,755,22,14575,3.051850328230943e-05
RF,DESeq2,GO:0043372,BP,"positive regulation of CD4-positive, alpha-beta T cell differentiation",10,755,28,14575,3.2253740333012665e-05
RF,DESeq2,GO:0051336,BP,regulation of hydrolase activity,61,755,608,14575,3.396329326006863e-05
RF,DESeq2,GO:0048872,BP,homeostasis of number of cells,24,755,151,14575,3.751118023366454e-05
RF,DESeq2,GO:0046640,BP,regulation of alpha-beta T cell proliferation,11,755,35,14575,3.8670357337399004e-05
RF,DESeq2,GO:0071621,BP,granulocyte chemotaxis,15,755,66,14575,4.418287082529073e-05
RF,DESeq2,GO:0070269,BP,pyroptosis,9,755,23,14575,4.668722313734926e-05
RF,DESeq2,GO:0001562,BP,response to protozoan,9,755,23,14575,4.668722313734926e-05
RF,DESeq2,GO:0048525,BP,negative regulation of viral process,16,755,75,14575,4.7670979387389354e-05
RF,DESeq2,GO:0032755,BP,positive regulation of interleukin-6 production,17,755,84,14575,4.8428286590822476e-05
RF,DESeq2,GO:0019722,BP,calcium-mediated signaling,22,755,133,14575,5.239667623829445e-05
RF,DESeq2,GO:0002864,BP,regulation of acute inflammatory response to antigenic stimulus,7,755,13,14575,5.382171903187364e-05
RF,DESeq2,GO:0043301,BP,negative regulation of leukocyte degranulation,7,755,13,14575,5.382171903187364e-05
RF,DESeq2,GO:0045591,BP,positive regulation of regulatory T cell differentiation,8,755,18,14575,5.810009272408708e-05
RF,DESeq2,GO:0001915,BP,negative regulation of T cell mediated cytotoxicity,6,755,9,14575,5.844195021157856e-05
RF,DESeq2,GO:0002883,BP,regulation of hypersensitivity,6,755,9,14575,5.844195021157856e-05
RF,DESeq2,GO:2000404,BP,regulation of T cell migration,12,755,44,14575,6.519517769257008e-05
RF,DESeq2,GO:0070228,BP,regulation of lymphocyte apoptotic process,13,755,52,14575,7.051054146652898e-05
RF,DESeq2,GO:0032720,BP,negative regulation of tumor necrosis factor production,13,755,52,14575,7.051054146652898e-05
RF,DESeq2,GO:0045066,BP,regulatory T cell differentiation,5,755,6,14575,8.780851465532676e-05
RF,DESeq2,GO:0002639,BP,positive regulation of immunoglobulin production,11,755,38,14575,9.220946477782106e-05
RF,DESeq2,GO:1990266,BP,neutrophil migration,15,755,70,14575,9.305273924132153e-05
RF,DESeq2,GO:0045954,BP,positive regulation of natural killer cell mediated cytotoxicity,8,755,19,14575,9.305273924132153e-05
RF,DESeq2,GO:0016477,BP,cell migration,65,755,688,14575,9.421869368007501e-05
RF,DESeq2,GO:0043373,BP,"CD4-positive, alpha-beta T cell lineage commitment",7,755,14,14575,9.87262902139757e-05
RF,DESeq2,GO:0001913,BP,T cell mediated cytotoxicity,7,755,14,14575,9.87262902139757e-05
RF,DESeq2,GO:0050857,BP,positive regulation of antigen receptor-mediated signaling pathway,9,755,25,14575,9.995111207677156e-05
RF,DESeq2,GO:0071677,BP,positive regulation of mononuclear cell migration,14,755,62,14575,0.00010235462867846938
RF,DESeq2,GO:0045071,BP,negative regulation of viral genome replication,12,755,46,14575,0.00010499880745910586
RF,DESeq2,GO:0002886,BP,regulation of myeloid leukocyte mediated immunity,13,755,54,14575,0.00010709528530707353
RF,DESeq2,GO:1903556,BP,negative regulation of tumor necrosis factor superfamily cytokine production,13,755,54,14575,0.00010709528530707353
RF,DESeq2,GO:0050830,BP,defense response to Gram-positive bacterium,13,755,54,14575,0.00010709528530707353
RF,DESeq2,GO:0050691,BP,regulation of defense response to virus by host,10,755,32,14575,0.00011848490017256352
RF,DESeq2,GO:0032743,BP,positive regulation of interleukin-2 production,10,755,32,14575,0.00011848490017256352
RF,DESeq2,GO:2001198,BP,regulation of dendritic cell differentiation,6,755,10,14575,0.0001315584837151551
RF,DESeq2,GO:0032479,BP,regulation of type I interferon production,19,755,110,14575,0.00013214361670770895
RF,DESeq2,GO:0002888,BP,positive regulation of myeloid leukocyte mediated immunity,8,755,20,14575,0.0001411660864378849
RF,DESeq2,GO:0042832,BP,defense response to protozoan,8,755,20,14575,0.0001411660864378849
RF,DESeq2,GO:0002577,BP,regulation of antigen processing and presentation,8,755,20,14575,0.0001411660864378849
RF,DESeq2,GO:0033993,BP,response to lipid,59,755,613,14575,0.0001506170422595971
RF,DESeq2,GO:0043029,BP,T cell homeostasis,10,755,33,14575,0.00015820525402483447
RF,DESeq2,GO:0070229,BP,negative regulation of lymphocyte apoptotic process,10,755,33,14575,0.00015820525402483447
RF,DESeq2,GO:0045577,BP,regulation of B cell differentiation,10,755,33,14575,0.00015820525402483447
RF,DESeq2,GO:0030334,BP,regulation of cell migration,71,755,789,14575,0.0001745493294952456
RF,DESeq2,GO:0097529,BP,myeloid leukocyte migration,18,755,103,14575,0.00019536855308049402
RF,DESeq2,GO:0002335,BP,mature B cell differentiation,9,755,27,14575,0.00019707576674242168
RF,DESeq2,GO:0006958,BP,"complement activation, classical pathway",9,755,27,14575,0.00019707576674242168
RF,DESeq2,GO:0050688,BP,regulation of defense response to virus,12,755,49,14575,0.00020421655106166438
RF,DESeq2,GO:0048870,BP,cell motility,68,755,746,14575,0.00020821364390978262
RF,DESeq2,GO:0002717,BP,positive regulation of natural killer cell mediated immunity,8,755,21,14575,0.00021022564339661477
RF,DESeq2,GO:0070233,BP,negative regulation of T cell apoptotic process,8,755,21,14575,0.00021022564339661477
RF,DESeq2,GO:0097530,BP,granulocyte migration,15,755,75,14575,0.00021148997785740007
RF,DESeq2,GO:0010720,BP,positive regulation of cell development,40,755,364,14575,0.0002404047356629717
RF,DESeq2,GO:0040012,BP,regulation of locomotion,75,755,853,14575,0.0002526094144202908
RF,DESeq2,GO:0070887,BP,cellular response to chemical stimulus,103,755,1288,14575,0.00025316279916004427
RF,DESeq2,GO:0002664,BP,regulation of T cell tolerance induction,6,755,11,14575,0.00025947109742208846
RF,DESeq2,GO:0002295,BP,T-helper cell lineage commitment,6,755,11,14575,0.00025947109742208846
RF,DESeq2,GO:0010818,BP,T cell chemotaxis,6,755,11,14575,0.00025947109742208846
RF,DESeq2,GO:0002477,BP,antigen processing and presentation of exogenous peptide antigen via MHC class Ib,4,755,4,14575,0.0002637080044511957
RF,DESeq2,GO:0043374,BP,"CD8-positive, alpha-beta T cell differentiation",4,755,4,14575,0.0002637080044511957
RF,DESeq2,GO:0035456,BP,response to interferon-beta,9,755,28,14575,0.00026715073777164647
RF,DESeq2,GO:0070232,BP,regulation of T cell apoptotic process,10,755,35,14575,0.000270298431511872
RF,DESeq2,GO:0002363,BP,alpha-beta T cell lineage commitment,7,755,16,14575,0.000270298431511872
RF,DESeq2,GO:1904892,BP,regulation of receptor signaling pathway via STAT,13,755,59,14575,0.00028030058097924197
RF,DESeq2,GO:0060760,BP,positive regulation of response to cytokine stimulus,13,755,59,14575,0.00028030058097924197
RF,DESeq2,GO:0042221,BP,response to chemical,147,755,2010,14575,0.00030090333221829816
RF,DESeq2,GO:0060759,BP,regulation of response to cytokine stimulus,22,755,150,14575,0.00033834315700324787
RF,DESeq2,GO:2000401,BP,regulation of lymphocyte migration,13,755,61,14575,0.000409004650721349
RF,DESeq2,GO:0043369,BP,"CD4-positive or CD8-positive, alpha-beta T cell lineage commitment",7,755,17,14575,0.00043017109871496727
RF,DESeq2,GO:0002861,BP,regulation of inflammatory response to antigenic stimulus,10,755,37,14575,0.0004548003648191646
RF,DESeq2,GO:0002701,BP,negative regulation of production of molecular mediator of immune response,10,755,37,14575,0.0004548003648191646
RF,DESeq2,GO:0007204,BP,positive regulation of cytosolic calcium ion concentration,18,755,110,14575,0.00046828610213920524
RF,DESeq2,GO:1902531,BP,regulation of intracellular signal transduction,113,755,1474,14575,0.0006136330248110169
RF,DESeq2,GO:0019731,BP,antibacterial humoral response,8,755,24,14575,0.0006172403280590263
RF,DESeq2,GO:0002228,BP,natural killer cell mediated immunity,8,755,24,14575,0.0006172403280590263
RF,DESeq2,GO:0050860,BP,negative regulation of T cell receptor signaling pathway,8,755,24,14575,0.0006172403280590263
RF,DESeq2,GO:0002666,BP,positive regulation of T cell tolerance induction,5,755,8,14575,0.0006315359412739869
RF,DESeq2,GO:0035279,BP,miRNA-mediated gene silencing by mRNA destabilization,5,755,8,14575,0.0006315359412739869
RF,DESeq2,GO:0072540,BP,T-helper 17 cell lineage commitment,5,755,8,14575,0.0006315359412739869
RF,DESeq2,GO:0140507,BP,granzyme-mediated programmed cell death signaling pathway,5,755,8,14575,0.0006315359412739869
RF,DESeq2,GO:0050858,BP,negative regulation of antigen receptor-mediated signaling pathway,9,755,31,14575,0.0006398153010808076
RF,DESeq2,GO:0050869,BP,negative regulation of B cell activation,9,755,31,14575,0.0006398153010808076
RF,DESeq2,GO:0048519,BP,negative regulation of biological process,262,755,4048,14575,0.0006910366432564376
RF,DESeq2,GO:0038093,BP,Fc receptor signaling pathway,11,755,47,14575,0.0007237297224625781
RF,DESeq2,GO:0043068,BP,positive regulation of programmed cell death,46,755,460,14575,0.000772865430371573
RF,DESeq2,GO:2000145,BP,regulation of cell motility,71,755,826,14575,0.0007806430043453823
RF,DESeq2,GO:0046633,BP,alpha-beta T cell proliferation,6,755,13,14575,0.0008115345375682922
RF,DESeq2,GO:0032660,BP,regulation of interleukin-17 production,8,755,25,14575,0.000837750439575016
RF,DESeq2,GO:0007186,BP,G protein-coupled receptor signaling pathway,46,755,464,14575,0.0008419066043030484
RF,DESeq2,GO:0032715,BP,negative regulation of interleukin-6 production,10,755,40,14575,0.0009130134598133566
RF,DESeq2,GO:0009966,BP,regulation of signal transduction,168,755,2406,14575,0.0009397239670742737
RF,DESeq2,GO:2001185,BP,"regulation of CD8-positive, alpha-beta T cell activation",7,755,19,14575,0.000954972421806344
RF,DESeq2,GO:0051345,BP,positive regulation of hydrolase activity,41,755,400,14575,0.000967457506553168
RF,DESeq2,GO:0044093,BP,positive regulation of molecular function,82,755,995,14575,0.0009797144647914655
RF,DESeq2,GO:0046632,BP,alpha-beta T cell differentiation,11,755,49,14575,0.0010681120581621324
RF,DESeq2,GO:0045622,BP,regulation of T-helper cell differentiation,9,755,33,14575,0.0010681120581621324
RF,DESeq2,GO:2000406,BP,positive regulation of T cell migration,9,755,33,14575,0.0010681120581621324
RF,DESeq2,GO:0051715,BP,cytolysis in another organism,4,755,5,14575,0.0011298730522698562
RF,DESeq2,GO:0032831,BP,"positive regulation of CD4-positive, CD25-positive, alpha-beta regulatory T cell differentiation",4,755,5,14575,0.0011298730522698562
RF,DESeq2,GO:0032829,BP,"regulation of CD4-positive, CD25-positive, alpha-beta regulatory T cell differentiation",4,755,5,14575,0.0011298730522698562
RF,DESeq2,GO:0140639,BP,positive regulation of pyroptosis,4,755,5,14575,0.0011298730522698562
RF,DESeq2,GO:0001959,BP,regulation of cytokine-mediated signaling pathway,20,755,140,14575,0.0011479506552895724
RF,DESeq2,GO:0042590,BP,antigen processing and presentation of exogenous peptide antigen via MHC class I,5,755,9,14575,0.0012701669431905602
RF,DESeq2,GO:0002578,BP,negative regulation of antigen processing and presentation,5,755,9,14575,0.0012701669431905602
RF,DESeq2,GO:0098586,BP,cellular response to virus,11,755,50,14575,0.0012729263590733968
RF,DESeq2,GO:0043300,BP,regulation of leukocyte degranulation,10,755,42,14575,0.0013771672543220126
RF,DESeq2,GO:0140374,BP,antiviral innate immune response,10,755,42,14575,0.0013771672543220126
RF,DESeq2,GO:0008285,BP,negative regulation of cell population proliferation,53,755,574,14575,0.001435532913024592
RF,DESeq2,GO:0097028,BP,dendritic cell differentiation,8,755,27,14575,0.0014796251444088475
RF,DESeq2,GO:0002719,BP,negative regulation of cytokine production involved in immune response,8,755,27,14575,0.0014796251444088475
RF,DESeq2,GO:0043069,BP,negative regulation of programmed cell death,63,755,725,14575,0.0015219177333027775
RF,DESeq2,GO:1902106,BP,negative regulation of leukocyte differentiation,14,755,80,14575,0.0017608590388372566
RF,DESeq2,GO:1901222,BP,regulation of non-canonical NF-kappaB signal transduction,14,755,80,14575,0.0017608590388372566
RF,DESeq2,GO:0033209,BP,tumor necrosis factor-mediated signaling pathway,11,755,52,14575,0.0018186826489362063
RF,DESeq2,GO:0001961,BP,positive regulation of cytokine-mediated signaling pathway,11,755,52,14575,0.0018186826489362063
RF,DESeq2,GO:0002360,BP,T cell lineage commitment,7,755,21,14575,0.0018789742076038667
RF,DESeq2,GO:0032647,BP,regulation of interferon-alpha production,8,755,28,14575,0.0019302707588184178
RF,DESeq2,GO:0032652,BP,regulation of interleukin-1 production,15,755,91,14575,0.0019497403594809929
RF,DESeq2,GO:0070372,BP,regulation of ERK1 and ERK2 cascade,26,755,218,14575,0.002227698310271325
RF,DESeq2,GO:0002467,BP,germinal center formation,5,755,10,14575,0.0023155948469864352
RF,DESeq2,GO:0002645,BP,positive regulation of tolerance induction,5,755,10,14575,0.0023155948469864352
RF,DESeq2,GO:0002274,BP,myeloid leukocyte activation,16,755,103,14575,0.0023316876550603873
RF,DESeq2,GO:0051049,BP,regulation of transport,93,755,1203,14575,0.002375195624301823
RF,DESeq2,GO:0002313,BP,mature B cell differentiation involved in immune response,7,755,22,14575,0.002565468975759394
RF,DESeq2,GO:1903306,BP,negative regulation of regulated secretory pathway,7,755,22,14575,0.002565468975759394
RF,DESeq2,GO:0032703,BP,negative regulation of interleukin-2 production,7,755,22,14575,0.002565468975759394
RF,DESeq2,GO:0035458,BP,cellular response to interferon-beta,7,755,22,14575,0.002565468975759394
RF,DESeq2,GO:0008283,BP,cell population proliferation,51,755,560,14575,0.0026021540766347855
RF,DESeq2,GO:0050730,BP,regulation of peptidyl-tyrosine phosphorylation,22,755,173,14575,0.0026855432846334864
RF,DESeq2,GO:1901700,BP,response to oxygen-containing compound,84,755,1060,14575,0.0028159923081899196
RF,DESeq2,GO:1901739,BP,regulation of myoblast fusion,6,755,16,14575,0.0029452557058895867
RF,DESeq2,GO:0045069,BP,regulation of viral genome replication,13,755,74,14575,0.002950299448250898
RF,DESeq2,GO:0001794,BP,type IIa hypersensitivity,4,755,6,14575,0.002950299448250898
RF,DESeq2,GO:2001188,BP,regulation of T cell activation via T cell receptor contact with antigen bound to MHC molecule on antigen presenting cell,4,755,6,14575,0.002950299448250898
RF,DESeq2,GO:0002885,BP,positive regulation of hypersensitivity,4,755,6,14575,0.002950299448250898
RF,DESeq2,GO:0002445,BP,type II hypersensitivity,4,755,6,14575,0.002950299448250898
RF,DESeq2,GO:0001788,BP,antibody-dependent cellular cytotoxicity,4,755,6,14575,0.002950299448250898
RF,DESeq2,GO:0019835,BP,cytolysis,4,755,6,14575,0.002950299448250898
RF,DESeq2,GO:0051924,BP,regulation of calcium ion transport,22,755,175,14575,0.003122392473780413
RF,DESeq2,GO:0045637,BP,regulation of myeloid cell differentiation,21,755,163,14575,0.003123386368136981
RF,DESeq2,GO:0002724,BP,regulation of T cell cytokine production,8,755,30,14575,0.003135704236554691
RF,DESeq2,GO:0043299,BP,leukocyte degranulation,8,755,30,14575,0.003135704236554691
RF,DESeq2,GO:0002526,BP,acute inflammatory response,9,755,38,14575,0.0031765257223438843
RF,DESeq2,GO:2000403,BP,positive regulation of lymphocyte migration,9,755,38,14575,0.0031765257223438843
RF,DESeq2,GO:1903707,BP,negative regulation of hemopoiesis,14,755,85,14575,0.003238055449776668
RF,DESeq2,GO:0043066,BP,negative regulation of apoptotic process,60,755,702,14575,0.0033361637013340265
RF,DESeq2,GO:0042267,BP,natural killer cell mediated cytotoxicity,7,755,23,14575,0.0033720348430069705
RF,DESeq2,GO:0032722,BP,positive regulation of chemokine production,11,755,56,14575,0.0034372300496493882
RF,DESeq2,GO:0002712,BP,regulation of B cell mediated immunity,10,755,47,14575,0.0034471845634407943
RF,DESeq2,GO:0002889,BP,regulation of immunoglobulin mediated immune response,10,755,47,14575,0.0034471845634407943
RF,DESeq2,GO:0002604,BP,regulation of dendritic cell antigen processing and presentation,5,755,11,14575,0.003769297064251963
RF,DESeq2,GO:0033632,BP,regulation of cell-cell adhesion mediated by integrin,5,755,11,14575,0.003769297064251963
RF,DESeq2,GO:0002887,BP,negative regulation of myeloid leukocyte mediated immunity,5,755,11,14575,0.003769297064251963
RF,DESeq2,GO:0050731,BP,positive regulation of peptidyl-tyrosine phosphorylation,17,755,119,14575,0.0038019179605006835
RF,DESeq2,GO:0010646,BP,regulation of cell communication,180,755,2687,14575,0.003906988209341437
RF,DESeq2,GO:0043410,BP,positive regulation of MAPK cascade,36,755,357,14575,0.003931584500480926
RF,DESeq2,GO:0002519,BP,natural killer cell tolerance induction,3,755,3,14575,0.003931584500480926
RF,DESeq2,GO:2000523,BP,regulation of T cell costimulation,3,755,3,14575,0.003931584500480926
RF,DESeq2,GO:0002468,BP,dendritic cell antigen processing and presentation,3,755,3,14575,0.003931584500480926
RF,DESeq2,GO:0002316,BP,follicular B cell differentiation,3,755,3,14575,0.003931584500480926
RF,DESeq2,GO:0002730,BP,regulation of dendritic cell cytokine production,6,755,17,14575,0.004051367147853552
RF,DESeq2,GO:0050862,BP,positive regulation of T cell receptor signaling pathway,6,755,17,14575,0.004051367147853552
RF,DESeq2,GO:0032481,BP,positive regulation of type I interferon production,12,755,67,14575,0.00417495471281694
RF,DESeq2,GO:1901224,BP,positive regulation of non-canonical NF-kappaB signal transduction,11,755,58,14575,0.004603270292395035
RF,DESeq2,GO:0032651,BP,regulation of interleukin-1 beta production,13,755,78,14575,0.00476218177476199
RF,DESeq2,GO:0040017,BP,positive regulation of locomotion,45,755,490,14575,0.004763295166627901
RF,DESeq2,GO:0035710,BP,"CD4-positive, alpha-beta T cell activation",10,755,49,14575,0.004788227394484394
RF,DESeq2,GO:0030101,BP,natural killer cell activation,8,755,32,14575,0.004837917492895362
RF,DESeq2,GO:0045595,BP,regulation of cell differentiation,92,755,1215,14575,0.005246861892294756
RF,DESeq2,GO:0007155,BP,cell adhesion,61,755,725,14575,0.005377818354070569
RF,DESeq2,GO:0032677,BP,regulation of interleukin-8 production,12,755,69,14575,0.005462548474451126
RF,DESeq2,GO:0038094,BP,Fc-gamma receptor signaling pathway,7,755,25,14575,0.0056656881522271565
RF,DESeq2,GO:0002863,BP,positive regulation of inflammatory response to antigenic stimulus,5,755,12,14575,0.005901019479702524
RF,DESeq2,GO:0002673,BP,regulation of acute inflammatory response,8,755,33,14575,0.005959161919623863
RF,DESeq2,GO:0061844,BP,antimicrobial humoral immune response mediated by antimicrobial peptide,8,755,33,14575,0.005959161919623863
RF,DESeq2,GO:0048585,BP,negative regulation of response to stimulus,100,755,1345,14575,0.005960141687676284
RF,DESeq2,GO:0002911,BP,regulation of lymphocyte anergy,4,755,7,14575,0.005963561958506791
RF,DESeq2,GO:0002765,BP,immune response-inhibiting signal transduction,4,755,7,14575,0.005963561958506791
RF,DESeq2,GO:0002667,BP,regulation of T cell anergy,4,755,7,14575,0.005963561958506791
RF,DESeq2,GO:0002720,BP,positive regulation of cytokine production involved in immune response,12,755,70,14575,0.00614477562049687
RF,DESeq2,GO:0070374,BP,positive regulation of ERK1 and ERK2 cascade,19,755,148,14575,0.0062133791546457404
RF,DESeq2,GO:0043408,BP,regulation of MAPK cascade,46,755,511,14575,0.006216234536768923
RF,DESeq2,GO:0030100,BP,regulation of endocytosis,26,755,233,14575,0.006474775797281273
RF,DESeq2,GO:0030335,BP,positive regulation of cell migration,43,755,466,14575,0.006849227094194302
RF,DESeq2,GO:0002548,BP,monocyte chemotaxis,7,755,26,14575,0.007174373422070398
RF,DESeq2,GO:0032733,BP,positive regulation of interleukin-10 production,8,755,34,14575,0.007221891300853401
RF,DESeq2,GO:0010935,BP,regulation of macrophage cytokine production,8,755,34,14575,0.007221891300853401
RF,DESeq2,GO:0046425,BP,regulation of receptor signaling pathway via JAK-STAT,10,755,52,14575,0.007550775014656418
RF,DESeq2,GO:0042554,BP,superoxide anion generation,6,755,19,14575,0.007569835900785641
RF,DESeq2,GO:0048523,BP,negative regulation of cellular process,240,755,3795,14575,0.007621021052526661
RF,DESeq2,GO:0023051,BP,regulation of signaling,178,755,2685,14575,0.007635897270251383
RF,DESeq2,GO:0050793,BP,regulation of developmental process,132,755,1895,14575,0.007698846272462147
RF,DESeq2,GO:0043030,BP,regulation of macrophage activation,9,755,43,14575,0.0077057394014032774
RF,DESeq2,GO:0046007,BP,negative regulation of activated T cell proliferation,5,755,13,14575,0.008680632840743486
RF,DESeq2,GO:0150077,BP,regulation of neuroinflammatory response,7,755,27,14575,0.009004433504117974
RF,DESeq2,GO:0010604,BP,positive regulation of macromolecule metabolic process,178,755,2699,14575,0.009318823934572323
RF,DESeq2,GO:0031325,BP,positive regulation of cellular metabolic process,174,755,2634,14575,0.009869516950117636
RF,DESeq2,GO:0032642,BP,regulation of chemokine production,12,755,74,14575,0.00995930577129937
RF,DESeq2,GO:0009893,BP,positive regulation of metabolic process,192,755,2947,14575,0.010125236999354754
RF,DESeq2,GO:0030099,BP,myeloid cell differentiation,22,755,191,14575,0.010359700064981603
RF,DESeq2,GO:0002761,BP,regulation of myeloid leukocyte differentiation,14,755,96,14575,0.010394982426311834
RF,DESeq2,GO:2000109,BP,regulation of macrophage apoptotic process,4,755,8,14575,0.01065118735132648
RF,DESeq2,GO:0002524,BP,hypersensitivity,4,755,8,14575,0.01065118735132648
RF,DESeq2,GO:0033089,BP,positive regulation of T cell differentiation in thymus,4,755,8,14575,0.01065118735132648
RF,DESeq2,GO:2001187,BP,"positive regulation of CD8-positive, alpha-beta T cell activation",4,755,8,14575,0.01065118735132648
RF,DESeq2,GO:0002866,BP,positive regulation of acute inflammatory response to antigenic stimulus,4,755,8,14575,0.01065118735132648
RF,DESeq2,GO:0048871,BP,multicellular organismal-level homeostasis,35,755,364,14575,0.010795882105349684
RF,DESeq2,GO:0032648,BP,regulation of interferon-beta production,10,755,55,14575,0.01153614253191858
RF,DESeq2,GO:2000147,BP,positive regulation of cell motility,43,755,481,14575,0.012227747103362514
RF,DESeq2,GO:0051282,BP,regulation of sequestering of calcium ion,14,755,98,14575,0.012656662921622543
RF,DESeq2,GO:0043085,BP,positive regulation of catalytic activity,59,755,721,14575,0.012892912428129859
RF,DESeq2,GO:0050855,BP,regulation of B cell receptor signaling pathway,6,755,21,14575,0.01302086133869826
RF,DESeq2,GO:0060142,BP,regulation of syncytium formation by plasma membrane fusion,6,755,21,14575,0.01302086133869826
RF,DESeq2,GO:0090025,BP,regulation of monocyte chemotaxis,6,755,21,14575,0.01302086133869826
RF,DESeq2,GO:0002347,BP,response to tumor cell,6,755,21,14575,0.01302086133869826
RF,DESeq2,GO:0002774,BP,Fc receptor mediated inhibitory signaling pathway,3,755,4,14575,0.01302086133869826
RF,DESeq2,GO:0002387,BP,immune response in gut-associated lymphoid tissue,3,755,4,14575,0.01302086133869826
RF,DESeq2,GO:2001199,BP,negative regulation of dendritic cell differentiation,3,755,4,14575,0.01302086133869826
RF,DESeq2,GO:0042270,BP,protection from natural killer cell mediated cytotoxicity,3,755,4,14575,0.01302086133869826
RF,DESeq2,GO:0031580,BP,membrane raft distribution,3,755,4,14575,0.01302086133869826
RF,DESeq2,GO:0034124,BP,regulation of MyD88-dependent toll-like receptor signaling pathway,3,755,4,14575,0.01302086133869826
RF,DESeq2,GO:0002892,BP,regulation of type II hypersensitivity,3,755,4,14575,0.01302086133869826
RF,DESeq2,GO:0001796,BP,regulation of type IIa hypersensitivity,3,755,4,14575,0.01302086133869826
RF,DESeq2,GO:0002573,BP,myeloid leukocyte differentiation,15,755,110,14575,0.013114371542664264
RF,DESeq2,GO:0032728,BP,positive regulation of interferon-beta production,8,755,38,14575,0.014867731730046794
RF,DESeq2,GO:0032732,BP,positive regulation of interleukin-1 production,10,755,57,14575,0.015012230755870782
RF,DESeq2,GO:0043065,BP,positive regulation of apoptotic process,40,755,443,14575,0.015648417618508735
RF,DESeq2,GO:0090023,BP,positive regulation of neutrophil chemotaxis,6,755,22,14575,0.0166234209287855
RF,DESeq2,GO:0061756,BP,leukocyte adhesion to vascular endothelial cell,6,755,22,14575,0.0166234209287855
RF,DESeq2,GO:0002825,BP,regulation of T-helper 1 type immune response,6,755,22,14575,0.0166234209287855
RF,DESeq2,GO:1903902,BP,positive regulation of viral life cycle,6,755,22,14575,0.0166234209287855
RF,DESeq2,GO:0043903,BP,regulation of biological process involved in symbiotic interaction,9,755,48,14575,0.016634806613372428
RF,DESeq2,GO:0001782,BP,B cell homeostasis,7,755,30,14575,0.016634806613372428
RF,DESeq2,GO:0045579,BP,positive regulation of B cell differentiation,5,755,15,14575,0.017053014400228682
RF,DESeq2,GO:0010819,BP,regulation of T cell chemotaxis,5,755,15,14575,0.017053014400228682
RF,DESeq2,GO:0001768,BP,establishment of T cell polarity,4,755,9,14575,0.017289444964958264
RF,DESeq2,GO:0035739,BP,"CD4-positive, alpha-beta T cell proliferation",4,755,9,14575,0.017289444964958264
RF,DESeq2,GO:2000508,BP,regulation of dendritic cell chemotaxis,4,755,9,14575,0.017289444964958264
RF,DESeq2,GO:0031666,BP,positive regulation of lipopolysaccharide-mediated signaling pathway,4,755,9,14575,0.017289444964958264
RF,DESeq2,GO:0032879,BP,regulation of localization,109,755,1550,14575,0.019502832367844634
RF,DESeq2,GO:0002714,BP,positive regulation of B cell mediated immunity,7,755,31,14575,0.02007999560423996
RF,DESeq2,GO:0002891,BP,positive regulation of immunoglobulin mediated immune response,7,755,31,14575,0.02007999560423996
RF,DESeq2,GO:0045920,BP,negative regulation of exocytosis,7,755,31,14575,0.02007999560423996
RF,DESeq2,GO:0043122,BP,regulation of canonical NF-kappaB signal transduction,26,755,254,14575,0.02007999560423996
RF,DESeq2,GO:0045620,BP,negative regulation of lymphocyte differentiation,8,755,40,14575,0.020464149030186608
RF,DESeq2,GO:0050848,BP,regulation of calcium-mediated signaling,11,755,70,14575,0.020570007658574176
RF,DESeq2,GO:1901623,BP,regulation of lymphocyte chemotaxis,6,755,23,14575,0.02074637995777323
RF,DESeq2,GO:0071624,BP,positive regulation of granulocyte chemotaxis,6,755,23,14575,0.02074637995777323
RF,DESeq2,GO:0032727,BP,positive regulation of interferon-alpha production,6,755,23,14575,0.02074637995777323
RF,DESeq2,GO:0030336,BP,negative regulation of cell migration,26,755,255,14575,0.020748247013417775
RF,DESeq2,GO:0141124,BP,intracellular signaling cassette,55,755,675,14575,0.021271615510106166
RF,DESeq2,GO:0052547,BP,regulation of peptidase activity,25,755,240,14575,0.022294287115931632
RF,DESeq2,GO:0060263,BP,regulation of respiratory burst,5,755,16,14575,0.02287558303170874
RF,DESeq2,GO:0090026,BP,positive regulation of monocyte chemotaxis,5,755,16,14575,0.02287558303170874
RF,DESeq2,GO:0071731,BP,response to nitric oxide,5,755,16,14575,0.02287558303170874
RF,DESeq2,GO:0035556,BP,intracellular signal transduction,90,755,1242,14575,0.023016654006532904
RF,DESeq2,GO:0034113,BP,heterotypic cell-cell adhesion,7,755,32,14575,0.023879562646293623
RF,DESeq2,GO:0002920,BP,regulation of humoral immune response,7,755,32,14575,0.023879562646293623
RF,DESeq2,GO:0031663,BP,lipopolysaccharide-mediated signaling pathway,7,755,32,14575,0.023879562646293623
RF,DESeq2,GO:0051050,BP,positive regulation of transport,53,755,651,14575,0.023879562646293623
RF,DESeq2,GO:0060627,BP,regulation of vesicle-mediated transport,38,755,422,14575,0.02442032504933984
RF,DESeq2,GO:2000316,BP,regulation of T-helper 17 type immune response,6,755,24,14575,0.02583393607271951
RF,DESeq2,GO:0001767,BP,establishment of lymphocyte polarity,4,755,10,14575,0.02608200609605853
RF,DESeq2,GO:2000563,BP,"positive regulation of CD4-positive, alpha-beta T cell proliferation",4,755,10,14575,0.02608200609605853
RF,DESeq2,GO:0032372,BP,negative regulation of sterol transport,4,755,10,14575,0.02608200609605853
RF,DESeq2,GO:0032661,BP,regulation of interleukin-18 production,4,755,10,14575,0.02608200609605853
RF,DESeq2,GO:0032375,BP,negative regulation of cholesterol transport,4,755,10,14575,0.02608200609605853
RF,DESeq2,GO:0044409,BP,symbiont entry into host,12,755,84,14575,0.02782699294196689
RF,DESeq2,GO:0002314,BP,germinal center B cell differentiation,3,755,5,14575,0.028074662069201523
RF,DESeq2,GO:0034154,BP,toll-like receptor 7 signaling pathway,3,755,5,14575,0.028074662069201523
RF,DESeq2,GO:2000110,BP,negative regulation of macrophage apoptotic process,3,755,5,14575,0.028074662069201523
RF,DESeq2,GO:0002767,BP,immune response-inhibiting cell surface receptor signaling pathway,3,755,5,14575,0.028074662069201523
RF,DESeq2,GO:0051665,BP,membrane raft localization,3,755,5,14575,0.028074662069201523
RF,DESeq2,GO:0002835,BP,negative regulation of response to tumor cell,3,755,5,14575,0.028074662069201523
RF,DESeq2,GO:0002913,BP,positive regulation of lymphocyte anergy,3,755,5,14575,0.028074662069201523
RF,DESeq2,GO:0002418,BP,immune response to tumor cell,3,755,5,14575,0.028074662069201523
RF,DESeq2,GO:0002517,BP,T cell tolerance induction,3,755,5,14575,0.028074662069201523
RF,DESeq2,GO:0002669,BP,positive regulation of T cell anergy,3,755,5,14575,0.028074662069201523
RF,DESeq2,GO:0002838,BP,negative regulation of immune response to tumor cell,3,755,5,14575,0.028074662069201523
RF,DESeq2,GO:0032695,BP,negative regulation of interleukin-12 production,5,755,17,14575,0.029397333956363896
RF,DESeq2,GO:0032740,BP,positive regulation of interleukin-17 production,5,755,17,14575,0.029397333956363896
RF,DESeq2,GO:0043123,BP,positive regulation of canonical NF-kappaB signal transduction,21,755,192,14575,0.029942008154933118
RF,DESeq2,GO:0045937,BP,positive regulation of phosphate metabolic process,45,755,537,14575,0.03021738368156583
RF,DESeq2,GO:0010562,BP,positive regulation of phosphorus metabolic process,45,755,537,14575,0.03021738368156583
RF,DESeq2,GO:0071396,BP,cellular response to lipid,33,755,356,14575,0.030713848152198922
RF,DESeq2,GO:0052372,BP,modulation by symbiont of entry into host,8,755,43,14575,0.031056724563603887
RF,DESeq2,GO:0002753,BP,cytoplasmic pattern recognition receptor signaling pathway,9,755,53,14575,0.03130698480888879
RF,DESeq2,GO:0098609,BP,cell-cell adhesion,37,755,417,14575,0.03231050751555807
RF,DESeq2,GO:0045581,BP,negative regulation of T cell differentiation,7,755,34,14575,0.03280248830414998
RF,DESeq2,GO:0035723,BP,interleukin-15-mediated signaling pathway,4,755,11,14575,0.037271143583786234
RF,DESeq2,GO:0048302,BP,regulation of isotype switching to IgG isotypes,4,755,11,14575,0.037271143583786234
RF,DESeq2,GO:0046643,BP,regulation of gamma-delta T cell activation,4,755,11,14575,0.037271143583786234
RF,DESeq2,GO:0002438,BP,acute inflammatory response to antigenic stimulus,4,755,11,14575,0.037271143583786234
RF,DESeq2,GO:0010557,BP,positive regulation of macromolecule biosynthetic process,136,755,2046,14575,0.03748700666884388
RF,DESeq2,GO:2000146,BP,negative regulation of cell motility,26,755,265,14575,0.037491885113002485
RF,DESeq2,GO:0009595,BP,detection of biotic stimulus,6,755,26,14575,0.03764434556391399
RF,DESeq2,GO:2000561,BP,"regulation of CD4-positive, alpha-beta T cell proliferation",5,755,18,14575,0.03770359930646551
RF,DESeq2,GO:0006801,BP,superoxide metabolic process,7,755,35,14575,0.03850763852120524
RF,DESeq2,GO:2000116,BP,regulation of cysteine-type endopeptidase activity,18,755,162,14575,0.04199326972793162
RF,DESeq2,GO:0140888,BP,interferon-mediated signaling pathway,7,755,36,14575,0.04497411363713322
RF,DESeq2,GO:0033077,BP,T cell differentiation in thymus,7,755,36,14575,0.04497411363713322
RF,DESeq2,GO:0046596,BP,regulation of viral entry into host cell,7,755,36,14575,0.04497411363713322
RF,DESeq2,GO:0009988,BP,cell-cell recognition,7,755,36,14575,0.04497411363713322
RF,DESeq2,GO:0016445,BP,somatic diversification of immunoglobulins,7,755,36,14575,0.04497411363713322
RF,DESeq2,GO:0032689,BP,negative regulation of type II interferon production,6,755,27,14575,0.04537219465513323
RF,DESeq2,GO:0001960,BP,negative regulation of cytokine-mediated signaling pathway,10,755,67,14575,0.04592867934291136
RF,DESeq2,GO:0071622,BP,regulation of granulocyte chemotaxis,8,755,46,14575,0.04649830821622746
RF,DESeq2,GO:0002763,BP,positive regulation of myeloid leukocyte differentiation,8,755,46,14575,0.04649830821622746
RF,DESeq2,GO:0033081,BP,regulation of T cell differentiation in thymus,5,755,19,14575,0.047540804016488025
RF,DESeq2,GO:0050901,BP,leukocyte tethering or rolling,5,755,19,14575,0.047540804016488025
RF,DESeq2,GO:0098581,BP,detection of external biotic stimulus,5,755,19,14575,0.047540804016488025
RF,DESeq2,GO:0001773,BP,myeloid dendritic cell activation,5,755,19,14575,0.047540804016488025
RF,DESeq2,GO:0038113,BP,interleukin-9-mediated signaling pathway,3,755,6,14575,0.04943166972895176
RF,DESeq2,GO:0032957,BP,inositol trisphosphate metabolic process,3,755,6,14575,0.04943166972895176
RF,DESeq2,GO:0002858,BP,regulation of natural killer cell mediated cytotoxicity directed against tumor cell target,3,755,6,14575,0.04943166972895176
RF,DESeq2,GO:0002502,BP,peptide antigen assembly with MHC class I protein complex,3,755,6,14575,0.04943166972895176
RF,DESeq2,GO:0002855,BP,regulation of natural killer cell mediated immune response to tumor cell,3,755,6,14575,0.04943166972895176
RF,DESeq2,GO:0032741,BP,positive regulation of interleukin-18 production,3,755,6,14575,0.04943166972895176
RF,DESeq2,GO:0090370,BP,negative regulation of cholesterol efflux,3,755,6,14575,0.04943166972895176
RF,DESeq2,GO:0043320,BP,natural killer cell degranulation,3,755,6,14575,0.04943166972895176
RF,DESeq2,GO:0033634,BP,positive regulation of cell-cell adhesion mediated by integrin,3,755,6,14575,0.04943166972895176
RF,DESeq2,GO:0008152,BP,metabolic process,202,755,6034,14575,1.7752105027033114e-15
RF,DESeq2,GO:0044238,BP,primary metabolic process,169,755,5291,14575,5.611925454000218e-15
RF,DESeq2,GO:0071704,BP,organic substance metabolic process,184,755,5597,14575,9.124136208130448e-15
RF,DESeq2,GO:0044237,BP,cellular metabolic process,138,755,4578,14575,1.2572219860859721e-14
RF,DESeq2,GO:0034641,BP,cellular nitrogen compound metabolic process,56,755,2577,14575,1.2737485626152862e-14
RF,DESeq2,GO:0006807,BP,nitrogen compound metabolic process,157,755,4907,14575,2.226244103232052e-13
RF,DESeq2,GO:0006396,BP,RNA processing,2,755,752,14575,2.726909075865484e-13
RF,DESeq2,GO:0006725,BP,cellular aromatic compound metabolic process,51,755,2351,14575,4.840770187418114e-13
RF,DESeq2,GO:0046483,BP,heterocycle metabolic process,52,755,2344,14575,1.4612814162403605e-12
RF,DESeq2,GO:0006139,BP,nucleobase-containing compound metabolic process,47,755,2205,14575,1.6045722239020431e-12
RF,DESeq2,GO:0016070,BP,RNA metabolic process,15,755,1237,14575,2.343621007429269e-12
RF,DESeq2,GO:1901360,BP,organic cyclic compound metabolic process,60,755,2531,14575,2.951329594041787e-12
RF,DESeq2,GO:0090304,BP,nucleic acid metabolic process,32,755,1758,14575,4.522839083564346e-12
RF,DESeq2,GO:0043170,BP,macromolecule metabolic process,143,755,4230,14575,6.604318083230193e-09
RF,DESeq2,GO:0016071,BP,mRNA metabolic process,2,755,511,14575,5.0906446526426056e-08
RF,DESeq2,GO:0034660,BP,ncRNA metabolic process,1,755,452,14575,6.887544324601452e-08
RF,DESeq2,GO:0006397,BP,mRNA processing,1,755,371,14575,4.0294938166244654e-06
RF,DESeq2,GO:0006996,BP,organelle organization,57,755,2000,14575,4.4143609278785086e-06
RF,DESeq2,GO:0008380,BP,RNA splicing,0,755,315,14575,4.709202870892802e-06
RF,DESeq2,GO:1901576,BP,organic substance biosynthetic process,52,755,1874,14575,4.817131001051287e-06
RF,DESeq2,GO:0034470,BP,ncRNA processing,1,755,366,14575,5.899263004696835e-06
RF,DESeq2,GO:0071840,BP,cellular component organization or biogenesis,162,755,4303,14575,1.64047838882652e-05
RF,DESeq2,GO:0046907,BP,intracellular transport,22,755,1029,14575,2.5014026558401465e-05
RF,DESeq2,GO:0009058,BP,biosynthetic process,57,755,1918,14575,3.352461660018257e-05
RF,DESeq2,GO:0044249,BP,cellular biosynthetic process,52,755,1757,14575,9.305273924132153e-05
RF,DESeq2,GO:0016043,BP,cellular component organization,162,755,4206,14575,9.983720907950082e-05
RF,DESeq2,GO:0044271,BP,cellular nitrogen compound biosynthetic process,26,755,1082,14575,0.00016464852706593835
RF,DESeq2,GO:0006357,BP,regulation of transcription by RNA polymerase II,64,755,1999,14575,0.00028030058097924197
RF,DESeq2,GO:1901566,BP,organonitrogen compound biosynthetic process,16,755,777,14575,0.0003254169227731181
RF,DESeq2,GO:0051641,BP,cellular localization,62,755,1912,14575,0.0006543735186895312
RF,DESeq2,GO:1901362,BP,organic cyclic compound biosynthetic process,19,755,846,14575,0.0006682504161607028
RF,DESeq2,GO:1901564,BP,organonitrogen compound metabolic process,132,755,3448,14575,0.000954972421806344
RF,DESeq2,GO:0043412,BP,macromolecule modification,62,755,1883,14575,0.0011656856419719414
RF,DESeq2,GO:0000375,BP,"RNA splicing, via transesterification reactions",0,755,199,14575,0.0011887767646362754
RF,DESeq2,GO:0000398,BP,"mRNA splicing, via spliceosome",0,755,193,14575,0.0017306759387119112
RF,DESeq2,GO:0000377,BP,"RNA splicing, via transesterification reactions with bulged adenosine as nucleophile",0,755,193,14575,0.0017306759387119112
RF,DESeq2,GO:0043043,BP,peptide biosynthetic process,1,755,244,14575,0.0017757189474402017
RF,DESeq2,GO:0006355,BP,regulation of DNA-templated transcription,98,755,2669,14575,0.001862310787067626
RF,DESeq2,GO:0009059,BP,macromolecule biosynthetic process,25,755,967,14575,0.001940452010979793
RF,DESeq2,GO:2001141,BP,regulation of RNA biosynthetic process,100,755,2683,14575,0.0032790747672064077
RF,DESeq2,GO:0016072,BP,rRNA metabolic process,1,755,226,14575,0.0034471845634407943
RF,DESeq2,GO:0071824,BP,protein-DNA complex organization,14,755,650,14575,0.003628683260074437
RF,DESeq2,GO:0022618,BP,protein-RNA complex assembly,0,755,182,14575,0.0036594863997977288
RF,DESeq2,GO:0048856,BP,anatomical structure development,87,755,2376,14575,0.004898031575857983
RF,DESeq2,GO:0006412,BP,translation,1,755,224,14575,0.005036017556586483
RF,DESeq2,GO:0006399,BP,tRNA metabolic process,0,755,172,14575,0.005036017556586483
RF,DESeq2,GO:0033036,BP,macromolecule localization,53,755,1599,14575,0.005564566704611333
RF,DESeq2,GO:0051252,BP,regulation of RNA metabolic process,112,755,2914,14575,0.005934174472761242
RF,DESeq2,GO:0051649,BP,establishment of localization in cell,40,755,1294,14575,0.005963561958506791
RF,DESeq2,GO:0009790,BP,embryo development,1,755,214,14575,0.0068486431183698085
RF,DESeq2,GO:0043484,BP,regulation of RNA splicing,0,755,162,14575,0.007157591599887349
RF,DESeq2,GO:0018130,BP,heterocycle biosynthetic process,19,755,756,14575,0.007221891300853401
RF,DESeq2,GO:0019219,BP,regulation of nucleobase-containing compound metabolic process,124,755,3156,14575,0.007314453838038808
RF,DESeq2,GO:0008104,BP,protein localization,53,755,1582,14575,0.007876318827340143
RF,DESeq2,GO:0070727,BP,cellular macromolecule localization,53,755,1586,14575,0.007897506394139471
RF,DESeq2,GO:0080135,BP,regulation of cellular response to stress,8,755,449,14575,0.00809539200742718
RF,DESeq2,GO:0019438,BP,aromatic compound biosynthetic process,19,755,750,14575,0.009125125364098837
RF,DESeq2,GO:0036211,BP,protein modification process,58,755,1689,14575,0.009240528634384092
RF,DESeq2,GO:0009792,BP,embryo development ending in birth or egg hatching,1,755,204,14575,0.009473446019215974
RF,DESeq2,GO:0006325,BP,chromatin organization,13,755,590,14575,0.010214599872729513
RF,DESeq2,GO:0006886,BP,intracellular protein transport,10,755,498,14575,0.01065118735132648
RF,DESeq2,GO:0006364,BP,rRNA processing,1,755,201,14575,0.013608852802878353
RF,DESeq2,GO:0009653,BP,anatomical structure morphogenesis,32,755,1053,14575,0.01604605304379499
RF,DESeq2,GO:0043604,BP,amide biosynthetic process,5,755,340,14575,0.01663188733026171
RF,DESeq2,GO:0043009,BP,chordate embryonic development,1,755,188,14575,0.018433816557824216
RF,DESeq2,GO:0015931,BP,nucleobase-containing compound transport,1,755,188,14575,0.018433816557824216
RF,DESeq2,GO:0071826,BP,protein-RNA complex organization,1,755,192,14575,0.018772195780761253
RF,DESeq2,GO:0043632,BP,modification-dependent macromolecule catabolic process,9,755,443,14575,0.02323665539560778
RF,DESeq2,GO:0071705,BP,nitrogen compound transport,41,755,1253,14575,0.02384646171898805
RF,DESeq2,GO:0043603,BP,amide metabolic process,13,755,554,14575,0.02608200609605853
RF,DESeq2,GO:0006282,BP,regulation of DNA repair,1,755,185,14575,0.02608200609605853
RF,DESeq2,GO:0001701,BP,in utero embryonic development,1,755,185,14575,0.02608200609605853
RF,DESeq2,GO:0006518,BP,peptide metabolic process,6,755,347,14575,0.02913704886153998
RF,DESeq2,GO:0050657,BP,nucleic acid transport,0,755,135,14575,0.029284499531563063
RF,DESeq2,GO:0050658,BP,RNA transport,0,755,135,14575,0.029284499531563063
RF,DESeq2,GO:0019941,BP,modification-dependent protein catabolic process,9,755,435,14575,0.029397333956363896
RF,DESeq2,GO:0051236,BP,establishment of RNA localization,0,755,137,14575,0.029911423179363676
RF,DESeq2,GO:0070647,BP,protein modification by small protein conjugation or removal,17,755,651,14575,0.03125043304220838
RF,DESeq2,GO:0033554,BP,cellular response to stress,43,755,1281,14575,0.031877907632724335
RF,DESeq2,GO:0043687,BP,post-translational protein modification,19,755,697,14575,0.033259341472158595
RF,DESeq2,GO:0071702,BP,organic substance transport,53,755,1508,14575,0.036219531526926266
RF,DESeq2,GO:0015031,BP,protein transport,29,755,945,14575,0.037491885113002485
RF,DESeq2,GO:0048731,BP,system development,14,755,568,14575,0.038834997997813384
RF,DESeq2,GO:0006974,BP,DNA damage response,17,755,644,14575,0.03912646935959556
RF,DESeq2,GO:0045934,BP,negative regulation of nucleobase-containing compound metabolic process,39,755,1177,14575,0.04092525120991735
RF,DESeq2,GO:0034654,BP,nucleobase-containing compound biosynthetic process,19,755,691,14575,0.041440594712590824
RF,DESeq2,GO:0044085,BP,cellular component biogenesis,0,755,132,14575,0.04497411363713322
RF,DESeq2,GO:0048511,BP,rhythmic process,2,755,207,14575,0.04702258057069387
RF,DESeq2,GO:0030705,BP,cytoskeleton-dependent intracellular transport,1,755,168,14575,0.04917772797968091
RF,DESeq2,GO:0006511,BP,ubiquitin-dependent protein catabolic process,9,755,425,14575,0.04943166972895176
RF,DESeq2,GO:0009897,CC,external side of plasma membrane,91,755,302,14575,4.232524368187226e-42
RF,DESeq2,GO:0098552,CC,side of membrane,114,755,511,14575,1.8373681814356852e-39
RF,DESeq2,GO:0005886,CC,plasma membrane,290,755,3319,14575,1.8276586312586112e-20
RF,DESeq2,GO:0042611,CC,MHC protein complex,17,755,20,14575,4.313807797711901e-17
RF,DESeq2,GO:0019814,CC,immunoglobulin complex,16,755,21,14575,8.600184884792291e-15
RF,DESeq2,GO:0031332,CC,RNAi effector complex,20,755,48,14575,1.0898512037115775e-11
RF,DESeq2,GO:0016442,CC,RISC complex,20,755,48,14575,1.0898512037115775e-11
RF,DESeq2,GO:0042613,CC,MHC class II protein complex,11,755,13,14575,6.853588980582629e-11
RF,DESeq2,GO:0001772,CC,immunological synapse,18,755,43,14575,1.4147838979869805e-10
RF,DESeq2,GO:0098553,CC,lumenal side of endoplasmic reticulum membrane,13,755,23,14575,1.5398945745520597e-09
RF,DESeq2,GO:0009986,CC,cell surface,59,755,451,14575,7.804207576099488e-09
RF,DESeq2,GO:0098797,CC,plasma membrane protein complex,54,755,409,14575,2.0876141785570337e-08
RF,DESeq2,GO:0005576,CC,extracellular region,109,755,1151,14575,4.118422668327782e-08
RF,DESeq2,GO:0005615,CC,extracellular space,96,755,975,14575,7.141167525925657e-08
RF,DESeq2,GO:0098576,CC,lumenal side of membrane,13,755,31,14575,1.3470246437545895e-07
RF,DESeq2,GO:0030666,CC,endocytic vesicle membrane,29,755,165,14575,5.071806091903334e-07
RF,DESeq2,GO:0042612,CC,MHC class I protein complex,7,755,8,14575,5.802789738961246e-07
RF,DESeq2,GO:0042101,CC,T cell receptor complex,9,755,17,14575,2.9641183606434785e-06
RF,DESeq2,GO:0012507,CC,ER to Golgi transport vesicle membrane,13,755,48,14575,3.887141482698392e-05
RF,DESeq2,GO:0042571,CC,"immunoglobulin complex, circulating",5,755,6,14575,0.00012360273551282865
RF,DESeq2,GO:0098802,CC,plasma membrane signaling receptor complex,21,755,131,14575,0.00019734180317223832
RF,DESeq2,GO:0043235,CC,receptor complex,34,755,285,14575,0.0002599882389888097
RF,DESeq2,GO:0016020,CC,membrane,395,755,6451,14575,0.0002599882389888097
RF,DESeq2,GO:0030659,CC,cytoplasmic vesicle membrane,82,755,958,14575,0.0002599882389888097
RF,DESeq2,GO:0030670,CC,phagocytic vesicle membrane,15,755,75,14575,0.00026912087246435583
RF,DESeq2,GO:0044194,CC,cytolytic granule,6,755,11,14575,0.0003259368079732167
RF,DESeq2,GO:0071735,CC,IgG immunoglobulin complex,4,755,4,14575,0.0003259368079732167
RF,DESeq2,GO:0030667,CC,secretory granule membrane,31,755,252,14575,0.0003638911176671007
RF,DESeq2,GO:0012506,CC,vesicle membrane,82,755,970,14575,0.0003735983142385585
RF,DESeq2,GO:0030669,CC,clathrin-coated endocytic vesicle membrane,12,755,54,14575,0.0006525918468339646
RF,DESeq2,GO:0042824,CC,MHC class I peptide loading complex,5,755,8,14575,0.0007196254418749856
RF,DESeq2,GO:0030662,CC,coated vesicle membrane,19,755,128,14575,0.0012339094989357584
RF,DESeq2,GO:0042105,CC,alpha-beta T cell receptor complex,4,755,5,14575,0.001307387879648034
RF,DESeq2,GO:0043020,CC,NADPH oxidase complex,6,755,15,14575,0.0023228298908457515
RF,DESeq2,GO:0000323,CC,lytic vacuole,30,755,269,14575,0.0025274609889532414
RF,DESeq2,GO:0005764,CC,lysosome,30,755,269,14575,0.0025274609889532414
RF,DESeq2,GO:0072562,CC,blood microparticle,13,755,74,14575,0.003232902512902457
RF,DESeq2,GO:0031265,CC,CD95 death-inducing signaling complex,4,755,6,14575,0.003232902512902457
RF,DESeq2,GO:0042106,CC,gamma-delta T cell receptor complex,3,755,3,14575,0.004176638593797493
RF,DESeq2,GO:0062167,CC,complement component C1q complex,3,755,3,14575,0.004176638593797493
RF,DESeq2,GO:0005602,CC,complement component C1 complex,3,755,3,14575,0.004176638593797493
RF,DESeq2,GO:0071753,CC,IgM immunoglobulin complex,3,755,3,14575,0.004176638593797493
RF,DESeq2,GO:0070821,CC,tertiary granule membrane,11,755,59,14575,0.005598873420469573
RF,DESeq2,GO:0045121,CC,membrane raft,26,755,238,14575,0.008798236706958692
RF,DESeq2,GO:0098857,CC,membrane microdomain,26,755,240,14575,0.009614217312890706
RF,DESeq2,GO:0005773,CC,vacuole,33,755,331,14575,0.009828000179973666
RF,DESeq2,GO:1990111,CC,spermatoproteasome complex,3,755,4,14575,0.01422451634115818
RF,DESeq2,GO:0031264,CC,death-inducing signaling complex,4,755,9,14575,0.019227508071826535
RF,DESeq2,GO:0101003,CC,ficolin-1-rich granule membrane,9,755,50,14575,0.024585008027281228
RF,DESeq2,GO:0036021,CC,endolysosome lumen,3,755,5,14575,0.03278352534998015
RF,DESeq2,GO:0030665,CC,clathrin-coated vesicle membrane,12,755,86,14575,0.038808637020681096
RF,DESeq2,GO:0043229,CC,intracellular organelle,303,755,8357,14575,1.0707793612559655e-19
RF,DESeq2,GO:0043231,CC,intracellular membrane-bounded organelle,270,755,7496,14575,2.594557912195547e-16
RF,DESeq2,GO:0043226,CC,organelle,361,755,9156,14575,2.0008131721463234e-15
RF,DESeq2,GO:0005634,CC,nucleus,136,755,4443,14575,3.22666786043973e-13
RF,DESeq2,GO:0043227,CC,membrane-bounded organelle,337,755,8415,14575,1.882605429090706e-11
RF,DESeq2,GO:0019866,CC,organelle inner membrane,0,755,433,14575,1.528056101738509e-08
RF,DESeq2,GO:0005743,CC,mitochondrial inner membrane,0,755,391,14575,1.441634960729872e-07
RF,DESeq2,GO:0043232,CC,intracellular non-membrane-bounded organelle,72,755,2382,14575,2.9641183606434785e-06
RF,DESeq2,GO:0043228,CC,non-membrane-bounded organelle,72,755,2382,14575,2.9641183606434785e-06
RF,DESeq2,GO:0031966,CC,mitochondrial membrane,7,755,621,14575,5.233545022001829e-06
RF,DESeq2,GO:0140513,CC,nuclear protein-containing complex,23,755,1110,14575,6.134542297677822e-06
RF,DESeq2,GO:0005654,CC,nucleoplasm,121,755,3362,14575,7.436917518415038e-05
RF,DESeq2,GO:0005739,CC,mitochondrion,29,755,1173,14575,0.00014547160229806517
RF,DESeq2,GO:0005730,CC,nucleolus,15,755,777,14575,0.00020293660968466988
RF,DESeq2,GO:0140535,CC,intracellular protein-containing complex,16,755,779,14575,0.0003824451340444952
RF,DESeq2,GO:0110165,CC,cellular anatomical entity,627,755,12859,14575,0.0006658610363565026
RF,DESeq2,GO:0098798,CC,mitochondrial protein-containing complex,1,755,252,14575,0.0014356091451176096
RF,DESeq2,GO:1902494,CC,catalytic complex,45,755,1456,14575,0.002777533001463866
RF,DESeq2,GO:0005681,CC,spliceosomal complex,0,755,188,14575,0.0028083626763696547
RF,DESeq2,GO:0044391,CC,ribosomal subunit,0,755,184,14575,0.004176638593797493
RF,DESeq2,GO:0005759,CC,mitochondrial matrix,4,755,342,14575,0.004846878427065249
RF,DESeq2,GO:0005575,CC,cellular_component,641,755,12971,14575,0.01125717370954677
RF,DESeq2,GO:1990234,CC,transferase complex,19,755,742,14575,0.01233009053999394
RF,DESeq2,GO:0003823,MF,antigen binding,39,755,64,14575,1.5375346969716005e-30
RF,DESeq2,GO:0060089,MF,molecular transducer activity,112,755,714,14575,8.375676582567954e-24
RF,DESeq2,GO:0038023,MF,signaling receptor activity,112,755,714,14575,8.375676582567954e-24
RF,DESeq2,GO:0042605,MF,peptide antigen binding,21,755,28,14575,7.54071789480052e-19
RF,DESeq2,GO:0004888,MF,transmembrane signaling receptor activity,87,755,542,14575,1.0070252363516391e-18
RF,DESeq2,GO:0140375,MF,immune receptor activity,39,755,119,14575,1.6206934049868166e-18
RF,DESeq2,GO:1903231,MF,mRNA base-pairing translational repressor activity,15,755,19,14575,9.694537200525942e-14
RF,DESeq2,GO:0005102,MF,signaling receptor binding,116,755,1016,14575,1.2668517332643018e-13
RF,DESeq2,GO:0023023,MF,MHC protein complex binding,18,755,30,14575,1.4834173078061915e-13
RF,DESeq2,GO:0023026,MF,MHC class II protein complex binding,13,755,23,14575,3.857147693690828e-09
RF,DESeq2,GO:0004896,MF,cytokine receptor activity,22,755,79,14575,1.3391173128952421e-08
RF,DESeq2,GO:0042287,MF,MHC protein binding,13,755,25,14575,1.4043471379097618e-08
RF,DESeq2,GO:0019955,MF,cytokine binding,26,755,117,14575,4.943955848255823e-08
RF,DESeq2,GO:0046977,MF,TAP binding,7,755,7,14575,2.2827950059051213e-07
RF,DESeq2,GO:0005126,MF,cytokine receptor binding,30,755,174,14575,1.2163933452447652e-06
RF,DESeq2,GO:0030371,MF,translation repressor activity,15,755,47,14575,1.5299400526097e-06
RF,DESeq2,GO:0016493,MF,C-C chemokine receptor activity,10,755,19,14575,1.6119136287889702e-06
RF,DESeq2,GO:0019957,MF,C-C chemokine binding,10,755,20,14575,2.9462988560379676e-06
RF,DESeq2,GO:0042288,MF,MHC class I protein binding,9,755,16,14575,3.955174953256006e-06
RF,DESeq2,GO:0001637,MF,G protein-coupled chemoattractant receptor activity,10,755,22,14575,8.33667357078285e-06
RF,DESeq2,GO:0004950,MF,chemokine receptor activity,10,755,22,14575,8.33667357078285e-06
RF,DESeq2,GO:0019956,MF,chemokine binding,11,755,29,14575,1.5911402181319288e-05
RF,DESeq2,GO:0042277,MF,peptide binding,33,755,230,14575,1.5911402181319288e-05
RF,DESeq2,GO:0042608,MF,T cell receptor binding,7,755,10,14575,1.5911402181319288e-05
RF,DESeq2,GO:0015026,MF,coreceptor activity,13,755,45,14575,4.1192361065690247e-05
RF,DESeq2,GO:0032395,MF,MHC class II receptor activity,6,755,8,14575,7.101115645836687e-05
RF,DESeq2,GO:0023029,MF,MHC class Ib protein binding,5,755,6,14575,0.00029138985247793115
RF,DESeq2,GO:0033218,MF,amide binding,35,755,290,14575,0.00038248033398787423
RF,DESeq2,GO:0005164,MF,tumor necrosis factor receptor binding,9,755,27,14575,0.000636179246978212
RF,DESeq2,GO:0046978,MF,TAP1 binding,4,755,4,14575,0.0008582779151296919
RF,DESeq2,GO:0005125,MF,cytokine activity,20,755,128,14575,0.0010613273376935451
RF,DESeq2,GO:0042379,MF,chemokine receptor binding,11,755,45,14575,0.0015395590999005187
RF,DESeq2,GO:0048020,MF,CCR chemokine receptor binding,8,755,24,14575,0.0018634378276517019
RF,DESeq2,GO:0038187,MF,pattern recognition receptor activity,8,755,26,14575,0.003342986147340666
RF,DESeq2,GO:0048248,MF,CXCR3 chemokine receptor binding,4,755,5,14575,0.003342986147340666
RF,DESeq2,GO:0034987,MF,immunoglobulin receptor binding,5,755,9,14575,0.0037238922263121226
RF,DESeq2,GO:0008009,MF,chemokine activity,9,755,34,14575,0.0038277596424562254
RF,DESeq2,GO:0019865,MF,immunoglobulin binding,7,755,20,14575,0.0038277596424562254
RF,DESeq2,GO:0032813,MF,tumor necrosis factor receptor superfamily binding,10,755,42,14575,0.0038307181622256837
RF,DESeq2,GO:0043028,MF,cysteine-type endopeptidase regulator activity involved in apoptotic process,9,755,35,14575,0.004729185886994495
RF,DESeq2,GO:0016504,MF,peptidase activator activity,11,755,52,14575,0.00499298045121201
RF,DESeq2,GO:0033691,MF,sialic acid binding,6,755,16,14575,0.00809781570611503
RF,DESeq2,GO:0019770,MF,IgG receptor activity,4,755,6,14575,0.00809781570611503
RF,DESeq2,GO:0046979,MF,TAP2 binding,3,755,3,14575,0.011183194364259103
RF,DESeq2,GO:0019763,MF,immunoglobulin receptor activity,5,755,12,14575,0.016499045649696023
RF,DESeq2,GO:0016494,MF,C-X-C chemokine receptor activity,4,755,7,14575,0.016657362460843518
RF,DESeq2,GO:0004252,MF,serine-type endopeptidase activity,15,755,102,14575,0.017118542586109214
RF,DESeq2,GO:0035591,MF,signaling adaptor activity,15,755,102,14575,0.017118542586109214
RF,DESeq2,GO:0008236,MF,serine-type peptidase activity,16,755,116,14575,0.022091981644436185
RF,DESeq2,GO:0004930,MF,G protein-coupled receptor activity,25,755,225,14575,0.024069234125566767
RF,DESeq2,GO:0140272,MF,exogenous protein binding,11,755,64,14575,0.027307351575545216
RF,DESeq2,GO:0001618,MF,virus receptor activity,11,755,64,14575,0.027307351575545216
RF,DESeq2,GO:1990782,MF,protein tyrosine kinase binding,14,755,96,14575,0.02732416177458345
RF,DESeq2,GO:0030881,MF,beta-2-microglobulin binding,4,755,8,14575,0.027511030196394098
RF,DESeq2,GO:0017171,MF,serine hydrolase activity,16,755,120,14575,0.02943803562559129
RF,DESeq2,GO:0032394,MF,MHC class Ib receptor activity,3,755,4,14575,0.03319094405051485
RF,DESeq2,GO:0061134,MF,peptidase regulator activity,19,755,155,14575,0.04019909583524459
RF,DESeq2,GO:0061133,MF,endopeptidase activator activity,5,755,15,14575,0.04187899600076327
RF,DESeq2,GO:0019864,MF,IgG binding,4,755,9,14575,0.04221546837260791
RF,DESeq2,GO:0048018,MF,receptor ligand activity,26,755,252,14575,0.04523169545273463
RF,DESeq2,GO:0004175,MF,endopeptidase activity,26,755,253,14575,0.04555757337866143
RF,DESeq2,GO:0140677,MF,molecular function activator activity,62,755,779,14575,0.04555757337866143
RF,DESeq2,GO:0030545,MF,signaling receptor regulator activity,28,755,278,14575,0.04555757337866143
RF,DESeq2,GO:0030234,MF,enzyme regulator activity,79,755,1052,14575,0.04555757337866143
RF,DESeq2,GO:0042169,MF,SH2 domain binding,8,755,40,14575,0.046678910092816564
RF,DESeq2,GO:0097159,MF,organic cyclic compound binding,163,755,4813,14575,7.230082172169132e-10
RF,DESeq2,GO:0043169,MF,cation binding,103,755,3424,14575,2.574499659880863e-09
RF,DESeq2,GO:0046872,MF,metal ion binding,101,755,3368,14575,2.574499659880863e-09
RF,DESeq2,GO:0003676,MF,nucleic acid binding,95,755,3228,14575,2.8433473864915038e-09
RF,DESeq2,GO:0036094,MF,small molecule binding,171,755,4913,14575,3.7255861849161094e-09
RF,DESeq2,GO:0043167,MF,ion binding,167,755,4764,14575,1.780785267806829e-08
RF,DESeq2,GO:0003677,MF,DNA binding,58,755,1911,14575,0.000245491856155491
RF,DESeq2,GO:0003674,MF,molecular_function,618,755,12770,14575,0.00038248033398787423
RF,DESeq2,GO:0003824,MF,catalytic activity,171,755,4372,14575,0.0004936792702958694
RF,DESeq2,GO:0140110,MF,transcription regulator activity,44,755,1496,14575,0.0016452978929314926
RF,DESeq2,GO:0016740,MF,transferase activity,58,755,1820,14575,0.0017879810676799974
RF,DESeq2,GO:0140640,MF,"catalytic activity, acting on a nucleic acid",8,755,518,14575,0.0019428058067873025
RF,DESeq2,GO:0043565,MF,sequence-specific DNA binding,35,755,1248,14575,0.0024548607400252304
RF,DESeq2,GO:0003723,MF,RNA binding,46,755,1482,14575,0.006022029340399472
RF,DESeq2,GO:1990837,MF,sequence-specific double-stranded DNA binding,34,755,1159,14575,0.014092591994265012
RF,DESeq2,GO:0015318,MF,inorganic molecular entity transmembrane transporter activity,6,755,396,14575,0.015796560024154988
RF,DESeq2,GO:0022804,MF,active transmembrane transporter activity,4,755,323,14575,0.022091981644436185
RF,DESeq2,GO:0022857,MF,transmembrane transporter activity,17,755,697,14575,0.02744614179444054
RF,DESeq2,GO:0000976,MF,transcription cis-regulatory region binding,34,755,1113,14575,0.03319094405051485
RF,DESeq2,GO:0001067,MF,transcription regulatory region nucleic acid binding,34,755,1115,14575,0.03319094405051485
RF,DESeq2,GO:0003700,MF,DNA-binding transcription factor activity,32,755,1055,14575,0.04019909583524459
RF,DESeq2,GO:0005488,MF,binding,587,755,12016,14575,0.0409076484571531
RF,DESeq2,GO:0016746,MF,acyltransferase activity,14,755,592,14575,0.04555757337866143
RF,DESeq2,GO:0005198,MF,structural molecule activity,12,755,533,14575,0.04897416949479771
RF,"MORFR top 1,000",GO:0035195,BP,miRNA-mediated post-transcriptional gene silencing,14,555,64,14575,0.001145584158287239
RF,"MORFR top 1,000",GO:0006955,BP,immune response,63,555,827,14575,0.001145584158287239
RF,"MORFR top 1,000",GO:0002250,BP,adaptive immune response,27,555,236,14575,0.0016238653654278878
RF,"MORFR top 1,000",GO:0035194,BP,regulatory ncRNA-mediated post-transcriptional gene silencing,14,555,76,14575,0.003186342253345072
RF,"MORFR top 1,000",GO:0002682,BP,regulation of immune system process,80,555,1215,14575,0.003975543976005372
RF,"MORFR top 1,000",GO:0016441,BP,post-transcriptional gene silencing,14,555,84,14575,0.005554668783064607
RF,"MORFR top 1,000",GO:0002684,BP,positive regulation of immune system process,57,555,793,14575,0.005554668783064607
RF,"MORFR top 1,000",GO:0031047,BP,regulatory ncRNA-mediated gene silencing,14,555,92,14575,0.013081152924901326
RF,"MORFR top 1,000",GO:0002768,BP,immune response-regulating cell surface receptor signaling pathway,23,555,225,14575,0.01823712608652847
RF,"MORFR top 1,000",GO:0019724,BP,B cell mediated immunity,9,555,41,14575,0.018942736378383482
RF,"MORFR top 1,000",GO:0002460,BP,adaptive immune response based on somatic recombination of immune receptors built from immunoglobulin superfamily domains,13,555,87,14575,0.021178910201844606
RF,"MORFR top 1,000",GO:0019882,BP,antigen processing and presentation,13,555,88,14575,0.022589029563271912
RF,"MORFR top 1,000",GO:0002449,BP,lymphocyte mediated immunity,13,555,89,14575,0.02344540597633322
RF,"MORFR top 1,000",GO:0048002,BP,antigen processing and presentation of peptide antigen,10,555,54,14575,0.02344540597633322
RF,"MORFR top 1,000",GO:0002495,BP,antigen processing and presentation of peptide antigen via MHC class II,7,555,26,14575,0.02658549597195102
RF,"MORFR top 1,000",GO:0019886,BP,antigen processing and presentation of exogenous peptide antigen via MHC class II,7,555,26,14575,0.02658549597195102
RF,"MORFR top 1,000",GO:0002478,BP,antigen processing and presentation of exogenous peptide antigen,8,555,36,14575,0.02916526664955549
RF,"MORFR top 1,000",GO:0002504,BP,antigen processing and presentation of peptide or polysaccharide antigen via MHC class II,7,555,27,14575,0.02916526664955549
RF,"MORFR top 1,000",GO:0016064,BP,immunoglobulin mediated immune response,8,555,37,14575,0.0335427014709483
RF,"MORFR top 1,000",GO:0002376,BP,immune system process,81,555,1381,14575,0.043017044773280166
RF,"MORFR top 1,000",GO:0002429,BP,immune response-activating cell surface receptor signaling pathway,20,555,201,14575,0.04346838390633779
RF,"MORFR top 1,000",GO:0002764,BP,immune response-regulating signaling pathway,25,555,282,14575,0.04573075719300832
RF,"MORFR top 1,000",GO:0001817,BP,regulation of cytokine production,44,555,625,14575,0.04573075719300832
RF,"MORFR top 1,000",GO:0008152,BP,metabolic process,177,555,6034,14575,0.005554668783064607
RF,"MORFR top 1,000",GO:0006807,BP,nitrogen compound metabolic process,137,555,4907,14575,0.005554668783064607
RF,"MORFR top 1,000",GO:0071704,BP,organic substance metabolic process,164,555,5597,14575,0.013081152924901326
RF,"MORFR top 1,000",GO:0044238,BP,primary metabolic process,154,555,5291,14575,0.017782903881828203
RF,"MORFR top 1,000",GO:1901564,BP,organonitrogen compound metabolic process,91,555,3448,14575,0.021178910201844606
RF,"MORFR top 1,000",GO:0034655,BP,nucleobase-containing compound catabolic process,0,555,280,14575,0.02803751276067294
RF,"MORFR top 1,000",GO:0043170,BP,macromolecule metabolic process,119,555,4230,14575,0.02916526664955549
RF,"MORFR top 1,000",GO:0031332,CC,RNAi effector complex,12,555,48,14575,0.0001534596862937349
RF,"MORFR top 1,000",GO:0016442,CC,RISC complex,12,555,48,14575,0.0001534596862937349
RF,"MORFR top 1,000",GO:0042611,CC,MHC protein complex,6,555,20,14575,0.04540638962714516
RF,"MORFR top 1,000",GO:1903231,MF,mRNA base-pairing translational repressor activity,11,555,19,14575,5.941915946331479e-08
RF,"MORFR top 1,000",GO:0030371,MF,translation repressor activity,12,555,47,14575,0.0002985049292312841
