Gene,Target,MORFR_Importance,MORFR_Occurrences,Kendall_rho2_all_samples_descriptive,N_samples,Repeats,Trees_per_repeat,Features_sampled_per_tree,MORFR_Rank
TAGLN,Age,1.0,3.0,0.13377777713150205,154,5,50,1000,1
CX3CL1,Age,0.9326923076923077,13.0,0.2725554955841082,154,5,50,1000,2
ISYNA1,Age,0.9236778846153846,13.0,0.23493837225095424,154,5,50,1000,3
AKR1C2,Age,0.9209375,25.0,0.23245270778428356,154,5,50,1000,4
CLDN11,Age,0.8901909722222222,18.0,0.26017226566884044,154,5,50,1000,5
EFNB1,Age,0.876953125,8.0,0.21813640850111632,154,5,50,1000,6
SLC29A4,Age,0.8660714285714286,7.0,0.19447989780736127,154,5,50,1000,7
CXCL14,Age,0.8638392857142857,14.0,0.2446739868846278,154,5,50,1000,8
FCGRT,Age,0.8348958333333333,15.0,0.14477750703232414,154,5,50,1000,9
PLLP,Age,0.8208220108695652,46.0,0.23978147421039017,154,5,50,1000,10
PTGES,Age,0.8015625,5.0,0.23743725599328538,154,5,50,1000,11
TM4SF18,Age,0.77626953125,20.0,0.228113036458038,154,5,50,1000,12
NMNAT3,Age,0.7412109375,14.0,0.20427508731001084,154,5,50,1000,13
TMEM213,Age,0.71875,12.0,0.23030915817170303,154,5,50,1000,14
CAMK1,Age,0.6927083333333334,6.0,0.174121166708923,154,5,50,1000,15
GDF15,Age,0.6439453125,20.0,0.17249461155100476,154,5,50,1000,16
ST6GALNAC6,Age,0.6274038461538461,13.0,0.21256889023549239,154,5,50,1000,17
ADH1C,Age,0.5376420454545454,22.0,0.25738223472413185,154,5,50,1000,18
ACD,Age,0.53515625,4.0,0.17589888393915137,154,5,50,1000,19
HDGFL3,Age,0.53125,2.0,0.2075415703256872,154,5,50,1000,20
VGLL1,Age,0.529296875,32.0,0.24123084401076314,154,5,50,1000,21
TCEA2,Age,0.515625,2.0,0.16402973696623116,154,5,50,1000,22
TMEM115,Age,0.509765625,4.0,0.1365502998800027,154,5,50,1000,23
SLC16A4,Age,0.50390625,2.0,0.22429071220387312,154,5,50,1000,24
GNAT1,Age,0.5,1.0,0.00011076113403304473,154,5,50,1000,25
NAPB,Age,0.5,1.0,0.025687894475306672,154,5,50,1000,26
LOC730098,Age,0.5,2.0,0.012912852850558331,154,5,50,1000,27
LINC01503,Age,0.5,1.0,0.11222855218135094,154,5,50,1000,28
ART4,Age,0.5,1.0,0.048160902383342474,154,5,50,1000,29
APOL2,Age,0.5,1.0,0.1077290181857428,154,5,50,1000,30
SNORD17,Age,0.5,1.0,0.016626602667575777,154,5,50,1000,31
SAPCD1-AS1,Age,0.5,3.0,0.06979948230630306,154,5,50,1000,32
SERPINA1,Age,0.5,1.0,0.04949308557708137,154,5,50,1000,33
FGF14-AS2,Age,0.5,1.0,0.11342799480376708,154,5,50,1000,34
CENPJ,Age,0.5,1.0,0.01589827361739342,154,5,50,1000,35
LOC100130298,Age,0.5,1.0,0.03155139977240154,154,5,50,1000,36
PRDM8,Age,0.5,2.0,0.0651259872056053,154,5,50,1000,37
SRI,Age,0.5,1.0,0.15621176921218652,154,5,50,1000,38
DLEC1,Age,0.5,1.0,0.013561539382173029,154,5,50,1000,39
CSDC2,Age,0.5,1.0,0.04923653621878617,154,5,50,1000,40
C16orf89,Age,0.5,1.0,0.10250590611532352,154,5,50,1000,41
SOX1-OT,Age,0.5,1.0,0.019219179721547373,154,5,50,1000,42
LOC101927069,Age,0.5,1.0,0.031258668541417005,154,5,50,1000,43
RTN4,Age,0.5,1.0,0.12942555094158764,154,5,50,1000,44
LINC00908,Age,0.5,4.0,0.1179377938501595,154,5,50,1000,45
FLT3LG,Age,0.5,2.0,0.05895747953627076,154,5,50,1000,46
BTG2,Age,0.5,1.0,0.05594397459466726,154,5,50,1000,47
VASH2,Age,0.5,1.0,0.07825270680706642,154,5,50,1000,48
EFCAB13-DT,Age,0.5,3.0,0.03598377432031654,154,5,50,1000,49
GABRA3,Age,0.5,1.0,0.042154854339125525,154,5,50,1000,50
COL6A1,Age,0.5,1.0,0.1419222609943577,154,5,50,1000,51
RPRM,Age,0.5,2.0,0.03341594368228035,154,5,50,1000,52
LINC02749,Age,0.5,1.0,0.00890939314542014,154,5,50,1000,53
BSN-DT,Age,0.5,1.0,0.040545101066248715,154,5,50,1000,54
DRD2,Age,0.5,4.0,0.08874585830512788,154,5,50,1000,55
LOC101928663,Age,0.5,3.0,0.01442213499190957,154,5,50,1000,56
RALY-AS1,Age,0.5,1.0,0.013463949764754906,154,5,50,1000,57
LINC01923,Age,0.5,1.0,0.04122511750748831,154,5,50,1000,58
DENND10P1,Age,0.5,1.0,0.03263445519891271,154,5,50,1000,59
BCAR3,Age,0.5,2.0,0.11377460421158186,154,5,50,1000,60
BORCS5,Age,0.5,1.0,0.03959675392754593,154,5,50,1000,61
NBPF18P,Age,0.5,2.0,0.015034891964542507,154,5,50,1000,62
GJC3,Age,0.5,1.0,0.0024196855930414553,154,5,50,1000,63
LOC644634,Age,0.5,2.0,0.031266225111615954,154,5,50,1000,64
SLC17A9,Age,0.5,1.0,0.008321223867674124,154,5,50,1000,65
GSN-AS1,Age,0.5,1.0,0.026519234882348693,154,5,50,1000,66
CLEC4G,Age,0.5,1.0,0.08356573921550561,154,5,50,1000,67
FGD2,Age,0.5,1.0,0.0731665409361466,154,5,50,1000,68
TEX264,Age,0.5,1.0,0.06193389278189211,154,5,50,1000,69
EIF4E,Age,0.5,1.0,0.09213661815882838,154,5,50,1000,70
PRG4,Age,0.5,1.0,0.047804268510032354,154,5,50,1000,71
CDKN1A,Age,0.5,2.0,0.11880077845082981,154,5,50,1000,72
CYP4F11,Age,0.5,2.0,0.027164663421595067,154,5,50,1000,73
CYCS,Age,0.5,1.0,0.07997661774521192,154,5,50,1000,74
SNCA,Age,0.5,1.0,0.04055747213020504,154,5,50,1000,75
ESPL1,Age,0.5,1.0,0.012894788201934767,154,5,50,1000,76
SMCHD1,Age,0.5,1.0,0.04149830734839655,154,5,50,1000,77
SLC26A10,Age,0.5,1.0,0.0001354595795986964,154,5,50,1000,78
ACBD6,Age,0.4921875,7.0,0.1987356820372913,154,5,50,1000,79
LOC100505874,Age,0.45,5.0,0.05633996130189243,154,5,50,1000,80
SNHG32,Age,0.4375,6.0,0.14412609050394942,154,5,50,1000,81
PRODH,Age,0.43359375,8.0,0.1456353169779004,154,5,50,1000,82
PIWIL2-DT,Age,0.4166666666666667,3.0,0.003132912251192973,154,5,50,1000,83
EFEMP2,Age,0.4125,5.0,0.20118823956247484,154,5,50,1000,84
CD24,Age,0.40685096153846156,13.0,0.11809293030346946,154,5,50,1000,85
SERGEF,Age,0.403125,5.0,0.16126485202144533,154,5,50,1000,86
CDIP1,Age,0.401171875,10.0,0.20443004659691852,154,5,50,1000,87
SCD5,Age,0.39697265625,8.0,0.23047369408942237,154,5,50,1000,88
HTRA1,Age,0.39663461538461536,26.0,0.18536785109467133,154,5,50,1000,89
LSP1,Age,0.3958333333333333,3.0,0.18536785109467133,154,5,50,1000,90
CMTM7,Age,0.39453125,4.0,0.25064454617705223,154,5,50,1000,91
FAM43A,Age,0.390625,4.0,0.18286738103926092,154,5,50,1000,92
PLOD3,Age,0.3875,10.0,0.17317791636572613,154,5,50,1000,93
PHLDA3,Age,0.3798828125,4.0,0.20381056196330563,154,5,50,1000,94
MMD,Age,0.3794642857142857,7.0,0.17965668336687132,154,5,50,1000,95
KCNAB1,Age,0.375,2.0,0.07592670826629427,154,5,50,1000,96
PTGR1,Age,0.375,3.0,0.07148984277125721,154,5,50,1000,97
LINC01587,Age,0.375,2.0,0.0427797477091492,154,5,50,1000,98
LOC441086,Age,0.375,2.0,0.02914254045876733,154,5,50,1000,99
LINC01992,Age,0.375,2.0,0.0003000483236340454,154,5,50,1000,100
SHKBP1,Age,0.375,2.0,0.14251607233144067,154,5,50,1000,101
RHD,Age,0.375,2.0,0.11368837940090379,154,5,50,1000,102
OSGIN1,Age,0.375,3.0,0.09719871945170436,154,5,50,1000,103
PHF5A,Age,0.375,2.0,0.07557947539422044,154,5,50,1000,104
ZNF319,Age,0.375,2.0,0.13756554025071882,154,5,50,1000,105
CYP1A2,Age,0.375,3.0,0.022697178122383397,154,5,50,1000,106
TRIM8,Age,0.3671875,11.0,0.17389190413222658,154,5,50,1000,107
HSPBAP1,Age,0.3645833333333333,6.0,0.08507232513226023,154,5,50,1000,108
LOC101927296,Age,0.36160714285714285,7.0,0.1084968880417862,154,5,50,1000,109
CRIM1-DT,Age,0.35546875,6.0,0.10493461019198219,154,5,50,1000,110
SLC35G2,Age,0.3541666666666667,3.0,0.09763887482582413,154,5,50,1000,111
LRFN5,Age,0.3541666666666667,3.0,0.11483512839843266,154,5,50,1000,112
SLC48A1,Age,0.3463541666666667,6.0,0.0803648531832728,154,5,50,1000,113
VOPP1,Age,0.34375,4.0,0.06733593509241646,154,5,50,1000,114
BBLN,Age,0.34375,3.0,0.04685995274637721,154,5,50,1000,115
KLLN,Age,0.34375,3.0,0.1023185667998474,154,5,50,1000,116
MVB12B,Age,0.3385416666666667,3.0,0.09513697848061183,154,5,50,1000,117
NNMT,Age,0.3385416666666667,9.0,0.19236927887925914,154,5,50,1000,118
FXYD5,Age,0.32890625,10.0,0.12831804002676225,154,5,50,1000,119
MYL9,Age,0.328515625,10.0,0.13290157416456486,154,5,50,1000,120
FABP4,Age,0.3263888888888889,9.0,0.19888852624009318,154,5,50,1000,121
TMEM204,Age,0.32421875,8.0,0.2226422426742042,154,5,50,1000,122
CCDC8,Age,0.3223958333333333,15.0,0.17748387509082925,154,5,50,1000,123
CACNA1A,Age,0.3203125,4.0,0.04283755074966481,154,5,50,1000,124
SAT1,Age,0.31919642857142855,7.0,0.19027017540906566,154,5,50,1000,125
RAB3C,Age,0.31875,5.0,0.1408627627846058,154,5,50,1000,126
SMPX,Age,0.3166232638888889,18.0,0.1553999294296313,154,5,50,1000,127
A1BG-AS1,Age,0.31640625,4.0,0.08595639002053863,154,5,50,1000,128
HPCAL1,Age,0.3138020833333333,6.0,0.09224069792252765,154,5,50,1000,129
ALX3,Age,0.31328125,5.0,0.07129650311413717,154,5,50,1000,130
RPP40,Age,0.3125,2.0,0.1527090724285435,154,5,50,1000,131
LINC00327,Age,0.3125,2.0,0.06539323034136914,154,5,50,1000,132
C4A,Age,0.3125,8.0,0.1707663588913854,154,5,50,1000,133
IRX1,Age,0.3125,2.0,0.05643150148102153,154,5,50,1000,134
FCGR3A,Age,0.3125,8.0,0.09517878475463239,154,5,50,1000,135
NRN1L,Age,0.3125,2.0,0.019988389797009926,154,5,50,1000,136
HAUS8,Age,0.3125,2.0,0.09157300259619233,154,5,50,1000,137
TWIST1,Age,0.3046875,5.0,0.12153379025319008,154,5,50,1000,138
CKMT2,Age,0.303125,5.0,0.12844086178573114,154,5,50,1000,139
DUSP15,Age,0.3020833333333333,6.0,0.1460697789201812,154,5,50,1000,140
MMP7,Age,0.296875,8.0,0.15432076651705529,154,5,50,1000,141
EPDR1,Age,0.29345703125,8.0,0.25270816323613965,154,5,50,1000,142
MRNIP-DT,Age,0.2916666666666667,3.0,0.08506867297057628,154,5,50,1000,143
LOC102724594,Age,0.2916666666666667,3.0,0.10504568148369739,154,5,50,1000,144
KRT17,Age,0.2916666666666667,3.0,0.07978285254019912,154,5,50,1000,145
C16orf72,Age,0.2916666666666667,3.0,0.08370280841601951,154,5,50,1000,146
TAC1,Age,0.2916666666666667,3.0,0.0737995439908044,154,5,50,1000,147
KCNE4,Age,0.29129464285714285,7.0,0.12782734051424946,154,5,50,1000,148
GALNT17,Age,0.2890625,10.0,0.10066810975762382,154,5,50,1000,149
C4B,Age,0.28794642857142855,7.0,0.14811333549641084,154,5,50,1000,150
EMILIN2,Age,0.28125,2.0,0.12388577018071696,154,5,50,1000,151
LINC02381,Age,0.28125,4.0,0.12022281999786755,154,5,50,1000,152
PNMA1,Age,0.28125,6.0,0.15621176921218652,154,5,50,1000,153
LINC01265,Age,0.28125,2.0,0.031317625191997905,154,5,50,1000,154
COQ8B,Age,0.28125,2.0,0.14964363990757729,154,5,50,1000,155
PRRT3-AS1,Age,0.28125,2.0,0.039120713122932096,154,5,50,1000,156
SLC12A5-AS1,Age,0.28125,2.0,0.038778437614113204,154,5,50,1000,157
APBB2,Age,0.28125,2.0,0.049726129260074095,154,5,50,1000,158
PDGFRL,Age,0.28125,2.0,0.14321657496234821,154,5,50,1000,159
ELN,Age,0.28125,2.0,0.1075041142425078,154,5,50,1000,160
MEIS3P1,Age,0.28125,2.0,0.14334632949699666,154,5,50,1000,161
ASS1,Age,0.27734375,4.0,0.1359176840992339,154,5,50,1000,162
ZNF667-AS1,Age,0.2708333333333333,3.0,0.05659448046182978,154,5,50,1000,163
CA2,Age,0.2708333333333333,3.0,0.09318005965095325,154,5,50,1000,164
SNAP25,Age,0.2708333333333333,3.0,0.0923358639548372,154,5,50,1000,165
FRG1,Age,0.2708333333333333,3.0,0.14951106526078786,154,5,50,1000,166
CALML3,Age,0.2708333333333333,3.0,0.10604796696426631,154,5,50,1000,167
ALDH1A3,Age,0.2666015625,4.0,0.1052680003241366,154,5,50,1000,168
FUS,Age,0.2662760416666667,6.0,0.14243928155351865,154,5,50,1000,169
LINC00092,Age,0.2662760416666667,6.0,0.10433614621163785,154,5,50,1000,170
GAS5,Age,0.265625,2.0,0.07398590640144743,154,5,50,1000,171
RBM4,Age,0.265625,2.0,0.14425625630495184,154,5,50,1000,172
LMX1B,Age,0.265625,2.0,0.09048602699428966,154,5,50,1000,173
KCTD4,Age,0.265625,2.0,0.05826128509604005,154,5,50,1000,174
TMEM70,Age,0.265625,2.0,0.07030330996415093,154,5,50,1000,175
STK32C,Age,0.265625,4.0,0.07699966624266572,154,5,50,1000,176
ACKR1,Age,0.265625,2.0,0.17676254328229524,154,5,50,1000,177
MRPL28,Age,0.265625,2.0,0.14243928155351865,154,5,50,1000,178
CASP4LP,Age,0.265625,2.0,0.0839012738079338,154,5,50,1000,179
BCL2,Age,0.265625,4.0,0.11073054977223702,154,5,50,1000,180
ZMAT3,Age,0.265625,2.0,0.13090963495572472,154,5,50,1000,181
ZFPM2,Age,0.265625,2.0,0.04086948549975402,154,5,50,1000,182
AZGP1,Age,0.265625,2.0,0.04265493053498304,154,5,50,1000,183
PCDH8,Age,0.2625,10.0,0.14708442738799932,154,5,50,1000,184
HEBP1,Age,0.26171875,4.0,0.09859300051985534,154,5,50,1000,185
MARCHF2,Age,0.2604166666666667,3.0,0.11423757262137602,154,5,50,1000,186
MRPS18C,Age,0.2604166666666667,3.0,0.041949902499763554,154,5,50,1000,187
GPR87,Age,0.25841346153846156,13.0,0.2470535740081661,154,5,50,1000,188
TXNL4B,Age,0.2578125,2.0,0.018753775113006813,154,5,50,1000,189
COLEC11,Age,0.2578125,2.0,0.09763237157142972,154,5,50,1000,190
MRPL45P2,Age,0.2578125,2.0,0.028908029518760047,154,5,50,1000,191
TMEM38A,Age,0.2552083333333333,3.0,0.10999098313207205,154,5,50,1000,192
RBFA,Age,0.2552083333333333,9.0,0.1763304492252101,154,5,50,1000,193
SNAPC5,Age,0.25390625,2.0,0.07881755165531106,154,5,50,1000,194
LINC02160,Age,0.25390625,2.0,0.07143398629567764,154,5,50,1000,195
C1QTNF5,Age,0.25390625,2.0,0.1354126490166717,154,5,50,1000,196
SUMO3,Age,0.25390625,10.0,0.16030269438654765,154,5,50,1000,197
FAAP20,Age,0.25390625,2.0,0.05923410542569159,154,5,50,1000,198
TMEM191A,Age,0.25390625,4.0,0.04949308557708137,154,5,50,1000,199
PLA2G5,Age,0.25223214285714285,7.0,0.15512978618746964,154,5,50,1000,200
SMOC1,Age,0.251953125,2.0,0.07563302202723929,154,5,50,1000,201
MIR6763,Age,0.25,1.0,0.029159727534272498,154,5,50,1000,202
CCDC89,Age,0.25,1.0,0.11909549561053208,154,5,50,1000,203
PRKCZ,Age,0.25,1.0,0.017689357596862642,154,5,50,1000,204
C16orf54,Age,0.25,1.0,0.01981439874210326,154,5,50,1000,205
SLC24A4,Age,0.25,1.0,0.024454205292519727,154,5,50,1000,206
INO80C,Age,0.25,1.0,0.019131200121194313,154,5,50,1000,207
LINC02900,Age,0.25,1.0,0.001406650330172091,154,5,50,1000,208
WNT3A,Age,0.25,1.0,0.0718932199978105,154,5,50,1000,209
KIAA1586,Age,0.25,1.0,0.07595690040240796,154,5,50,1000,210
ATF6,Age,0.25,1.0,0.054547992625056295,154,5,50,1000,211
WDPCP,Age,0.25,1.0,0.09491012374036015,154,5,50,1000,212
MICB,Age,0.25,1.0,0.03564519654471682,154,5,50,1000,213
WASH2P,Age,0.25,1.0,0.08143734770568231,154,5,50,1000,214
ABCB11,Age,0.25,1.0,0.0050625969116023265,154,5,50,1000,215
HAND2,Age,0.25,1.0,0.09136564800073796,154,5,50,1000,216
SLC22A17,Age,0.25,1.0,0.009278286448161142,154,5,50,1000,217
WAS,Age,0.25,1.0,0.03501634756679013,154,5,50,1000,218
VRK3,Age,0.25,1.0,0.042481728675718616,154,5,50,1000,219
LINC01299,Age,0.25,1.0,0.011577580423099835,154,5,50,1000,220
BCRP2,Age,0.25,1.0,0.025021593207036733,154,5,50,1000,221
RUNDC3A-AS1,Age,0.25,1.0,0.016312815748065052,154,5,50,1000,222
NDUFS5,Age,0.25,1.0,0.026233652547995548,154,5,50,1000,223
VPS45,Age,0.25,1.0,0.05798929030100716,154,5,50,1000,224
ITM2C,Age,0.25,1.0,0.022594062820847426,154,5,50,1000,225
LY6G5B,Age,0.25,1.0,0.009611412194802356,154,5,50,1000,226
MIR5689HG,Age,0.25,1.0,0.019609079251212733,154,5,50,1000,227
LINC01150,Age,0.25,1.0,0.02860642592716228,154,5,50,1000,228
RBP5,Age,0.25,1.0,0.08495536203943678,154,5,50,1000,229
FOLH1,Age,0.25,2.0,0.021274250338916518,154,5,50,1000,230
VDR,Age,0.25,1.0,0.07978285254019912,154,5,50,1000,231
ABCF1,Age,0.25,1.0,0.06912670630187398,154,5,50,1000,232
CIB2,Age,0.25,1.0,0.08075402865871398,154,5,50,1000,233
RTL5,Age,0.25,1.0,0.09751959533623362,154,5,50,1000,234
IL17RB,Age,0.25,1.0,0.03424136306523895,154,5,50,1000,235
LILRA6,Age,0.25,1.0,0.04042268923489104,154,5,50,1000,236
VAMP5,Age,0.25,1.0,0.10874399417094568,154,5,50,1000,237
PRR15,Age,0.25,1.0,0.009597060236278047,154,5,50,1000,238
LOXL2,Age,0.25,1.0,0.1174558974872724,154,5,50,1000,239
S100A12,Age,0.25,1.0,0.00954652426024054,154,5,50,1000,240
SLC30A8,Age,0.25,1.0,0.008848403719265091,154,5,50,1000,241
TCN1,Age,0.25,1.0,0.024006674617914083,154,5,50,1000,242
UPB1,Age,0.25,1.0,0.016338175293011768,154,5,50,1000,243
UBE2M,Age,0.25,1.0,0.03432784441100553,154,5,50,1000,244
LINC01843,Age,0.25,1.0,0.06943972921300416,154,5,50,1000,245
RIN2,Age,0.25,1.0,0.039270715857299174,154,5,50,1000,246
CDK5R1,Age,0.25,1.0,0.0014101073333622539,154,5,50,1000,247
LINC01426,Age,0.25,1.0,0.10176240084615286,154,5,50,1000,248
ATAD2B,Age,0.25,1.0,0.052477113287939386,154,5,50,1000,249
OTUD6B-AS1,Age,0.25,1.0,0.07333466613008155,154,5,50,1000,250
BAZ1A,Age,0.25,1.0,0.031203387429515603,154,5,50,1000,251
NINJ2,Age,0.25,2.0,0.09528456833608344,154,5,50,1000,252
LIME1,Age,0.25,1.0,0.05521665004783394,154,5,50,1000,253
LOC105371592,Age,0.25,1.0,0.0415869587269006,154,5,50,1000,254
UACA,Age,0.25,1.0,0.0666598090446417,154,5,50,1000,255
KCNK6,Age,0.25,3.0,0.05180734010268938,154,5,50,1000,256
MIR4262,Age,0.25,1.0,0.015355774992593897,154,5,50,1000,257
CYLD,Age,0.25,1.0,0.04678577792183849,154,5,50,1000,258
LINC01624,Age,0.25,1.0,0.041425354353178324,154,5,50,1000,259
TWF2,Age,0.25,1.0,0.14569195777017196,154,5,50,1000,260
SLC7A3,Age,0.25,3.0,0.09024893285965589,154,5,50,1000,261
NUP210,Age,0.25,1.0,0.038100561468940176,154,5,50,1000,262
BCYRN1,Age,0.25,1.0,0.007139848288836001,154,5,50,1000,263
NRN1,Age,0.25,1.0,0.1570257240788474,154,5,50,1000,264
RHOD,Age,0.25,1.0,0.034901825360178614,154,5,50,1000,265
MPZL3,Age,0.25,1.0,0.0003238722536789574,154,5,50,1000,266
IATPR,Age,0.25,1.0,0.01925201699053154,154,5,50,1000,267
LAG3,Age,0.25,1.0,0.058748079447679444,154,5,50,1000,268
IQCK,Age,0.25,1.0,0.11181747576198067,154,5,50,1000,269
HMCES,Age,0.25,1.0,0.1492460922242179,154,5,50,1000,270
TPRKB,Age,0.25,1.0,0.0020011339494661455,154,5,50,1000,271
SLITRK5,Age,0.25,1.0,0.010385070978117965,154,5,50,1000,272
EIF3L,Age,0.25,1.0,0.08791993360868493,154,5,50,1000,273
RAVER1,Age,0.25,1.0,0.04018208453944981,154,5,50,1000,274
POLR3H,Age,0.25,1.0,0.03356993927314458,154,5,50,1000,275
NRL,Age,0.25,1.0,0.027655284206548458,154,5,50,1000,276
TP53TG1,Age,0.25,1.0,0.06556866481746626,154,5,50,1000,277
PAK2,Age,0.25,1.0,0.07342752419755358,154,5,50,1000,278
TOR1B,Age,0.25,1.0,0.07728529072543401,154,5,50,1000,279
SHROOM4,Age,0.25,1.0,0.018848859500799113,154,5,50,1000,280
RFPL2,Age,0.25,1.0,0.024868147995046632,154,5,50,1000,281
LINC00882,Age,0.25,1.0,0.02922253547678235,154,5,50,1000,282
RNF149,Age,0.25,1.0,0.06382489547702334,154,5,50,1000,283
TMIGD3,Age,0.25,1.0,0.04398772009078882,154,5,50,1000,284
LACRT,Age,0.25,1.0,0.001952259875965688,154,5,50,1000,285
OR7E37P,Age,0.25,1.0,0.04108036650468251,154,5,50,1000,286
BEND3P3,Age,0.25,1.0,0.02945932538102783,154,5,50,1000,287
LOC112268293,Age,0.25,1.0,0.028491868916168058,154,5,50,1000,288
NLGN3,Age,0.25,1.0,0.08829730843111935,154,5,50,1000,289
TBC1D5,Age,0.25,1.0,0.09999721073283563,154,5,50,1000,290
TMEM42,Age,0.25,1.0,0.06133817346829977,154,5,50,1000,291
LINC03008,Age,0.25,1.0,0.04180362809788955,154,5,50,1000,292
FBLL1,Age,0.25,2.0,0.012692312440212837,154,5,50,1000,293
TAMM41,Age,0.25,1.0,0.06751395467130936,154,5,50,1000,294
IGLVIV-65,Age,0.25,1.0,0.010752411941300711,154,5,50,1000,295
TMEM260,Age,0.25,1.0,0.01966682644364514,154,5,50,1000,296
SMIM15-AS1,Age,0.25,1.0,0.008120875428192778,154,5,50,1000,297
SUGT1-DT,Age,0.25,1.0,0.013063659891148794,154,5,50,1000,298
DTX2,Age,0.25,1.0,0.022011006175238625,154,5,50,1000,299
SF3B1,Age,0.25,1.0,0.040903376509984615,154,5,50,1000,300
ARHGDIA,Age,0.25,1.0,0.0933894529774134,154,5,50,1000,301
CHN1,Age,0.25,1.0,0.1268487616013648,154,5,50,1000,302
ANXA3,Age,0.25,1.0,0.01692305231488684,154,5,50,1000,303
FLRT3,Age,0.25,1.0,0.016495324739886724,154,5,50,1000,304
RAB29,Age,0.25,1.0,0.01880212957546852,154,5,50,1000,305
SF3A1,Age,0.25,1.0,0.11181747576198067,154,5,50,1000,306
ACBD4,Age,0.25,1.0,0.0507207743957436,154,5,50,1000,307
AGA,Age,0.25,1.0,0.001060479669642663,154,5,50,1000,308
SLC22A15,Age,0.25,1.0,0.0005271996447461412,154,5,50,1000,309
CCAR2,Age,0.25,1.0,0.07484409796460571,154,5,50,1000,310
GAB1,Age,0.25,1.0,0.04856432057085946,154,5,50,1000,311
HIC1,Age,0.25,1.0,0.11691788357810363,154,5,50,1000,312
BCL7A,Age,0.25,1.0,0.1349085539714897,154,5,50,1000,313
DGCR11,Age,0.25,1.0,0.009640497340758858,154,5,50,1000,314
CD1A,Age,0.25,1.0,0.02842414179194631,154,5,50,1000,315
IFI30,Age,0.25,1.0,0.07204082218078123,154,5,50,1000,316
ERAP2,Age,0.25,1.0,0.023770282660919417,154,5,50,1000,317
ST7-OT4,Age,0.25,1.0,0.002031299655117139,154,5,50,1000,318
DM1-AS,Age,0.25,1.0,0.004044834017207235,154,5,50,1000,319
FFAR3,Age,0.25,1.0,0.03529015907855401,154,5,50,1000,320
BCKDHB,Age,0.25,1.0,0.0003177326345389209,154,5,50,1000,321
RNASE10,Age,0.25,1.0,0.023509533518411226,154,5,50,1000,322
ST7-AS1,Age,0.25,1.0,0.023092089448181214,154,5,50,1000,323
RTL8B,Age,0.25,1.0,0.05235494125287799,154,5,50,1000,324
CCDC153,Age,0.25,1.0,0.05628061636157531,154,5,50,1000,325
CD151,Age,0.25,1.0,0.029966629113642115,154,5,50,1000,326
SYAP1,Age,0.25,1.0,0.01870686137249658,154,5,50,1000,327
C6orf136,Age,0.25,1.0,0.018010205545195307,154,5,50,1000,328
SFRP1,Age,0.25,5.0,0.11493378780615525,154,5,50,1000,329
SSUH2,Age,0.25,1.0,0.019793379761993822,154,5,50,1000,330
LINC00526,Age,0.25,2.0,0.0689465716388754,154,5,50,1000,331
SRGAP3-AS4,Age,0.25,1.0,0.029966021382937916,154,5,50,1000,332
PPT2,Age,0.25,1.0,0.1053792478728606,154,5,50,1000,333
SCHIP1,Age,0.25,1.0,0.07661965613168242,154,5,50,1000,334
OSER1-DT,Age,0.25,1.0,0.059484654763707706,154,5,50,1000,335
POLA2,Age,0.25,1.0,0.030635777632487177,154,5,50,1000,336
CLDN4,Age,0.25,1.0,0.024326404831886132,154,5,50,1000,337
MUC16,Age,0.25,1.0,0.02233716823051432,154,5,50,1000,338
HTN1,Age,0.25,1.0,0.0967143574601502,154,5,50,1000,339
ADAP2,Age,0.25,1.0,0.07557072497032452,154,5,50,1000,340
LMO2,Age,0.25,1.0,0.10097517274618949,154,5,50,1000,341
SPAAR,Age,0.25,1.0,0.08530823229088841,154,5,50,1000,342
HGF,Age,0.25,2.0,0.11794633346547159,154,5,50,1000,343
H2AZ2,Age,0.25,1.0,0.08017061795956983,154,5,50,1000,344
RAB4A,Age,0.25,1.0,0.013226355316885938,154,5,50,1000,345
RBM33-DT,Age,0.25,1.0,0.06278991432132112,154,5,50,1000,346
LOC100289495,Age,0.25,1.0,0.08104652716482566,154,5,50,1000,347
KCNN3,Age,0.25,1.0,0.06201923055032181,154,5,50,1000,348
OARD1,Age,0.25,1.0,0.09017026559243303,154,5,50,1000,349
COPS7A,Age,0.25,1.0,0.08360366384856678,154,5,50,1000,350
OBSCN,Age,0.25,1.0,0.054174471730938846,154,5,50,1000,351
HSF1,Age,0.25,1.0,0.0518853925814218,154,5,50,1000,352
INTS3,Age,0.25,1.0,0.03573931053751498,154,5,50,1000,353
MAD2L2,Age,0.25,1.0,0.11193213094620827,154,5,50,1000,354
ADCY3,Age,0.25,1.0,0.11958015101219772,154,5,50,1000,355
PPP1R7,Age,0.25,1.0,0.061083746476089926,154,5,50,1000,356
SCUBE1,Age,0.25,1.0,0.07676856606570653,154,5,50,1000,357
SNORA11F,Age,0.25,1.0,0.01509177003613797,154,5,50,1000,358
ASF1A,Age,0.25,1.0,0.12022281999786755,154,5,50,1000,359
CTHRC1,Age,0.25,1.0,0.0803648531832728,154,5,50,1000,360
EGFR-AS1,Age,0.25,1.0,0.0030158781828792222,154,5,50,1000,361
PDZRN4,Age,0.25,1.0,0.08512450003496995,154,5,50,1000,362
SH2D3A,Age,0.25,1.0,0.04648966614704629,154,5,50,1000,363
FGD3,Age,0.25,1.0,0.14218065376926567,154,5,50,1000,364
DPP3,Age,0.25,1.0,0.034518642623036826,154,5,50,1000,365
ALDOA,Age,0.25,1.0,0.07048520719723757,154,5,50,1000,366
BICRA,Age,0.25,1.0,0.04336583380382937,154,5,50,1000,367
LOC107984974,Age,0.25,1.0,0.04007567359663691,154,5,50,1000,368
RNPC3,Age,0.25,1.0,0.04258416334594789,154,5,50,1000,369
PPBP,Age,0.25,2.0,0.02663789419358143,154,5,50,1000,370
FHIT,Age,0.25,1.0,0.036129191040991375,154,5,50,1000,371
LCN8,Age,0.25,2.0,6.5944331500031045e-06,154,5,50,1000,372
GIPC1,Age,0.25,1.0,0.026486339950485202,154,5,50,1000,373
DENND6B,Age,0.25,1.0,0.0227805639845006,154,5,50,1000,374
LRRC34,Age,0.25,1.0,0.07267729422622139,154,5,50,1000,375
LINC02298,Age,0.25,1.0,0.05611789691982489,154,5,50,1000,376
ELF4,Age,0.25,1.0,0.06602042753573524,154,5,50,1000,377
RRN3P1,Age,0.25,1.0,0.056887677222812114,154,5,50,1000,378
RBM33,Age,0.25,1.0,0.03503002295791603,154,5,50,1000,379
HPF1,Age,0.25,1.0,0.13794722480328575,154,5,50,1000,380
OTUB1,Age,0.25,1.0,0.08680543116584359,154,5,50,1000,381
GRIN2D,Age,0.25,1.0,0.010866264694781736,154,5,50,1000,382
C15orf40,Age,0.25,1.0,0.037909827472442606,154,5,50,1000,383
FGF22,Age,0.25,1.0,0.0003520998856133358,154,5,50,1000,384
ZNF695,Age,0.25,1.0,0.058753480644712176,154,5,50,1000,385
MAVS,Age,0.25,1.0,0.0057390457113592605,154,5,50,1000,386
LOC728024,Age,0.25,1.0,0.06407421409018449,154,5,50,1000,387
OXNAD1,Age,0.25,1.0,0.06698060096266582,154,5,50,1000,388
GCC2-AS1,Age,0.25,1.0,0.04862032733306004,154,5,50,1000,389
LINC01535,Age,0.25,1.0,0.019670246509195088,154,5,50,1000,390
C1QTNF1,Age,0.25,1.0,0.011585490693416958,154,5,50,1000,391
CCDC34,Age,0.25,1.0,0.1359176840992339,154,5,50,1000,392
ZFC3H1,Age,0.25,1.0,0.03207951000669056,154,5,50,1000,393
TMBIM7P,Age,0.25,1.0,0.00031352139135899803,154,5,50,1000,394
LUZP1,Age,0.25,1.0,0.0868633093123601,154,5,50,1000,395
COX6B2,Age,0.25,1.0,0.06086611688574139,154,5,50,1000,396
LOC100130872,Age,0.25,1.0,0.05598927355676588,154,5,50,1000,397
CCN5,Age,0.25,1.0,0.1157487120863646,154,5,50,1000,398
IL20,Age,0.25,1.0,0.07224622586402502,154,5,50,1000,399
RPS26,Age,0.25,2.0,0.009179494394726012,154,5,50,1000,400
OR10A6,Age,0.25,1.0,0.00790423818337423,154,5,50,1000,401
CMPK2,Age,0.25,2.0,0.06703065604608453,154,5,50,1000,402
DERL3,Age,0.25,1.0,0.008282933743271883,154,5,50,1000,403
LBP,Age,0.25,1.0,0.11150727802413782,154,5,50,1000,404
MIR19B1,Age,0.25,1.0,0.012760076939534478,154,5,50,1000,405
LINC00311,Age,0.25,1.0,0.0035509661750333667,154,5,50,1000,406
ZFAND2A,Age,0.25,1.0,0.017101894426487525,154,5,50,1000,407
C1QTNF9,Age,0.25,1.0,0.024160146220024582,154,5,50,1000,408
BTG1-DT,Age,0.25,2.0,0.036771100292487896,154,5,50,1000,409
RTN1,Age,0.25,1.0,0.005482298001866825,154,5,50,1000,410
LOC100996583,Age,0.25,1.0,0.020209003053291485,154,5,50,1000,411
BAIAP2,Age,0.25,1.0,0.01210779896284207,154,5,50,1000,412
PSME2,Age,0.25,1.0,0.07520299042341325,154,5,50,1000,413
GJA5,Age,0.25,1.0,0.07580677269470594,154,5,50,1000,414
PIK3C2B,Age,0.25,1.0,0.06742491550569478,154,5,50,1000,415
HOMER3-AS1,Age,0.25,1.0,0.007187809571001399,154,5,50,1000,416
MAP4K3-DT,Age,0.25,1.0,0.0873111419002729,154,5,50,1000,417
CNOT11,Age,0.25,1.0,0.06167823199062065,154,5,50,1000,418
TMEM119,Age,0.25,5.0,0.16472937311739705,154,5,50,1000,419
RNF5,Age,0.25,1.0,0.09006736087545916,154,5,50,1000,420
MGAT4C,Age,0.25,1.0,0.007700786219357516,154,5,50,1000,421
FXR2,Age,0.25,1.0,0.01630450771865427,154,5,50,1000,422
BLOC1S3,Age,0.25,1.0,0.0829112969418131,154,5,50,1000,423
ANGPTL5,Age,0.25,1.0,0.07950796185255568,154,5,50,1000,424
MINAR1,Age,0.25,1.0,0.018409851812723824,154,5,50,1000,425
NCAM2,Age,0.25,1.0,0.06509231069345098,154,5,50,1000,426
EDA2R,Age,0.25,1.0,0.06124712046239674,154,5,50,1000,427
ZCCHC7,Age,0.25,1.0,0.1605222541894706,154,5,50,1000,428
LSAMP,Age,0.25,1.0,0.09964867273254004,154,5,50,1000,429
CHRDL2,Age,0.25,1.0,0.03145947966236986,154,5,50,1000,430
TMEM167A,Age,0.25,1.0,0.000293761681341458,154,5,50,1000,431
PTP4A1,Age,0.25,1.0,0.01330531845683052,154,5,50,1000,432
SLC25A21-AS1,Age,0.25,1.0,0.0769045755864155,154,5,50,1000,433
ATP1A1,Age,0.25,1.0,0.06769220925954736,154,5,50,1000,434
MCU,Age,0.25,1.0,0.0898617276985201,154,5,50,1000,435
ZBTB8B,Age,0.25,1.0,0.014459760574375148,154,5,50,1000,436
LINC01814,Age,0.25,1.0,0.003426205648870346,154,5,50,1000,437
ANKRA2,Age,0.25,1.0,0.046563605962239955,154,5,50,1000,438
BRAT1,Age,0.25,1.0,0.06130093562224447,154,5,50,1000,439
OTOP2,Age,0.25,1.0,0.0021491064909413085,154,5,50,1000,440
DNAJC30,Age,0.25,2.0,0.12069871392164072,154,5,50,1000,441
FGF10,Age,0.25,1.0,0.08365690213013875,154,5,50,1000,442
NUDT9P1,Age,0.25,1.0,0.029161924333117133,154,5,50,1000,443
POMZP3,Age,0.25,1.0,0.044587853022041705,154,5,50,1000,444
CLPTM1,Age,0.25,1.0,0.06751395467130936,154,5,50,1000,445
LOC149684,Age,0.25,1.0,0.038160902594716196,154,5,50,1000,446
GDNF-AS1,Age,0.25,1.0,0.0026928598437510015,154,5,50,1000,447
ANKRD18CP,Age,0.25,1.0,0.0003985524107843756,154,5,50,1000,448
FOXP4-AS1,Age,0.25,1.0,0.007358044090232727,154,5,50,1000,449
LOC441666,Age,0.25,1.0,0.023595674947252086,154,5,50,1000,450
GEM,Age,0.25,1.0,0.14464710622197663,154,5,50,1000,451
ELOF1,Age,0.25,1.0,0.03586903569599537,154,5,50,1000,452
PMS2P5,Age,0.25,1.0,0.03522275999704417,154,5,50,1000,453
C10orf90,Age,0.25,1.0,0.02117357697063866,154,5,50,1000,454
GRIP1,Age,0.25,1.0,0.015836679903127385,154,5,50,1000,455
PIK3C2G,Age,0.25,2.0,0.01596168595925343,154,5,50,1000,456
GPR161,Age,0.25,1.0,0.09655855399572506,154,5,50,1000,457
PTTG1,Age,0.25,1.0,0.051417958994071276,154,5,50,1000,458
GNPNAT1,Age,0.25,1.0,0.015568899092407126,154,5,50,1000,459
PIWIL2,Age,0.25,1.0,0.03975354062167397,154,5,50,1000,460
ZNF501,Age,0.25,1.0,0.05497818276969993,154,5,50,1000,461
ZNF626,Age,0.25,1.0,0.07185692736826148,154,5,50,1000,462
ZNF658,Age,0.25,1.0,0.05057959678074378,154,5,50,1000,463
PRKG1,Age,0.25,1.0,0.06930707597421763,154,5,50,1000,464
ZNF674,Age,0.25,1.0,0.03596561353387177,154,5,50,1000,465
AMOTL2,Age,0.234375,6.0,0.1726077836945786,154,5,50,1000,466
CXCL17,Age,0.23224431818181818,11.0,0.14205142800564352,154,5,50,1000,467
PTGER2,Age,0.23203125,10.0,0.20396534499320443,154,5,50,1000,468
QPRT,Age,0.23177083333333334,9.0,0.1046017488308542,154,5,50,1000,469
FAM53B,Age,0.23125,5.0,0.15553508917921643,154,5,50,1000,470
SLC22A18AS,Age,0.22916666666666666,3.0,0.08439846545360422,154,5,50,1000,471
GATA2,Age,0.22916666666666666,6.0,0.17019520713422562,154,5,50,1000,472
EPO,Age,0.2265625,5.0,0.12469245969393225,154,5,50,1000,473
TMEM35B,Age,0.2265625,13.0,0.17104476591666518,154,5,50,1000,474
PRELP,Age,0.22395833333333334,6.0,0.16625856559490504,154,5,50,1000,475
SLC26A9-AS1,Age,0.22265625,6.0,0.1496468655328927,154,5,50,1000,476
PIK3CD-AS2,Age,0.220703125,4.0,0.07548526602301425,154,5,50,1000,477
PCSK1N,Age,0.220703125,4.0,0.01796423184206537,154,5,50,1000,478
MRPS18B,Age,0.21953125,5.0,0.17994738992672685,154,5,50,1000,479
HYAL1,Age,0.21875,4.0,0.07699966624266572,154,5,50,1000,480
RARRES1,Age,0.21875,9.0,0.21036203498058278,154,5,50,1000,481
SCUBE2,Age,0.21875,3.0,0.08481866684900312,154,5,50,1000,482
COPZ2,Age,0.21205357142857142,7.0,0.04014432570156641,154,5,50,1000,483
C11orf96,Age,0.2109375,3.0,0.06722913039606089,154,5,50,1000,484
SEC11A,Age,0.2109375,3.0,0.14205142800564352,154,5,50,1000,485
EGOT,Age,0.2109375,3.0,0.07898143737303422,154,5,50,1000,486
TUBB2B,Age,0.2109375,6.0,0.10660684856301844,154,5,50,1000,487
RERG,Age,0.20833333333333334,3.0,0.2226422426742042,154,5,50,1000,488
SH3GL3,Age,0.20833333333333334,3.0,0.049970923553056705,154,5,50,1000,489
CD37,Age,0.20833333333333334,3.0,0.07139821850284679,154,5,50,1000,490
MGP,Age,0.20833333333333334,3.0,0.15634728147578936,154,5,50,1000,491
PLN,Age,0.20833333333333334,3.0,0.10806681474311733,154,5,50,1000,492
RAMP3,Age,0.2078125,5.0,0.20088084733911918,154,5,50,1000,493
PPP1R1A,Age,0.20703125,9.0,0.13508054345895976,154,5,50,1000,494
ADRA2A,Age,0.2065972222222222,9.0,0.19996008072512242,154,5,50,1000,495
CTSG,Age,0.20572916666666666,6.0,0.19146825305024864,154,5,50,1000,496
PRMT1,Age,0.20525568181818182,11.0,0.1618159489356419,154,5,50,1000,497
EPB41L4B,Age,0.203125,4.0,0.10840514007151827,154,5,50,1000,498
FST,Age,0.203125,4.0,0.13281045714760384,154,5,50,1000,499
TSPAN4,Age,0.1953125,13.0,0.16625856559490504,154,5,50,1000,500
CARD8,Age,0.1953125,8.0,0.11962927452071713,154,5,50,1000,501
G0S2,Age,0.19466145833333334,6.0,0.20319201736707304,154,5,50,1000,502
SLC2A4,Age,0.19466145833333334,6.0,0.17777281908059667,154,5,50,1000,503
CDCA4,Age,0.19419642857142858,7.0,0.1838949300244252,154,5,50,1000,504
RBMX2,Age,0.193359375,4.0,0.14101973698077233,154,5,50,1000,505
SGK2,Age,0.19270833333333334,3.0,0.07818226540232967,154,5,50,1000,506
UBE2E2,Age,0.19270833333333334,3.0,0.10032266929959383,154,5,50,1000,507
ECHS1,Age,0.19270833333333334,3.0,0.10515681152774888,154,5,50,1000,508
PHC2,Age,0.19270833333333334,3.0,0.13718438446917827,154,5,50,1000,509
UBE2D1,Age,0.19196428571428573,7.0,0.15879654887014183,154,5,50,1000,510
MRPL50,Age,0.19140625,4.0,0.09140970487834894,154,5,50,1000,511
GAS2,Age,0.190625,5.0,0.08014250916067839,154,5,50,1000,512
RPS27L,Age,0.19010416666666666,3.0,0.0023860792566959923,154,5,50,1000,513
SEC1P,Age,0.19010416666666666,3.0,0.06983449657170954,154,5,50,1000,514
PDE1B,Age,0.1884765625,4.0,0.10490866131186503,154,5,50,1000,515
TRIM22,Age,0.1875,2.0,0.10195789369878107,154,5,50,1000,516
LEP,Age,0.1875,2.0,0.09278920829896353,154,5,50,1000,517
USP12-DT,Age,0.1875,2.0,0.037264852620484956,154,5,50,1000,518
LOC101927468,Age,0.1875,2.0,0.05687094483631717,154,5,50,1000,519
ERH,Age,0.1875,2.0,0.06939734893889386,154,5,50,1000,520
VAV2,Age,0.1875,2.0,0.08007358847622276,154,5,50,1000,521
PLIN4,Age,0.1875,2.0,0.12078902535929519,154,5,50,1000,522
CHMP2A,Age,0.1875,2.0,0.07454640368944696,154,5,50,1000,523
PTENP1,Age,0.1875,2.0,0.031295182180291606,154,5,50,1000,524
SUPT4H1,Age,0.1875,2.0,0.0997805321166782,154,5,50,1000,525
MIR653,Age,0.1875,2.0,0.03847345684346443,154,5,50,1000,526
CALML4,Age,0.1875,2.0,0.0939139644594486,154,5,50,1000,527
ZBTB11-AS1,Age,0.1875,2.0,0.11030201844780976,154,5,50,1000,528
DTYMK,Age,0.1875,2.0,0.08842887572160904,154,5,50,1000,529
C12orf43,Age,0.1875,2.0,0.11539910630940013,154,5,50,1000,530
CYB561A3,Age,0.1875,2.0,0.17575514634847103,154,5,50,1000,531
LRRC20,Age,0.1875,2.0,0.10890805342075842,154,5,50,1000,532
RALGAPA1P1,Age,0.1875,2.0,0.0063874648845310645,154,5,50,1000,533
ADI1,Age,0.1875,2.0,0.0547344108717438,154,5,50,1000,534
TFPI2,Age,0.1875,3.0,0.04007567359663691,154,5,50,1000,535
CYP26B1,Age,0.1875,3.0,0.12368714724902158,154,5,50,1000,536
MTCP1,Age,0.1875,3.0,0.030888292763030116,154,5,50,1000,537
SMIM29,Age,0.1875,2.0,0.10840514007151827,154,5,50,1000,538
ZNF354B,Age,0.1875,2.0,0.02262175325390714,154,5,50,1000,539
ALMS1,Age,0.1875,3.0,0.08133955444196375,154,5,50,1000,540
LINC01106,Age,0.1875,2.0,0.0957150032602923,154,5,50,1000,541
RNF146,Age,0.1875,2.0,0.06930707597421763,154,5,50,1000,542
STARD7,Age,0.1875,3.0,0.12794992726387328,154,5,50,1000,543
AOC3,Age,0.18489583333333334,6.0,0.15494048470679062,154,5,50,1000,544
MMRN2,Age,0.18359375,6.0,0.13503448960428083,154,5,50,1000,545
ATP6V0A4,Age,0.1828125,5.0,0.18284065472532732,154,5,50,1000,546
GMFG,Age,0.18229166666666666,3.0,0.08904154508421476,154,5,50,1000,547
SYCE3,Age,0.18229166666666666,3.0,0.04787816043467339,154,5,50,1000,548
MIF,Age,0.18229166666666666,3.0,0.024487063095411772,154,5,50,1000,549
RERGL,Age,0.18229166666666666,3.0,0.10455519824574133,154,5,50,1000,550
SFTA1P,Age,0.1796875,3.0,0.1164894461052867,154,5,50,1000,551
SLC24A3,Age,0.1796875,4.0,0.12905585186561944,154,5,50,1000,552
TMEM98,Age,0.1796875,3.0,0.15770563549031225,154,5,50,1000,553
OVOS2,Age,0.17838541666666666,6.0,0.09838519803978721,154,5,50,1000,554
SAA2,Age,0.178125,5.0,0.12758234327201068,154,5,50,1000,555
ISCU,Age,0.17708333333333334,3.0,0.11204684488277213,154,5,50,1000,556
LINC02532,Age,0.17708333333333334,3.0,0.08009308072612369,154,5,50,1000,557
TCTN1,Age,0.17708333333333334,3.0,0.07167326756508682,154,5,50,1000,558
LINC02975,Age,0.17708333333333334,3.0,0.05683938957556414,154,5,50,1000,559
DGAT2,Age,0.17708333333333334,3.0,0.13314854842843057,154,5,50,1000,560
ANXA2R,Age,0.17708333333333334,3.0,0.10885706304209398,154,5,50,1000,561
SUSD4,Age,0.1765625,5.0,0.1507856955882945,154,5,50,1000,562
MFSD10,Age,0.17578125,4.0,0.1204606494550816,154,5,50,1000,563
GJC2,Age,0.17578125,4.0,0.07381046766580596,154,5,50,1000,564
INSYN2B,Age,0.175,5.0,0.1434681087251821,154,5,50,1000,565
ATP23,Age,0.175,5.0,0.10660684856301844,154,5,50,1000,566
LINC03014,Age,0.175,5.0,0.21345713844194966,154,5,50,1000,567
STK19,Age,0.17447916666666666,3.0,0.13604408975071508,154,5,50,1000,568
TNKS,Age,0.171875,3.0,0.062361169147403264,154,5,50,1000,569
FAM133CP,Age,0.171875,3.0,0.030309729512849017,154,5,50,1000,570
THRSP,Age,0.171875,4.0,0.09848539561597998,154,5,50,1000,571
ID3,Age,0.1708984375,8.0,0.1558055849353957,154,5,50,1000,572
SULT1A1,Age,0.17020089285714285,7.0,0.1505733075005186,154,5,50,1000,573
DPH6-DT,Age,0.16927083333333334,3.0,0.03541351862465005,154,5,50,1000,574
C7orf50,Age,0.16927083333333334,3.0,0.053063230042760375,154,5,50,1000,575
COPS6,Age,0.16927083333333334,3.0,0.10976372909538629,154,5,50,1000,576
SF3B6,Age,0.16875,5.0,0.053458780146686646,154,5,50,1000,577
HPRT1,Age,0.16796875,3.0,0.13465685896291635,154,5,50,1000,578
LSM10,Age,0.16666666666666666,3.0,0.04671166184963605,154,5,50,1000,579
CCDC106,Age,0.16666666666666666,3.0,0.052433404997964284,154,5,50,1000,580
ZNHIT3,Age,0.16666666666666666,3.0,0.059819543080436965,154,5,50,1000,581
DUXAP8,Age,0.16666666666666666,3.0,0.053148296634564655,154,5,50,1000,582
LOC101928266,Age,0.16666666666666666,3.0,0.023089572969260962,154,5,50,1000,583
TMEM25,Age,0.16666666666666666,3.0,0.06082984825490651,154,5,50,1000,584
FSCN1,Age,0.1640625,4.0,0.20769776341165644,154,5,50,1000,585
TMEM176A,Age,0.1640625,4.0,0.17980200727063092,154,5,50,1000,586
SYNDIG1,Age,0.16350446428571427,7.0,0.12099124026969334,154,5,50,1000,587
FKBP3,Age,0.16071428571428573,7.0,0.08904154508421476,154,5,50,1000,588
UST,Age,0.16015625,4.0,0.16816511307406268,154,5,50,1000,589
PIP4P2,Age,0.16015625,4.0,0.12429788204143624,154,5,50,1000,590
PAQR6,Age,0.159375,5.0,0.05007944457613217,154,5,50,1000,591
PLAC8,Age,0.158203125,4.0,0.1349085539714897,154,5,50,1000,592
RND3,Age,0.158203125,4.0,0.1641685981130012,154,5,50,1000,593
PXN-AS1,Age,0.158203125,4.0,0.021625677438305308,154,5,50,1000,594
MAGOH,Age,0.15625,2.0,0.08271400659662417,154,5,50,1000,595
ITM2A,Age,0.15625,5.0,0.1956911359718684,154,5,50,1000,596
MOSMO,Age,0.15625,2.0,0.0606608765357989,154,5,50,1000,597
IL12RB1,Age,0.15625,2.0,0.04634196277366783,154,5,50,1000,598
SAMD11,Age,0.15625,2.0,0.14303419441211976,154,5,50,1000,599
HNRNPR,Age,0.15625,2.0,0.09848539561597998,154,5,50,1000,600
TNMD,Age,0.15625,2.0,0.11102147149083279,154,5,50,1000,601
TMEM139,Age,0.15625,2.0,0.05204167379589545,154,5,50,1000,602
CCL18,Age,0.15625,2.0,0.05815450187059358,154,5,50,1000,603
DDX11,Age,0.15625,2.0,0.03809626993407935,154,5,50,1000,604
PINLYP,Age,0.15625,4.0,0.14089103998817668,154,5,50,1000,605
LAMTOR3,Age,0.15625,2.0,0.07709481565125223,154,5,50,1000,606
KLK15,Age,0.15625,2.0,0.021966319371081233,154,5,50,1000,607
DSE,Age,0.15625,2.0,0.14179315273540816,154,5,50,1000,608
LRMDA,Age,0.15625,4.0,0.026623738684648863,154,5,50,1000,609
AK1,Age,0.15625,2.0,0.02821287187603363,154,5,50,1000,610
LOC110091768,Age,0.15625,2.0,0.0005329645085061543,154,5,50,1000,611
COL9A2,Age,0.15625,2.0,0.06654194830709498,154,5,50,1000,612
MED28,Age,0.15625,2.0,0.09401904301286443,154,5,50,1000,613
BMP4,Age,0.15625,2.0,0.10097517274618949,154,5,50,1000,614
LILRB3,Age,0.15625,2.0,0.0398460005810323,154,5,50,1000,615
BABAM2,Age,0.15625,4.0,0.1449079665950079,154,5,50,1000,616
STEAP1B,Age,0.15625,2.0,0.05477075154181921,154,5,50,1000,617
MIR93,Age,0.15625,2.0,0.056007984389136636,154,5,50,1000,618
PPDPFL,Age,0.15625,2.0,0.0810935206406494,154,5,50,1000,619
FHIP2A,Age,0.15625,2.0,0.07891381735828668,154,5,50,1000,620
ZNF677,Age,0.15625,2.0,0.06408496269351494,154,5,50,1000,621
LINC01267,Age,0.15625,4.0,0.04247762317580137,154,5,50,1000,622
ROBO2,Age,0.15625,2.0,0.035825758649392914,154,5,50,1000,623
PRR13,Age,0.15625,2.0,0.13202825006210483,154,5,50,1000,624
ETAA1,Age,0.15625,2.0,0.01515579409548302,154,5,50,1000,625
SPA17,Age,0.15625,2.0,0.10851803268565782,154,5,50,1000,626
TCHH,Age,0.15625,2.0,0.007796648086168388,154,5,50,1000,627
ADM2,Age,0.15625,2.0,0.02411301634655969,154,5,50,1000,628
C14orf180,Age,0.15625,6.0,0.14220577256533695,154,5,50,1000,629
CCDC103,Age,0.15625,2.0,0.08037003626434454,154,5,50,1000,630
SPIN3,Age,0.15625,2.0,0.04152970579077272,154,5,50,1000,631
LRRC10B,Age,0.15625,2.0,0.14319334751574916,154,5,50,1000,632
PIGY,Age,0.15625,2.0,0.06495567231701103,154,5,50,1000,633
RHCE,Age,0.15625,2.0,0.056079938632833386,154,5,50,1000,634
OGFR,Age,0.15625,2.0,0.07567374351776293,154,5,50,1000,635
RAB12,Age,0.15625,2.0,0.058416271704059296,154,5,50,1000,636
LOC101927495,Age,0.15625,2.0,0.043010044552644504,154,5,50,1000,637
SETD3,Age,0.15625,2.0,0.027983032736552067,154,5,50,1000,638
JAML,Age,0.15625,2.0,0.10184846747248136,154,5,50,1000,639
RNF113B,Age,0.15625,2.0,0.00727118000583688,154,5,50,1000,640
ADORA3,Age,0.15625,2.0,0.057032002172005,154,5,50,1000,641
CYP4V2,Age,0.15625,2.0,0.06687761105480433,154,5,50,1000,642
RPL39L,Age,0.15625,2.0,0.029024711658588876,154,5,50,1000,643
EIF1B-AS1,Age,0.15625,2.0,0.10471051750811654,154,5,50,1000,644
CD81-AS1,Age,0.15625,2.0,0.02618809060559891,154,5,50,1000,645
MS4A2,Age,0.15625,2.0,0.12185822702579585,154,5,50,1000,646
FHL2,Age,0.15234375,4.0,0.1487168511791131,154,5,50,1000,647
CCNJL,Age,0.15234375,6.0,0.13060870794835494,154,5,50,1000,648
SNRPB2,Age,0.15234375,8.0,0.12429788204143624,154,5,50,1000,649
CLN6,Age,0.1484375,4.0,0.1583870157101837,154,5,50,1000,650
NT5C3B,Age,0.1484375,4.0,0.05219819001971418,154,5,50,1000,651
CLU,Age,0.1474609375,6.0,0.2354370914573676,154,5,50,1000,652
LGALS12,Age,0.14732142857142858,7.0,0.13536922733584325,154,5,50,1000,653
HS6ST1,Age,0.14630681818181818,11.0,0.1638909345717973,154,5,50,1000,654
PODNL1,Age,0.14583333333333334,6.0,0.09270046329419712,154,5,50,1000,655
PFDN5,Age,0.14583333333333334,3.0,0.04055747213020504,154,5,50,1000,656
CRAT,Age,0.14583333333333334,3.0,0.08163311049012827,154,5,50,1000,657
ERP27,Age,0.14583333333333334,3.0,0.14089103998817668,154,5,50,1000,658
LRIF1,Age,0.14583333333333334,3.0,0.11750467253658316,154,5,50,1000,659
TRAM1L1,Age,0.14583333333333334,3.0,0.10224039471994936,154,5,50,1000,660
SDHAF2,Age,0.14583333333333334,3.0,0.08609990373576581,154,5,50,1000,661
B4GALT7,Age,0.14583333333333334,3.0,0.04350871948563386,154,5,50,1000,662
TMEM229B,Age,0.14583333333333334,3.0,0.07661965613168242,154,5,50,1000,663
DMRT2,Age,0.14583333333333334,3.0,0.09350851143352945,154,5,50,1000,664
DOK1,Age,0.14508928571428573,7.0,0.15163930988977042,154,5,50,1000,665
DRAP1,Age,0.14453125,4.0,0.07094097844583881,154,5,50,1000,666
MRPL16,Age,0.14453125,4.0,0.08802160452659723,154,5,50,1000,667
TMEM130,Age,0.1440972222222222,9.0,0.09554373408267931,154,5,50,1000,668
RPUSD2,Age,0.14375,5.0,0.11056014638967113,154,5,50,1000,669
CPEB1,Age,0.14375,5.0,0.16681812284552427,154,5,50,1000,670
SLC16A2,Age,0.14375,5.0,0.11710370608881578,154,5,50,1000,671
KLHDC7B,Age,0.140625,2.0,0.07019774431572563,154,5,50,1000,672
CRYZL2P,Age,0.140625,2.0,0.0609990549833592,154,5,50,1000,673
WBP1,Age,0.140625,2.0,0.03593398640373996,154,5,50,1000,674
POMGNT2,Age,0.140625,2.0,0.1096501902055478,154,5,50,1000,675
ZFP2,Age,0.140625,2.0,0.07134298758702072,154,5,50,1000,676
HYAL3,Age,0.140625,2.0,0.02821287187603363,154,5,50,1000,677
C12orf42,Age,0.140625,2.0,0.06031834729145005,154,5,50,1000,678
MOCS3,Age,0.140625,2.0,0.0874124603041676,154,5,50,1000,679
ZFAND3,Age,0.140625,2.0,0.08685929467824507,154,5,50,1000,680
SLC44A5,Age,0.140625,2.0,0.01612921509212041,154,5,50,1000,681
AGMO,Age,0.140625,2.0,0.07790041991420044,154,5,50,1000,682
TFIP11-DT,Age,0.140625,2.0,0.11992759493429057,154,5,50,1000,683
B3GAT3,Age,0.140625,2.0,0.06504306641721011,154,5,50,1000,684
CCDC122,Age,0.140625,2.0,0.04592365137849941,154,5,50,1000,685
APOBEC3H,Age,0.140625,2.0,0.0397304241585259,154,5,50,1000,686
FAM3D,Age,0.140625,2.0,0.03503002295791603,154,5,50,1000,687
IFITM3,Age,0.140625,4.0,0.13528653712687178,154,5,50,1000,688
SNRNP48,Age,0.140625,2.0,0.06732651410573481,154,5,50,1000,689
RAB42,Age,0.140625,2.0,0.08150653243740069,154,5,50,1000,690
RENBP,Age,0.140625,2.0,0.10417857790286908,154,5,50,1000,691
DDC,Age,0.140625,2.0,0.006811720640664356,154,5,50,1000,692
GDAP2,Age,0.140625,2.0,0.008035233893564765,154,5,50,1000,693
FMN2,Age,0.140625,2.0,0.027722412423682972,154,5,50,1000,694
TMEM216,Age,0.140625,2.0,0.055862925746785135,154,5,50,1000,695
ARRDC4,Age,0.140625,2.0,0.09282206578411206,154,5,50,1000,696
CCL26,Age,0.140625,5.0,0.06422573457251472,154,5,50,1000,697
S100B,Age,0.140625,2.0,0.18198891610737744,154,5,50,1000,698
LOC100996720,Age,0.140625,2.0,0.03534260468381837,154,5,50,1000,699
INIP,Age,0.140625,2.0,0.10108412895379902,154,5,50,1000,700
PARD6G,Age,0.140625,2.0,0.1455611456934706,154,5,50,1000,701
H3-7,Age,0.140625,2.0,0.0857554987306949,154,5,50,1000,702
DLEU1,Age,0.140625,5.0,0.11856459405903132,154,5,50,1000,703
SRF,Age,0.140625,2.0,0.09454531706498766,154,5,50,1000,704
TRIM21,Age,0.140625,2.0,0.13115780482412195,154,5,50,1000,705
SNRPD1,Age,0.140625,2.0,0.08281262239305048,154,5,50,1000,706
CHMP1B,Age,0.140625,2.0,0.11785745093970613,154,5,50,1000,707
CLPP,Age,0.140625,2.0,0.016348307585342284,154,5,50,1000,708
AZIN2,Age,0.140625,4.0,0.1018197045056684,154,5,50,1000,709
UBA52,Age,0.140625,2.0,0.01782666324669317,154,5,50,1000,710
NEK2-DT,Age,0.140625,2.0,0.04744617102009048,154,5,50,1000,711
GLYAT,Age,0.140625,4.0,0.13101768327710522,154,5,50,1000,712
LGR4,Age,0.140625,2.0,0.07370645091398731,154,5,50,1000,713
ZNF34,Age,0.140625,2.0,0.08921776197015734,154,5,50,1000,714
WIPF1,Age,0.140625,2.0,0.12967231075391453,154,5,50,1000,715
TKFC,Age,0.140625,6.0,0.1683617523524692,154,5,50,1000,716
VLDLR-AS1,Age,0.140625,2.0,0.023487066219903586,154,5,50,1000,717
RAD50,Age,0.140625,2.0,0.048205146237576026,154,5,50,1000,718
ICMT,Age,0.140625,2.0,0.09364196729523182,154,5,50,1000,719
LOC101928796,Age,0.138671875,6.0,0.08982660870430569,154,5,50,1000,720
SHISA2,Age,0.1376953125,4.0,0.22355170541663205,154,5,50,1000,721
LMO3,Age,0.1375,5.0,0.1197499469586074,154,5,50,1000,722
PFDN2,Age,0.1375,5.0,0.0683179510169728,154,5,50,1000,723
CTCF,Age,0.13671875,4.0,0.0745375763848093,154,5,50,1000,724
SELENOP,Age,0.13623046875,6.0,0.15879654887014183,154,5,50,1000,725
BEND6,Age,0.13541666666666666,3.0,0.08050816407024455,154,5,50,1000,726
NPM2,Age,0.13541666666666666,3.0,0.13992066789714272,154,5,50,1000,727
BMPER,Age,0.13541666666666666,3.0,0.09824819489432565,154,5,50,1000,728
ROBO4,Age,0.13541666666666666,3.0,0.09882908198939575,154,5,50,1000,729
RAB17,Age,0.13541666666666666,3.0,0.003630416145070139,154,5,50,1000,730
TGM1,Age,0.13541666666666666,3.0,0.1545621819899319,154,5,50,1000,731
BEND5,Age,0.13494318181818182,11.0,0.16995576967225856,154,5,50,1000,732
AIF1,Age,0.134765625,4.0,0.10305538734027275,154,5,50,1000,733
TPGS2,Age,0.134765625,4.0,0.21114887564405593,154,5,50,1000,734
ROBO3,Age,0.134375,5.0,0.16085214623532873,154,5,50,1000,735
GLIPR2,Age,0.134375,5.0,0.13352713966498153,154,5,50,1000,736
CXCL12,Age,0.13392857142857142,7.0,0.2165383449546188,154,5,50,1000,737
CHST7,Age,0.1337890625,4.0,0.08241851172136277,154,5,50,1000,738
MRPS7,Age,0.1337890625,4.0,0.05749506564831828,154,5,50,1000,739
DNASE1L3,Age,0.1328125,2.0,0.09709187832820049,154,5,50,1000,740
IL32,Age,0.1328125,2.0,0.11832864467657782,154,5,50,1000,741
PTMS,Age,0.1328125,2.0,0.024433451588566964,154,5,50,1000,742
ASAP1,Age,0.1328125,2.0,0.08347472914867166,154,5,50,1000,743
TMEM37,Age,0.1328125,2.0,0.1751239191957532,154,5,50,1000,744
FAM88E,Age,0.1328125,2.0,0.035749548691243416,154,5,50,1000,745
ANKK1,Age,0.1328125,2.0,0.0697350309255222,154,5,50,1000,746
PKN1,Age,0.1328125,2.0,0.06382489547702334,154,5,50,1000,747
ADAMTSL2,Age,0.1328125,2.0,0.038119609564361945,154,5,50,1000,748
FAM86DP,Age,0.1328125,2.0,0.05056649076070306,154,5,50,1000,749
STAP1,Age,0.1328125,2.0,0.05500327894870842,154,5,50,1000,750
CETN3,Age,0.1328125,2.0,0.11216161757167219,154,5,50,1000,751
SF1,Age,0.1328125,2.0,0.10874399417094568,154,5,50,1000,752
STMP1,Age,0.1328125,2.0,0.05033550595066428,154,5,50,1000,753
TRAIP,Age,0.1328125,2.0,0.08606417217102641,154,5,50,1000,754
SULT1C2,Age,0.1328125,2.0,0.05977006378269164,154,5,50,1000,755
RBMS3,Age,0.1328125,2.0,0.061730127858884355,154,5,50,1000,756
ASIC2,Age,0.1328125,2.0,0.022244563179413496,154,5,50,1000,757
RBPMS,Age,0.1328125,2.0,0.16723840768301948,154,5,50,1000,758
TRD-AS1,Age,0.1328125,2.0,0.05692011587431754,154,5,50,1000,759
COLCA2,Age,0.1328125,2.0,0.1569661161747966,154,5,50,1000,760
MAP9,Age,0.1328125,2.0,0.04411327568005516,154,5,50,1000,761
IL1RN,Age,0.1328125,2.0,0.034028352894971865,154,5,50,1000,762
TMCO1,Age,0.1328125,2.0,0.10897019066557861,154,5,50,1000,763
FHAD1-AS1,Age,0.1328125,2.0,0.017042919259289573,154,5,50,1000,764
ARPC5,Age,0.1328125,2.0,0.14205142800564352,154,5,50,1000,765
ST13,Age,0.1328125,2.0,0.14845258317057827,154,5,50,1000,766
CDKL3,Age,0.1328125,2.0,0.05502570229553522,154,5,50,1000,767
WDR91,Age,0.1328125,2.0,0.07939602715820868,154,5,50,1000,768
DIMT1,Age,0.1328125,2.0,0.07139821850284679,154,5,50,1000,769
MFGE8,Age,0.1328125,2.0,0.17019520713422562,154,5,50,1000,770
MPV17L2,Age,0.1328125,2.0,0.04173953975975493,154,5,50,1000,771
ADO,Age,0.1328125,2.0,0.08853084040120264,154,5,50,1000,772
HEPACAM2,Age,0.1328125,2.0,0.07505271560741957,154,5,50,1000,773
NPR3,Age,0.1328125,2.0,0.13075165870821168,154,5,50,1000,774
PRIM1,Age,0.1328125,2.0,0.12034170535030642,154,5,50,1000,775
SLC8A1-AS1,Age,0.1328125,2.0,0.039268668578055124,154,5,50,1000,776
SMIM10L2A,Age,0.1328125,2.0,0.09336397655736617,154,5,50,1000,777
CAV2,Age,0.1328125,2.0,0.1849253578740667,154,5,50,1000,778
MRPL34,Age,0.1328125,2.0,0.020678501649156043,154,5,50,1000,779
ZNF226,Age,0.1328125,2.0,0.056757694451983094,154,5,50,1000,780
CISD1,Age,0.1328125,2.0,0.05998733975281921,154,5,50,1000,781
SNHG29,Age,0.1328125,2.0,0.06040785959965951,154,5,50,1000,782
ZNF346,Age,0.1328125,2.0,0.06219008234418999,154,5,50,1000,783
GADD45A,Age,0.1328125,2.0,0.19342314891107162,154,5,50,1000,784
LIN7A,Age,0.1328125,2.0,0.06449885363917715,154,5,50,1000,785
SERF1A,Age,0.1328125,2.0,0.028040404392918047,154,5,50,1000,786
LIPT1,Age,0.1328125,2.0,0.09255328972764308,154,5,50,1000,787
FBXL14,Age,0.1328125,2.0,0.06424287356403022,154,5,50,1000,788
FGFBP2,Age,0.1328125,2.0,0.07595690040240796,154,5,50,1000,789
IRS1,Age,0.1328125,2.0,0.16361350603993846,154,5,50,1000,790
ZNF764,Age,0.1328125,2.0,0.07576807039364167,154,5,50,1000,791
PAPLN-AS1,Age,0.1328125,2.0,0.13915179196786864,154,5,50,1000,792
SDHD,Age,0.13125,5.0,0.16250614200595367,154,5,50,1000,793
C16orf86,Age,0.13125,5.0,0.059083757570738235,154,5,50,1000,794
PTAFR,Age,0.130859375,4.0,0.12502406091771232,154,5,50,1000,795
RNASEH2A,Age,0.13020833333333334,3.0,0.1471347682680805,154,5,50,1000,796
ITGB1,Age,0.13020833333333334,3.0,0.08065664666134927,154,5,50,1000,797
HMGN3-AS1,Age,0.13020833333333334,3.0,0.05578193565123931,154,5,50,1000,798
MTCH1,Age,0.13020833333333334,3.0,0.09244903370693502,154,5,50,1000,799
GKAP1,Age,0.13020833333333334,3.0,0.05068648384717102,154,5,50,1000,800
TDRD1,Age,0.13020833333333334,3.0,0.0597026584893711,154,5,50,1000,801
PRXL2A,Age,0.13020833333333334,3.0,0.0919286348884386,154,5,50,1000,802
ZNF599,Age,0.12946428571428573,7.0,0.0834055509706701,154,5,50,1000,803
PABPC4,Age,0.12890625,2.0,0.09837784946444085,154,5,50,1000,804
HAMP,Age,0.12890625,2.0,0.0403946759773906,154,5,50,1000,805
FBLN5,Age,0.12890625,2.0,0.15607631570091995,154,5,50,1000,806
BCHE,Age,0.12890625,2.0,0.10606966138246267,154,5,50,1000,807
LOC100505774,Age,0.12890625,2.0,0.019139468483948742,154,5,50,1000,808
TRPM4,Age,0.12890625,4.0,0.038153502306366806,154,5,50,1000,809
LINC02883,Age,0.12890625,2.0,0.04758864165904161,154,5,50,1000,810
TRPV1,Age,0.12890625,2.0,0.019656299126592166,154,5,50,1000,811
CST3,Age,0.12890625,2.0,0.07103230895256789,154,5,50,1000,812
RP9,Age,0.12890625,2.0,0.09528456833608344,154,5,50,1000,813
CAPN11,Age,0.12890625,2.0,0.07547570157256492,154,5,50,1000,814
CYS1,Age,0.12890625,2.0,0.10032266929959383,154,5,50,1000,815
FBXO2,Age,0.12890625,2.0,0.1280725727658333,154,5,50,1000,816
ARF1,Age,0.12890625,2.0,0.041250749698170885,154,5,50,1000,817
IL6ST-DT,Age,0.12890625,2.0,0.02252579179510517,154,5,50,1000,818
SLCO2A1,Age,0.12890625,2.0,0.1362970773106864,154,5,50,1000,819
ADH1B,Age,0.12890625,2.0,0.17033665338379156,154,5,50,1000,820
CNTNAP3P2,Age,0.12890625,2.0,0.07084970669144604,154,5,50,1000,821
PGAP4,Age,0.12890625,2.0,0.06733593509241646,154,5,50,1000,822
ZFYVE28,Age,0.12890625,2.0,0.0519635038124905,154,5,50,1000,823
QTRT1,Age,0.12890625,2.0,0.06469384253043137,154,5,50,1000,824
GRB7,Age,0.12890625,2.0,0.012221220348008002,154,5,50,1000,825
TIMM44,Age,0.12890625,2.0,0.05578193565123931,154,5,50,1000,826
PQBP1,Age,0.12890625,2.0,0.11832864467657782,154,5,50,1000,827
DRD1,Age,0.12890625,2.0,0.04114718304814952,154,5,50,1000,828
LINC01269,Age,0.12890625,2.0,0.002541546329139856,154,5,50,1000,829
MCRS1,Age,0.12890625,2.0,0.0606608765357989,154,5,50,1000,830
SHISAL2A,Age,0.12890625,2.0,0.05857082463191754,154,5,50,1000,831
PDLIM1,Age,0.128125,5.0,0.2528805132145827,154,5,50,1000,832
HCG4B,Age,0.12760416666666666,3.0,0.04426954767025343,154,5,50,1000,833
C4orf48_1,Age,0.12760416666666666,3.0,0.04111162416588757,154,5,50,1000,834
BCL7B,Age,0.12760416666666666,3.0,0.1111307784556769,154,5,50,1000,835
MRPS6,Age,0.12723214285714285,7.0,0.13415417397380483,154,5,50,1000,836
THEM6,Age,0.12723214285714285,7.0,0.10739175039939468,154,5,50,1000,837
CREM,Age,0.126953125,4.0,0.10863098405213363,154,5,50,1000,838
RARB,Age,0.126953125,2.0,0.16236798588721876,154,5,50,1000,839
FUT6,Age,0.126953125,2.0,0.016524094575457008,154,5,50,1000,840
ZC3H7B,Age,0.126953125,2.0,0.06885659243588052,154,5,50,1000,841
OLFM4,Age,0.1265625,5.0,0.1782941705977764,154,5,50,1000,842
PCAT19,Age,0.12630208333333334,3.0,0.13029023845061624,154,5,50,1000,843
YDJC,Age,0.12630208333333334,3.0,0.11135944254843307,154,5,50,1000,844
GNAI2,Age,0.12630208333333334,3.0,0.19781985061954116,154,5,50,1000,845
LINC02910,Age,0.1259765625,2.0,0.053025097566179534,154,5,50,1000,846
FAM157C,Age,0.125,1.0,0.005071847203856607,154,5,50,1000,847
CA12,Age,0.125,1.0,0.10582482559111933,154,5,50,1000,848
PRKAR1B,Age,0.125,1.0,0.06481819300041487,154,5,50,1000,849
MSTO1,Age,0.125,1.0,0.043580250455040506,154,5,50,1000,850
BANP,Age,0.125,1.0,0.06600827917359375,154,5,50,1000,851
CDC25C,Age,0.125,1.0,0.04144368463745901,154,5,50,1000,852
CNN3-DT,Age,0.125,2.0,0.1366769992931653,154,5,50,1000,853
LRRC3B,Age,0.125,1.0,0.0026308899538809933,154,5,50,1000,854
HRCT1,Age,0.125,1.0,0.09913190632427624,154,5,50,1000,855
NIBAN2,Age,0.125,1.0,0.022285965569456497,154,5,50,1000,856
ABCC9,Age,0.125,1.0,0.07936795091731494,154,5,50,1000,857
MSTN,Age,0.125,1.0,0.051114760315348874,154,5,50,1000,858
ABCD4,Age,0.125,1.0,0.0895537185756336,154,5,50,1000,859
NICN1,Age,0.125,1.0,0.11354347252070245,154,5,50,1000,860
IL23R,Age,0.125,1.0,0.02439207477152746,154,5,50,1000,861
PCDHGA8,Age,0.125,1.0,0.01196564365277614,154,5,50,1000,862
CHCHD7,Age,0.125,1.0,0.02634481196821515,154,5,50,1000,863
ABHD12B,Age,0.125,1.0,0.010989932011212069,154,5,50,1000,864
SLA2,Age,0.125,1.0,0.06156627757130376,154,5,50,1000,865
PHTF2,Age,0.125,1.0,0.06193389278189211,154,5,50,1000,866
SIX1,Age,0.125,1.0,0.052949345898782856,154,5,50,1000,867
MIR543,Age,0.125,1.0,0.0016779960999905418,154,5,50,1000,868
HCFC1-AS1,Age,0.125,1.0,0.011651290244698161,154,5,50,1000,869
MAPRE1,Age,0.125,1.0,0.08499703425550559,154,5,50,1000,870
PCMTD2,Age,0.125,1.0,0.09265760450068743,154,5,50,1000,871
NIPSNAP3B,Age,0.125,1.0,0.054123771683609344,154,5,50,1000,872
SIRPB2,Age,0.125,1.0,0.04675268102323528,154,5,50,1000,873
KIF1A,Age,0.125,1.0,0.06469519624623331,154,5,50,1000,874
SIK2,Age,0.125,1.0,0.05562013171715643,154,5,50,1000,875
CST7,Age,0.125,1.0,0.0872098822487145,154,5,50,1000,876
LOC283788,Age,0.125,1.0,0.017291222884782898,154,5,50,1000,877
PLA2G3,Age,0.125,1.0,0.004920863543141475,154,5,50,1000,878
LOC100505978,Age,0.125,1.0,0.005202616875046287,154,5,50,1000,879
ITGB4,Age,0.125,1.0,0.057906772644718336,154,5,50,1000,880
NKTR,Age,0.125,1.0,0.014317210272238331,154,5,50,1000,881
ACBD5,Age,0.125,1.0,0.03770986389595348,154,5,50,1000,882
CD55,Age,0.125,1.0,0.08781832144310893,154,5,50,1000,883
IGLVIV-59,Age,0.125,1.0,0.006189000478669969,154,5,50,1000,884
FUNDC1,Age,0.125,2.0,0.06751395467130936,154,5,50,1000,885
LOC102724652,Age,0.125,1.0,0.010256526002442624,154,5,50,1000,886
HBM,Age,0.125,1.0,0.011462323993515008,154,5,50,1000,887
CHEK1,Age,0.125,1.0,0.05253955418425343,154,5,50,1000,888
ACOT4,Age,0.125,1.0,0.025352837522661313,154,5,50,1000,889
FAM131B-AS2,Age,0.125,1.0,0.09719871945170436,154,5,50,1000,890
FXYD4,Age,0.125,2.0,0.027140079427620537,154,5,50,1000,891
CTDSP1,Age,0.125,2.0,0.11377460421158186,154,5,50,1000,892
SH3BP2,Age,0.125,1.0,0.11158834165053437,154,5,50,1000,893
SH3BP1,Age,0.125,1.0,0.08163311049012827,154,5,50,1000,894
PCNA-AS1,Age,0.125,1.0,0.028828013114863535,154,5,50,1000,895
PGD,Age,0.125,1.0,0.08469748546904168,154,5,50,1000,896
BCAR1,Age,0.125,1.0,0.05409471543445465,154,5,50,1000,897
SH2D3C,Age,0.125,1.0,0.12297204744503787,154,5,50,1000,898
SH2D2A,Age,0.125,1.0,0.02284746712408527,154,5,50,1000,899
HLA-J,Age,0.125,1.0,0.025880597890295023,154,5,50,1000,900
CRISPLD1,Age,0.125,1.0,0.0625324909599616,154,5,50,1000,901
SGSM2,Age,0.125,1.0,0.00821244245184584,154,5,50,1000,902
ACTN2,Age,0.125,1.0,0.007970321780980625,154,5,50,1000,903
BCAS3,Age,0.125,3.0,0.12917902613860593,154,5,50,1000,904
SGO1,Age,0.125,1.0,0.017056135226835103,154,5,50,1000,905
NMU,Age,0.125,1.0,0.07914654341514711,154,5,50,1000,906
CD27,Age,0.125,1.0,0.010087658632593128,154,5,50,1000,907
CTSH,Age,0.125,1.0,0.049951706313991664,154,5,50,1000,908
PCNAP1,Age,0.125,1.0,0.021182090843179017,154,5,50,1000,909
LINC01697,Age,0.125,1.0,0.016318359139704867,154,5,50,1000,910
FAM120A,Age,0.125,1.0,0.018333666532520387,154,5,50,1000,911
CTSS,Age,0.125,1.0,0.0895537185756336,154,5,50,1000,912
HAVCR2,Age,0.125,1.0,0.10283541859328427,154,5,50,1000,913
DSEL-AS1,Age,0.125,1.0,0.03306151937329384,154,5,50,1000,914
LACTB,Age,0.125,1.0,0.08640192012035296,154,5,50,1000,915
C1QC,Age,0.125,1.0,0.11528268855508453,154,5,50,1000,916
CD2,Age,0.125,1.0,0.09161710062537598,154,5,50,1000,917
ADAM7-AS1,Age,0.125,2.0,0.038361383349258676,154,5,50,1000,918
CD1D,Age,0.125,1.0,0.14437211963192867,154,5,50,1000,919
GABRA5,Age,0.125,1.0,0.004778101571407007,154,5,50,1000,920
CWF19L2,Age,0.125,1.0,0.08449808003974713,154,5,50,1000,921
CRAMP1,Age,0.125,1.0,0.06715815052286861,154,5,50,1000,922
IFI35,Age,0.125,1.0,0.12526659056182787,154,5,50,1000,923
ADAMTSL4,Age,0.125,1.0,0.042220015167641234,154,5,50,1000,924
ADAP1,Age,0.125,1.0,0.15405156331227396,154,5,50,1000,925
LY6E-DT,Age,0.125,2.0,0.07778811435315199,154,5,50,1000,926
GABRP,Age,0.125,1.0,0.1583591373207006,154,5,50,1000,927
CCZ1B,Age,0.125,1.0,0.03966499476612155,154,5,50,1000,928
PPP5C,Age,0.125,1.0,0.08104652716482566,154,5,50,1000,929
IFIT5,Age,0.125,2.0,0.09592050362385143,154,5,50,1000,930
FAM104A,Age,0.125,1.0,0.15163930988977042,154,5,50,1000,931
SERBP1,Age,0.125,1.0,0.1054905541739209,154,5,50,1000,932
SEPTIN4-AS1,Age,0.125,1.0,0.011937312436430175,154,5,50,1000,933
BCL3,Age,0.125,1.0,0.040488467511257925,154,5,50,1000,934
CXXC4-AS1,Age,0.125,1.0,0.0047875456598302805,154,5,50,1000,935
SEPHS1,Age,0.125,1.0,0.0437234886508626,154,5,50,1000,936
SEMG2,Age,0.125,1.0,0.011479075737221798,154,5,50,1000,937
NPAS3,Age,0.125,1.0,0.0001262021964396837,154,5,50,1000,938
CCT5,Age,0.125,1.0,0.06365181109437695,154,5,50,1000,939
CYB5R3,Age,0.125,1.0,0.17417791050518058,154,5,50,1000,940
FFAR4,Age,0.125,1.0,0.08782246246319281,154,5,50,1000,941
DSTYK,Age,0.125,1.0,0.03934958636407059,154,5,50,1000,942
ADGRF4,Age,0.125,1.0,1.3736765538610635e-06,154,5,50,1000,943
SEH1L,Age,0.125,1.0,0.0410421495282503,154,5,50,1000,944
MAGOH2P,Age,0.125,1.0,0.00027015349407175484,154,5,50,1000,945
LINC02915,Age,0.125,2.0,0.003551342230672236,154,5,50,1000,946
CYHR1,Age,0.125,1.0,0.028183958433196155,154,5,50,1000,947
FLAD1,Age,0.125,1.0,0.059819543080436965,154,5,50,1000,948
ADH6,Age,0.125,1.0,0.02178265140681126,154,5,50,1000,949
ADIPOQ,Age,0.125,1.0,0.13756554025071882,154,5,50,1000,950
SDK1,Age,0.125,1.0,0.09588340376865517,154,5,50,1000,951
NPM3,Age,0.125,1.0,0.06671471726488368,154,5,50,1000,952
PDAP1,Age,0.125,1.0,0.09244903370693502,154,5,50,1000,953
ADNP,Age,0.125,1.0,0.08842887572160904,154,5,50,1000,954
MRPL53,Age,0.125,1.0,0.018240955345889022,154,5,50,1000,955
MRPL51,Age,0.125,1.0,0.014808526356422897,154,5,50,1000,956
LOC100270746,Age,0.125,1.0,0.027882666172895563,154,5,50,1000,957
ADPRH,Age,0.125,1.0,0.09006736087545916,154,5,50,1000,958
FABP3,Age,0.125,1.0,0.06304786645370705,154,5,50,1000,959
SCOC-AS1,Age,0.125,1.0,0.05490342850432282,154,5,50,1000,960
ADSS1,Age,0.125,1.0,0.06793265684529899,154,5,50,1000,961
LINC01719,Age,0.125,1.0,0.028689103478859487,154,5,50,1000,962
HAR1B,Age,0.125,1.0,0.027731577143748996,154,5,50,1000,963
NR2F1,Age,0.125,1.0,0.15604761008367485,154,5,50,1000,964
HAPLN4,Age,0.125,1.0,0.03083073183079606,154,5,50,1000,965
AFDN-DT,Age,0.125,1.0,0.04145987863911786,154,5,50,1000,966
BDP1,Age,0.125,1.0,0.00013306545464049284,154,5,50,1000,967
LINC00643,Age,0.125,2.0,0.07229127614288308,154,5,50,1000,968
CCND2,Age,0.125,1.0,0.007882330938426538,154,5,50,1000,969
LMNTD1,Age,0.125,1.0,0.0015475460256948034,154,5,50,1000,970
PJA1,Age,0.125,1.0,0.16112722467373686,154,5,50,1000,971
MICAL3,Age,0.125,1.0,0.09956408850986577,154,5,50,1000,972
EFHC1,Age,0.125,1.0,0.03878244654686741,154,5,50,1000,973
SCAF1,Age,0.125,1.0,0.04207031711900237,154,5,50,1000,974
CYP4F12,Age,0.125,1.0,0.1218763638906032,154,5,50,1000,975
F8A1,Age,0.125,1.0,0.0783371044254771,154,5,50,1000,976
SATB2,Age,0.125,1.0,0.01980115683016817,154,5,50,1000,977
LHFPL4,Age,0.125,1.0,0.021126800475356478,154,5,50,1000,978
SARAF,Age,0.125,1.0,0.025352837522661313,154,5,50,1000,979
F3,Age,0.125,1.0,0.0005353806642448071,154,5,50,1000,980
CYSLTR2,Age,0.125,1.0,0.07689171415442747,154,5,50,1000,981
EFHD1,Age,0.125,1.0,0.12733758103911702,154,5,50,1000,982
F13A1,Age,0.125,1.0,0.08650270975322123,154,5,50,1000,983
LOC100507547,Age,0.125,1.0,0.03522275999704417,154,5,50,1000,984
CCL22,Age,0.125,1.0,0.0489820762434007,154,5,50,1000,985
CYTL1,Age,0.125,1.0,0.12208250791534597,154,5,50,1000,986
PPP1R11,Age,0.125,1.0,0.06876667198522188,154,5,50,1000,987
S100A13,Age,0.125,1.0,0.027868465680828895,154,5,50,1000,988
CMC1,Age,0.125,1.0,0.031468485709500324,154,5,50,1000,989
IGF2,Age,0.125,1.0,0.09870066417606697,154,5,50,1000,990
DALRD3,Age,0.125,2.0,0.14621579360034007,154,5,50,1000,991
RUFY1,Age,0.125,1.0,0.0788857652109389,154,5,50,1000,992
FPGS,Age,0.125,1.0,0.1096501902055478,154,5,50,1000,993
NRSN2,Age,0.125,1.0,0.10919662216955657,154,5,50,1000,994
NSG1,Age,0.125,1.0,0.05409471543445465,154,5,50,1000,995
RTN3,Age,0.125,1.0,0.07872134470467175,154,5,50,1000,996
RTL8C,Age,0.125,1.0,0.07843307636677138,154,5,50,1000,997
PISD,Age,0.125,1.0,0.07021244947611201,154,5,50,1000,998
EXPH5,Age,0.125,1.0,0.027297382731121228,154,5,50,1000,999
KLHDC8A,Age,0.125,1.0,0.03895099654064369,154,5,50,1000,1000
HLA-DOB,SjD Diagnosis,1.0,1.0,0.1295663799119253,167,5,50,1000,1
EVI2A,SjD Diagnosis,1.0,2.0,0.17980777949377078,167,5,50,1000,2
FCRLA,SjD Diagnosis,1.0,16.0,0.15052386763476003,167,5,50,1000,3
MIR4468,SjD Diagnosis,1.0,1.0,0.1377811542066118,167,5,50,1000,4
CD19,SjD Diagnosis,1.0,2.0,0.16131356054995477,167,5,50,1000,5
CLEC17A,SjD Diagnosis,1.0,1.0,0.055947705808544426,167,5,50,1000,6
MS4A1,SjD Diagnosis,1.0,44.0,0.19691915043789412,167,5,50,1000,7
GPSM3,SjD Diagnosis,1.0,1.0,0.1298661285218054,167,5,50,1000,8
MIR548O,SjD Diagnosis,0.9732142857142857,28.0,0.15125446970926604,167,5,50,1000,9
MIR376C,SjD Diagnosis,0.9318181818181818,44.0,0.2044182053296593,167,5,50,1000,10
MIR3124,SjD Diagnosis,0.9318181818181818,22.0,0.1975161515863007,167,5,50,1000,11
DNAJC5,SjD Diagnosis,0.8958333333333334,12.0,0.07730902174166494,167,5,50,1000,12
MIR494,SjD Diagnosis,0.8790760869565217,92.0,0.2083883159255974,167,5,50,1000,13
ELK2AP,SjD Diagnosis,0.75,5.0,0.11377041959515104,167,5,50,1000,14
NKX1-2,SjD Diagnosis,0.75,4.0,0.02226797779229595,167,5,50,1000,15
MIR4429,SjD Diagnosis,0.5909090909090909,11.0,0.17559779208568,167,5,50,1000,16
ADAMDEC1,SjD Diagnosis,0.525,10.0,0.17729331657998015,167,5,50,1000,17
FOXO1,SjD Diagnosis,0.5,1.0,0.006600878174470544,167,5,50,1000,18
LINC02817,SjD Diagnosis,0.5,1.0,0.019333295323485593,167,5,50,1000,19
PEBP1,SjD Diagnosis,0.5,2.0,0.008079186102002454,167,5,50,1000,20
LINC00529,SjD Diagnosis,0.5,1.0,0.0009819163734555276,167,5,50,1000,21
PPP1R18,SjD Diagnosis,0.5,1.0,0.08412511404809049,167,5,50,1000,22
CD79A,SjD Diagnosis,0.5,1.0,0.1840676384210097,167,5,50,1000,23
ASCL2,SjD Diagnosis,0.5,1.0,0.032623727086231506,167,5,50,1000,24
ACTR8,SjD Diagnosis,0.5,1.0,0.00502137185930791,167,5,50,1000,25
DDX1,SjD Diagnosis,0.5,1.0,0.0001829055281258593,167,5,50,1000,26
AP1S1,SjD Diagnosis,0.5,1.0,0.01857302821401107,167,5,50,1000,27
GNGT2,SjD Diagnosis,0.5,5.0,0.0658971238155934,167,5,50,1000,28
POLR2J,SjD Diagnosis,0.5,1.0,0.0018016086292273988,167,5,50,1000,29
C8orf17,SjD Diagnosis,0.5,3.0,0.000910435871173324,167,5,50,1000,30
PCSK9,SjD Diagnosis,0.5,1.0,0.001800083875082659,167,5,50,1000,31
KHDRBS2,SjD Diagnosis,0.5,12.0,0.06792383114280422,167,5,50,1000,32
FOXD4L4,SjD Diagnosis,0.5,2.0,0.06670012022240092,167,5,50,1000,33
HIVEP2,SjD Diagnosis,0.5,1.0,0.0009373052689884374,167,5,50,1000,34
ART4,SjD Diagnosis,0.5,1.0,0.024265814559598038,167,5,50,1000,35
AUTS2,SjD Diagnosis,0.5,1.0,0.0022380847549991634,167,5,50,1000,36
PARD3-DT,SjD Diagnosis,0.5,1.0,0.0002134473108622195,167,5,50,1000,37
LOC100506730,SjD Diagnosis,0.5,1.0,0.003132598087743267,167,5,50,1000,38
LINC01634,SjD Diagnosis,0.5,2.0,0.029680759281292234,167,5,50,1000,39
FBXO46,SjD Diagnosis,0.5,1.0,0.026949711780932088,167,5,50,1000,40
PALS2,SjD Diagnosis,0.5,1.0,0.00014468399629662538,167,5,50,1000,41
GBX1,SjD Diagnosis,0.5,1.0,0.015261141498765266,167,5,50,1000,42
LOC105379477,SjD Diagnosis,0.5,3.0,0.004032227757772014,167,5,50,1000,43
CCR3,SjD Diagnosis,0.5,3.0,0.03317953839625,167,5,50,1000,44
LRRC26,SjD Diagnosis,0.5,2.0,0.05077583005396709,167,5,50,1000,45
PALM,SjD Diagnosis,0.5,1.0,0.0020312268475632302,167,5,50,1000,46
MIR503HG,SjD Diagnosis,0.5,1.0,0.009191843510285782,167,5,50,1000,47
ZNF808,SjD Diagnosis,0.5,1.0,0.0051818193885528885,167,5,50,1000,48
MAST4-AS1,SjD Diagnosis,0.5,1.0,0.04149210823253886,167,5,50,1000,49
CUL5,SjD Diagnosis,0.5,3.0,0.019328991722701687,167,5,50,1000,50
LINC00543,SjD Diagnosis,0.5,1.0,0.00961747018583715,167,5,50,1000,51
ARHGAP28-AS1,SjD Diagnosis,0.5,7.0,0.012503052756609477,167,5,50,1000,52
AFTPH,SjD Diagnosis,0.5,2.0,0.006857507047869495,167,5,50,1000,53
LPAR5,SjD Diagnosis,0.5,1.0,0.028473563754903744,167,5,50,1000,54
AMN1,SjD Diagnosis,0.5,1.0,0.006416845421646272,167,5,50,1000,55
ZNF750,SjD Diagnosis,0.5,1.0,0.009280301812736647,167,5,50,1000,56
PKIA-AS1,SjD Diagnosis,0.5,2.0,0.001083493929330237,167,5,50,1000,57
IGHV3-22,SjD Diagnosis,0.5,1.0,0.07059629561542115,167,5,50,1000,58
LINC01635,SjD Diagnosis,0.5,3.0,0.027298043109031934,167,5,50,1000,59
ZNF629,SjD Diagnosis,0.5,1.0,0.0021143879051349333,167,5,50,1000,60
LMO2,SjD Diagnosis,0.5,2.0,0.010309551263906421,167,5,50,1000,61
ZNF501,SjD Diagnosis,0.5,1.0,0.004963731667284374,167,5,50,1000,62
ZNF418,SjD Diagnosis,0.5,1.0,0.019292305574643485,167,5,50,1000,63
ACTN3,SjD Diagnosis,0.5,1.0,0.019107307673113968,167,5,50,1000,64
GNRHR2,SjD Diagnosis,0.5,1.0,0.0201992633958157,167,5,50,1000,65
OR7G2,SjD Diagnosis,0.5,1.0,0.011329994788096698,167,5,50,1000,66
MIR5000,SjD Diagnosis,0.5,1.0,0.022097861960109055,167,5,50,1000,67
CALHM4,SjD Diagnosis,0.5,1.0,0.009276321953961955,167,5,50,1000,68
ZNF311,SjD Diagnosis,0.5,1.0,0.0020104921557766034,167,5,50,1000,69
LAMB2P1,SjD Diagnosis,0.5,1.0,0.0015913629746225567,167,5,50,1000,70
GOLGA1,SjD Diagnosis,0.5,1.0,0.001030507091113152,167,5,50,1000,71
VPS37C,SjD Diagnosis,0.5,1.0,0.006416845421646272,167,5,50,1000,72
KNDC1,SjD Diagnosis,0.5,7.0,0.030905528010287245,167,5,50,1000,73
VPS13C-DT,SjD Diagnosis,0.5,3.0,0.019432964458689736,167,5,50,1000,74
FMO3,SjD Diagnosis,0.5,1.0,0.043468260591767706,167,5,50,1000,75
VCX2,SjD Diagnosis,0.5,2.0,0.03354666742394404,167,5,50,1000,76
LOC122319436,SjD Diagnosis,0.5,1.0,0.0211624961682057,167,5,50,1000,77
FGFR1OP2,SjD Diagnosis,0.5,1.0,0.024481374621842827,167,5,50,1000,78
EPHA1-AS1,SjD Diagnosis,0.5,3.0,0.019031893666254764,167,5,50,1000,79
HLA-E,SjD Diagnosis,0.5,4.0,0.11347333420305455,167,5,50,1000,80
VAV1,SjD Diagnosis,0.5,1.0,0.06615018551934572,167,5,50,1000,81
C1orf210,SjD Diagnosis,0.5,4.0,0.022007929095340818,167,5,50,1000,82
COSMOC,SjD Diagnosis,0.5,2.0,0.000660336596430206,167,5,50,1000,83
CYP19A1,SjD Diagnosis,0.5,1.0,0.029529522156092933,167,5,50,1000,84
H2BC4,SjD Diagnosis,0.5,1.0,0.031351566005745665,167,5,50,1000,85
USF2,SjD Diagnosis,0.5,2.0,3.640794062812962e-05,167,5,50,1000,86
LOC101928163,SjD Diagnosis,0.5,2.0,0.005610319048824026,167,5,50,1000,87
UGT2B17,SjD Diagnosis,0.5,1.0,0.014936414276348271,167,5,50,1000,88
H2BU1,SjD Diagnosis,0.5,1.0,0.0034687272461505813,167,5,50,1000,89
ATL3,SjD Diagnosis,0.5,1.0,0.006725212265649352,167,5,50,1000,90
HSH2D,SjD Diagnosis,0.5,2.0,0.09202697919312171,167,5,50,1000,91
ABCF1,SjD Diagnosis,0.5,1.0,0.0012511171036301385,167,5,50,1000,92
UBE2C,SjD Diagnosis,0.5,2.0,0.05499737446684487,167,5,50,1000,93
TRPV4,SjD Diagnosis,0.5,1.0,0.02791660118392792,167,5,50,1000,94
MIR4428,SjD Diagnosis,0.5,4.0,0.1910962757772062,167,5,50,1000,95
BACH1-IT3,SjD Diagnosis,0.5,1.0,0.02994068877292714,167,5,50,1000,96
ARHGAP31-AS1,SjD Diagnosis,0.5,1.0,0.00928357644126782,167,5,50,1000,97
KIF1A,SjD Diagnosis,0.5,1.0,0.0013511970207639775,167,5,50,1000,98
CES5A,SjD Diagnosis,0.5,3.0,0.018057140252904134,167,5,50,1000,99
CXCL5,SjD Diagnosis,0.5,3.0,0.020135799021067973,167,5,50,1000,100
LOC105369212,SjD Diagnosis,0.5,1.0,0.03262127841207511,167,5,50,1000,101
TREML3P,SjD Diagnosis,0.5,1.0,0.009126423872692333,167,5,50,1000,102
FAM246C,SjD Diagnosis,0.5,1.0,0.004192003615946011,167,5,50,1000,103
TRAK1,SjD Diagnosis,0.5,2.0,0.010351846814433989,167,5,50,1000,104
CNPY2,SjD Diagnosis,0.5,1.0,0.022692233872402472,167,5,50,1000,105
TPSAB1,SjD Diagnosis,0.5,1.0,0.051340001614330694,167,5,50,1000,106
TLL2,SjD Diagnosis,0.5,4.0,0.009482506692227666,167,5,50,1000,107
FAM189B,SjD Diagnosis,0.5,1.0,0.0051266118597998005,167,5,50,1000,108
TCF12,SjD Diagnosis,0.5,1.0,0.0034551615334693646,167,5,50,1000,109
TCEAL5,SjD Diagnosis,0.5,1.0,0.018751669465033836,167,5,50,1000,110
KLF16,SjD Diagnosis,0.5,2.0,0.047948342195948776,167,5,50,1000,111
NUDT9,SjD Diagnosis,0.5,2.0,0.028265337356246447,167,5,50,1000,112
ASB9,SjD Diagnosis,0.5,1.0,0.004364343360743002,167,5,50,1000,113
STXBP5-AS1,SjD Diagnosis,0.5,1.0,0.00022447041933230705,167,5,50,1000,114
ST3GAL1,SjD Diagnosis,0.5,1.0,0.007395349361525749,167,5,50,1000,115
LINC00327,SjD Diagnosis,0.5,1.0,0.03498803094363258,167,5,50,1000,116
SSTR5-AS1,SjD Diagnosis,0.5,1.0,0.00681580543973563,167,5,50,1000,117
LINC00391,SjD Diagnosis,0.5,1.0,0.01618581102096464,167,5,50,1000,118
NUDCD1,SjD Diagnosis,0.5,2.0,0.0056145965473740345,167,5,50,1000,119
SPOCK1,SjD Diagnosis,0.5,1.0,0.023452388528896185,167,5,50,1000,120
NTN5,SjD Diagnosis,0.5,1.0,0.022013593985643544,167,5,50,1000,121
LPCAT3,SjD Diagnosis,0.5,1.0,0.011171912949176745,167,5,50,1000,122
SP4,SjD Diagnosis,0.5,1.0,0.03179521472816786,167,5,50,1000,123
NRSN1,SjD Diagnosis,0.5,1.0,0.01907482606798164,167,5,50,1000,124
LOC441666,SjD Diagnosis,0.5,2.0,0.003180729476773012,167,5,50,1000,125
GPR142,SjD Diagnosis,0.5,1.0,0.004276067839370847,167,5,50,1000,126
SNX10-AS1,SjD Diagnosis,0.5,2.0,0.010862752941960865,167,5,50,1000,127
FAM20A,SjD Diagnosis,0.5,1.0,0.011763750403640683,167,5,50,1000,128
SNRPA1,SjD Diagnosis,0.5,1.0,0.0012511171036301385,167,5,50,1000,129
LOC100128340,SjD Diagnosis,0.5,1.0,0.006962783159539796,167,5,50,1000,130
KRAS,SjD Diagnosis,0.5,1.0,0.013966796001438398,167,5,50,1000,131
LOC101927296,SjD Diagnosis,0.5,3.0,0.0210529770514256,167,5,50,1000,132
SMIM10L2B,SjD Diagnosis,0.5,1.0,0.0005430846114914523,167,5,50,1000,133
SMC3,SjD Diagnosis,0.5,1.0,0.011616081166590077,167,5,50,1000,134
SLC7A11,SjD Diagnosis,0.5,1.0,0.016375014124789103,167,5,50,1000,135
HOXA6,SjD Diagnosis,0.5,2.0,0.012158468299996816,167,5,50,1000,136
SLC66A3,SjD Diagnosis,0.5,1.0,0.009603774027211538,167,5,50,1000,137
MIR3180-5,SjD Diagnosis,0.5,2.0,0.017626258387311983,167,5,50,1000,138
KRTDAP,SjD Diagnosis,0.5,4.0,0.01605903322311522,167,5,50,1000,139
DNA2,SjD Diagnosis,0.5,1.0,0.023673861488376895,167,5,50,1000,140
HOXB-AS2,SjD Diagnosis,0.5,4.0,0.019420757365385167,167,5,50,1000,141
B4GALT7,SjD Diagnosis,0.5,1.0,0.006926599881689347,167,5,50,1000,142
SLC25A45,SjD Diagnosis,0.5,5.0,0.004771734658495791,167,5,50,1000,143
ADGRA3,SjD Diagnosis,0.5,6.0,0.06264494258483379,167,5,50,1000,144
LILRB4,SjD Diagnosis,0.5,10.0,0.09825840809189146,167,5,50,1000,145
ERCC1,SjD Diagnosis,0.5,2.0,0.010564623304549634,167,5,50,1000,146
CD109-AS1,SjD Diagnosis,0.5,1.0,0.004276972934677761,167,5,50,1000,147
CDC40,SjD Diagnosis,0.5,1.0,0.00824897424807416,167,5,50,1000,148
CFAP69,SjD Diagnosis,0.5,1.0,6.823329884112787e-06,167,5,50,1000,149
LEFTY1,SjD Diagnosis,0.5,1.0,0.012878094167798284,167,5,50,1000,150
SLC24A2,SjD Diagnosis,0.5,1.0,0.006803256299039211,167,5,50,1000,151
LINC00582,SjD Diagnosis,0.5,1.0,0.14887316930315722,167,5,50,1000,152
NHLRC1,SjD Diagnosis,0.5,2.0,0.011304254298166274,167,5,50,1000,153
LEFTY2,SjD Diagnosis,0.5,1.0,0.0002703872758456877,167,5,50,1000,154
SHROOM3,SjD Diagnosis,0.5,1.0,0.007241803467555472,167,5,50,1000,155
IRS2,SjD Diagnosis,0.5,1.0,0.012623728284378834,167,5,50,1000,156
SGO2,SjD Diagnosis,0.5,1.0,0.059071746401079706,167,5,50,1000,157
SEPTIN14P20,SjD Diagnosis,0.5,1.0,0.020660826946165327,167,5,50,1000,158
GEMIN8P4,SjD Diagnosis,0.5,1.0,0.003977395790261289,167,5,50,1000,159
SEMA7A,SjD Diagnosis,0.5,1.0,0.049879157897706576,167,5,50,1000,160
CCBE1,SjD Diagnosis,0.5,1.0,0.003380028588770661,167,5,50,1000,161
SEMA4D,SjD Diagnosis,0.5,2.0,0.05239082414223332,167,5,50,1000,162
RRP7A,SjD Diagnosis,0.5,2.0,0.011437374889642488,167,5,50,1000,163
CTSC,SjD Diagnosis,0.5,1.0,0.0755450049008941,167,5,50,1000,164
RPS4Y1,SjD Diagnosis,0.5,1.0,0.00021711016002627575,167,5,50,1000,165
ARID4A,SjD Diagnosis,0.5,1.0,0.015224422875187956,167,5,50,1000,166
RNF166,SjD Diagnosis,0.5,2.0,0.03890601887546089,167,5,50,1000,167
AGO3,SjD Diagnosis,0.5,1.0,0.00706452667738684,167,5,50,1000,168
LINC02556,SjD Diagnosis,0.5,1.0,0.010739710334669831,167,5,50,1000,169
H3P4,SjD Diagnosis,0.5,10.0,0.011134977151256055,167,5,50,1000,170
RHEX,SjD Diagnosis,0.5,1.0,0.03220695446167995,167,5,50,1000,171
RFC1,SjD Diagnosis,0.5,2.0,0.00307826066792692,167,5,50,1000,172
LOC105372698,SjD Diagnosis,0.5,2.0,0.01528831895535233,167,5,50,1000,173
RB1-DT,SjD Diagnosis,0.5,2.0,0.0015316623125727208,167,5,50,1000,174
RASGEF1C,SjD Diagnosis,0.5,3.0,0.02561923942015168,167,5,50,1000,175
CAPN8,SjD Diagnosis,0.5,3.0,0.009905757317369989,167,5,50,1000,176
CELF5,SjD Diagnosis,0.5,1.0,0.030798603454398447,167,5,50,1000,177
RAB3A,SjD Diagnosis,0.5,2.0,0.004714417044474811,167,5,50,1000,178
NCMAP-DT,SjD Diagnosis,0.5,2.0,0.026129973630283694,167,5,50,1000,179
MTCL1,SjD Diagnosis,0.5,1.0,0.01941163450610307,167,5,50,1000,180
CABLES2,SjD Diagnosis,0.5,2.0,0.034311364038727823,167,5,50,1000,181
IQCE,SjD Diagnosis,0.5,2.0,0.015925499476354563,167,5,50,1000,182
PUSL1,SjD Diagnosis,0.5,1.0,0.016108673849853785,167,5,50,1000,183
PTP4A3,SjD Diagnosis,0.5,1.0,0.00034305848484523664,167,5,50,1000,184
LOC100289333,SjD Diagnosis,0.5,3.0,0.022583328291676908,167,5,50,1000,185
CCNB1,SjD Diagnosis,0.5,2.0,0.01616153246520093,167,5,50,1000,186
EIF5AL1,SjD Diagnosis,0.5,2.0,0.010656884042235826,167,5,50,1000,187
PTGER4,SjD Diagnosis,0.5,1.0,0.03620752767917485,167,5,50,1000,188
KRT16P2,SjD Diagnosis,0.5,1.0,0.0049272767199574335,167,5,50,1000,189
PSKH1,SjD Diagnosis,0.5,2.0,0.006584599012530934,167,5,50,1000,190
EFCAB14-AS1,SjD Diagnosis,0.5,1.0,0.005171447154303159,167,5,50,1000,191
LINC01807,SjD Diagnosis,0.5,4.0,0.005352201886855353,167,5,50,1000,192
CABS1,SjD Diagnosis,0.5,1.0,0.02512161864635824,167,5,50,1000,193
LINC01625,SjD Diagnosis,0.5,3.0,0.02582737649461713,167,5,50,1000,194
CCND2-AS1,SjD Diagnosis,0.5,1.0,0.007531132037779744,167,5,50,1000,195
ANTXR2,SjD Diagnosis,0.5,1.0,0.04355138637736511,167,5,50,1000,196
DNAJC28,SjD Diagnosis,0.5,1.0,0.0044607736150572,167,5,50,1000,197
CCDC149,SjD Diagnosis,0.5,1.0,0.006007364805744646,167,5,50,1000,198
PRSS44P,SjD Diagnosis,0.5,1.0,0.01843080950623041,167,5,50,1000,199
HOXD10,SjD Diagnosis,0.5,2.0,0.014677594967977367,167,5,50,1000,200
PRKAA2,SjD Diagnosis,0.5,1.0,0.00014065326884755427,167,5,50,1000,201
DUSP10,SjD Diagnosis,0.5,2.0,0.019433441793064676,167,5,50,1000,202
PPP3CB,SjD Diagnosis,0.5,1.0,0.004080156951558369,167,5,50,1000,203
PPP2CA,SjD Diagnosis,0.5,1.0,0.005548379670230208,167,5,50,1000,204
CD38,SjD Diagnosis,0.5,2.0,0.14120029707321072,167,5,50,1000,205
HS1BP3-IT1,SjD Diagnosis,0.5,5.0,0.010837568605345385,167,5,50,1000,206
FRRS1,SjD Diagnosis,0.4772727272727273,11.0,0.019391836683852734,167,5,50,1000,207
CA2,SjD Diagnosis,0.46875,12.0,0.04031389359266351,167,5,50,1000,208
CNNM4,SjD Diagnosis,0.4583333333333333,6.0,0.04022032990432281,167,5,50,1000,209
CENPQ,SjD Diagnosis,0.4375,4.0,0.02011739466683118,167,5,50,1000,210
CELA3A,SjD Diagnosis,0.4375,4.0,0.009399529018157549,167,5,50,1000,211
MIR558,SjD Diagnosis,0.425,5.0,0.098989133017348,167,5,50,1000,212
CDH4,SjD Diagnosis,0.425,5.0,0.020057549796430416,167,5,50,1000,213
CCR7,SjD Diagnosis,0.425,5.0,0.15242416338349823,167,5,50,1000,214
CARD8,SjD Diagnosis,0.4166666666666667,3.0,0.08545800832157383,167,5,50,1000,215
FOXI1,SjD Diagnosis,0.4166666666666667,9.0,0.03956543118419771,167,5,50,1000,216
ITIH3,SjD Diagnosis,0.4166666666666667,3.0,0.004058790972264929,167,5,50,1000,217
CXCL3,SjD Diagnosis,0.4166666666666667,3.0,0.010058321849500972,167,5,50,1000,218
SNORA6,SjD Diagnosis,0.4166666666666667,3.0,0.04096142486448908,167,5,50,1000,219
LINC00304,SjD Diagnosis,0.40625,4.0,0.02135545780491671,167,5,50,1000,220
PIGZ,SjD Diagnosis,0.3958333333333333,6.0,0.014765805584887494,167,5,50,1000,221
SMIM44,SjD Diagnosis,0.390625,4.0,0.05344636700091736,167,5,50,1000,222
SLC31A2,SjD Diagnosis,0.375,2.0,0.06182098622530893,167,5,50,1000,223
KRT36,SjD Diagnosis,0.375,2.0,0.03920182661291124,167,5,50,1000,224
USP50,SjD Diagnosis,0.375,2.0,0.018885455592009687,167,5,50,1000,225
LOC105371795,SjD Diagnosis,0.375,2.0,0.0210495300500675,167,5,50,1000,226
LINC01475,SjD Diagnosis,0.375,3.0,0.045266002838908775,167,5,50,1000,227
SLC22A2,SjD Diagnosis,0.375,2.0,0.0036371950553722434,167,5,50,1000,228
TBATA,SjD Diagnosis,0.375,2.0,0.026280070130107306,167,5,50,1000,229
PDK1,SjD Diagnosis,0.375,4.0,0.05362785755525268,167,5,50,1000,230
C19orf12,SjD Diagnosis,0.375,2.0,0.004572638203146482,167,5,50,1000,231
GRID1,SjD Diagnosis,0.375,2.0,0.022816682830207644,167,5,50,1000,232
LINC01132,SjD Diagnosis,0.375,3.0,0.004198076227152551,167,5,50,1000,233
MKNK1,SjD Diagnosis,0.375,3.0,0.03624451616217102,167,5,50,1000,234
KIF5C,SjD Diagnosis,0.375,2.0,0.011085136234781244,167,5,50,1000,235
LINC01624,SjD Diagnosis,0.375,3.0,0.0130434286754381,167,5,50,1000,236
SERPINA1,SjD Diagnosis,0.375,2.0,0.0233234202866214,167,5,50,1000,237
SMIM2-AS1,SjD Diagnosis,0.375,2.0,0.010823593181829008,167,5,50,1000,238
ABHD8,SjD Diagnosis,0.375,2.0,0.0020011379970693126,167,5,50,1000,239
RDM1P5,SjD Diagnosis,0.35,10.0,0.030573063836166692,167,5,50,1000,240
C8G,SjD Diagnosis,0.3333333333333333,3.0,0.008857440365885328,167,5,50,1000,241
SSX4,SjD Diagnosis,0.3333333333333333,3.0,0.0506145193853095,167,5,50,1000,242
IFI6,SjD Diagnosis,0.3333333333333333,3.0,0.058453749566573426,167,5,50,1000,243
GRM8,SjD Diagnosis,0.3333333333333333,3.0,0.01711988126712358,167,5,50,1000,244
BAZ2B-AS1,SjD Diagnosis,0.3333333333333333,3.0,0.026338396050123735,167,5,50,1000,245
KLRB1,SjD Diagnosis,0.3125,2.0,0.1028029070853121,167,5,50,1000,246
SOCS2,SjD Diagnosis,0.3125,4.0,0.04974961099024555,167,5,50,1000,247
CXCR4,SjD Diagnosis,0.3125,2.0,0.14497806464868407,167,5,50,1000,248
SRGAP2C,SjD Diagnosis,0.3125,2.0,0.014065326884755428,167,5,50,1000,249
PMP2,SjD Diagnosis,0.3125,2.0,0.011132791373688073,167,5,50,1000,250
PCOTH,SjD Diagnosis,0.2916666666666667,3.0,0.016108673849853785,167,5,50,1000,251
MIR125B2,SjD Diagnosis,0.28125,4.0,0.08803171638136327,167,5,50,1000,252
ZNF674,SjD Diagnosis,0.28125,2.0,0.0033524931326357533,167,5,50,1000,253
OR7E14P,SjD Diagnosis,0.2708333333333333,3.0,0.008229493319435115,167,5,50,1000,254
HK3,SjD Diagnosis,0.25,1.0,0.06759071031531798,167,5,50,1000,255
FOXP3,SjD Diagnosis,0.25,1.0,0.06215968747133782,167,5,50,1000,256
CDH10,SjD Diagnosis,0.25,1.0,0.001507708858662951,167,5,50,1000,257
FAM161A,SjD Diagnosis,0.25,1.0,0.024742507437382516,167,5,50,1000,258
BRWD1-AS2,SjD Diagnosis,0.25,2.0,0.015234315287712444,167,5,50,1000,259
SLCO5A1,SjD Diagnosis,0.25,1.0,0.0525910913559848,167,5,50,1000,260
BSCL2,SjD Diagnosis,0.25,1.0,0.031573000745713425,167,5,50,1000,261
SLU7,SjD Diagnosis,0.25,1.0,0.010436697662984683,167,5,50,1000,262
HLA-B,SjD Diagnosis,0.25,1.0,0.13855455237465167,167,5,50,1000,263
SMAD9,SjD Diagnosis,0.25,2.0,0.022661001723936224,167,5,50,1000,264
SMAP2,SjD Diagnosis,0.25,1.0,0.024677094359749813,167,5,50,1000,265
CDH18,SjD Diagnosis,0.25,1.0,0.005157393062726349,167,5,50,1000,266
SMPD2,SjD Diagnosis,0.25,1.0,0.002191777619320374,167,5,50,1000,267
KMT5A,SjD Diagnosis,0.25,1.0,0.02281777849525809,167,5,50,1000,268
SNAP47,SjD Diagnosis,0.25,1.0,6.584599012530934e-05,167,5,50,1000,269
ASRGL1,SjD Diagnosis,0.25,1.0,0.04791059872165704,167,5,50,1000,270
SNHG28,SjD Diagnosis,0.25,1.0,0.0011250745327697324,167,5,50,1000,271
SNORA11,SjD Diagnosis,0.25,1.0,0.02032800179242731,167,5,50,1000,272
DYNLRB2,SjD Diagnosis,0.25,1.0,0.009126916641631245,167,5,50,1000,273
CPTP,SjD Diagnosis,0.25,1.0,0.014967689684342509,167,5,50,1000,274
CYTOR,SjD Diagnosis,0.25,1.0,0.05096354091076088,167,5,50,1000,275
HLA-DMB,SjD Diagnosis,0.25,1.0,0.1072530310530512,167,5,50,1000,276
KMT5B,SjD Diagnosis,0.25,1.0,2.1212712137673623e-06,167,5,50,1000,277
FAM167A,SjD Diagnosis,0.25,1.0,0.013606510484566771,167,5,50,1000,278
ATAD2,SjD Diagnosis,0.25,1.0,0.01331878481480489,167,5,50,1000,279
CDH7,SjD Diagnosis,0.25,1.0,0.0011561156115611564,167,5,50,1000,280
GNMT,SjD Diagnosis,0.25,1.0,0.03501329123598954,167,5,50,1000,281
SNORA19,SjD Diagnosis,0.25,1.0,0.03651688428916152,167,5,50,1000,282
SNORA20,SjD Diagnosis,0.25,1.0,0.015202891106954566,167,5,50,1000,283
LINC00466,SjD Diagnosis,0.25,1.0,0.0006812466143639535,167,5,50,1000,284
GRK7,SjD Diagnosis,0.25,3.0,0.0470862470862471,167,5,50,1000,285
GRM1,SjD Diagnosis,0.25,1.0,0.06382401084486707,167,5,50,1000,286
ITCH,SjD Diagnosis,0.25,1.0,0.0021143879051349333,167,5,50,1000,287
CRACR2B,SjD Diagnosis,0.25,1.0,0.027859876963485047,167,5,50,1000,288
CLCA4-AS1,SjD Diagnosis,0.25,1.0,2.2901070858835397e-05,167,5,50,1000,289
BTG2,SjD Diagnosis,0.25,1.0,0.06764257696962252,167,5,50,1000,290
ATF5,SjD Diagnosis,0.25,1.0,0.014313169286772127,167,5,50,1000,291
KIF13B,SjD Diagnosis,0.25,1.0,0.04374608487368673,167,5,50,1000,292
HLA-DQB1,SjD Diagnosis,0.25,1.0,0.12555367072671486,167,5,50,1000,293
GRM5-AS1,SjD Diagnosis,0.25,1.0,1.2269597566785431e-05,167,5,50,1000,294
AMT,SjD Diagnosis,0.25,1.0,0.01009937224874641,167,5,50,1000,295
SNORA2C,SjD Diagnosis,0.25,1.0,0.0020606463162039478,167,5,50,1000,296
ABCA9,SjD Diagnosis,0.25,1.0,0.010250707495866873,167,5,50,1000,297
FCHO1,SjD Diagnosis,0.25,1.0,0.0634316001084764,167,5,50,1000,298
AMY1B,SjD Diagnosis,0.25,1.0,0.005628819975222767,167,5,50,1000,299
KCNE2,SjD Diagnosis,0.25,1.0,0.00034380386753867306,167,5,50,1000,300
ABCB11,SjD Diagnosis,0.25,1.0,1.0850994683555156e-06,167,5,50,1000,301
FAM174A,SjD Diagnosis,0.25,1.0,0.018234317479796466,167,5,50,1000,302
BTN2A2,SjD Diagnosis,0.25,1.0,0.036961029628682515,167,5,50,1000,303
SNTB2,SjD Diagnosis,0.25,1.0,0.02037268873702174,167,5,50,1000,304
SOGA3,SjD Diagnosis,0.25,1.0,0.0039046423082771927,167,5,50,1000,305
SOX10,SjD Diagnosis,0.25,1.0,0.018629783041791668,167,5,50,1000,306
SOX2,SjD Diagnosis,0.25,1.0,0.04346458742259769,167,5,50,1000,307
CLDN10,SjD Diagnosis,0.25,1.0,0.02389889086304201,167,5,50,1000,308
SP100,SjD Diagnosis,0.25,1.0,0.018290552812585927,167,5,50,1000,309
SPDYE3,SjD Diagnosis,0.25,1.0,0.0053713737082073925,167,5,50,1000,310
LINC00158,SjD Diagnosis,0.25,1.0,0.011999708800180213,167,5,50,1000,311
FAM180A,SjD Diagnosis,0.25,1.0,0.006400650887599585,167,5,50,1000,312
GOLGA2P5,SjD Diagnosis,0.25,1.0,0.004107077374404107,167,5,50,1000,313
SPIB,SjD Diagnosis,0.25,1.0,0.18946259390386055,167,5,50,1000,314
EAF2,SjD Diagnosis,0.25,1.0,0.10793551759764394,167,5,50,1000,315
SRD5A3,SjD Diagnosis,0.25,1.0,0.016003216366655068,167,5,50,1000,316
SRF,SjD Diagnosis,0.25,1.0,0.00605540678156987,167,5,50,1000,317
SRSF5,SjD Diagnosis,0.25,1.0,0.004027168462463446,167,5,50,1000,318
FAM182B,SjD Diagnosis,0.25,1.0,0.02287946487591083,167,5,50,1000,319
SSH3,SjD Diagnosis,0.25,1.0,0.006823090504707351,167,5,50,1000,320
ST20-MTHFS,SjD Diagnosis,0.25,1.0,0.0004337227742707827,167,5,50,1000,321
HSP90AB1,SjD Diagnosis,0.25,1.0,0.002172181722897779,167,5,50,1000,322
MAP1LC3C,SjD Diagnosis,0.25,2.0,0.048970764474974164,167,5,50,1000,323
GCSAM,SjD Diagnosis,0.25,1.0,0.030625847394866068,167,5,50,1000,324
ST3GAL4,SjD Diagnosis,0.25,1.0,0.010394228947460074,167,5,50,1000,325
STAB1,SjD Diagnosis,0.25,1.0,0.005848226297079015,167,5,50,1000,326
EPIST,SjD Diagnosis,0.25,1.0,0.034137054856917766,167,5,50,1000,327
STAMBP,SjD Diagnosis,0.25,1.0,0.00015584849733801028,167,5,50,1000,328
STYK1,SjD Diagnosis,0.25,2.0,0.011563427069045862,167,5,50,1000,329
ATP13A1,SjD Diagnosis,0.25,1.0,0.004106781069853614,167,5,50,1000,330
CATIP-AS1,SjD Diagnosis,0.25,1.0,0.01794906122005499,167,5,50,1000,331
HARS1,SjD Diagnosis,0.25,1.0,0.012437402747561388,167,5,50,1000,332
MAGEE2,SjD Diagnosis,0.25,1.0,0.0026275544932437933,167,5,50,1000,333
FEM1B,SjD Diagnosis,0.25,2.0,0.01377077322478659,167,5,50,1000,334
LINC02611,SjD Diagnosis,0.25,1.0,0.03436810025422137,167,5,50,1000,335
EPO,SjD Diagnosis,0.25,1.0,0.04093040883035673,167,5,50,1000,336
ITGAE,SjD Diagnosis,0.25,1.0,0.0004600594468048956,167,5,50,1000,337
SUB1,SjD Diagnosis,0.25,1.0,0.03907035245765397,167,5,50,1000,338
ANKMY1,SjD Diagnosis,0.25,1.0,0.010607438350068325,167,5,50,1000,339
CATSPERG,SjD Diagnosis,0.25,1.0,0.0009613170871135317,167,5,50,1000,340
CATSPERZ,SjD Diagnosis,0.25,1.0,0.014490267812359982,167,5,50,1000,341
IGHD1-26,SjD Diagnosis,0.25,1.0,0.040498607787608026,167,5,50,1000,342
SVIP,SjD Diagnosis,0.25,1.0,0.00032767146565316655,167,5,50,1000,343
SVOP,SjD Diagnosis,0.25,1.0,0.005507059852326697,167,5,50,1000,344
INE1,SjD Diagnosis,0.25,1.0,0.0031481891797653107,167,5,50,1000,345
SYNGAP1-AS1,SjD Diagnosis,0.25,1.0,0.012547463762769715,167,5,50,1000,346
SYNPO2,SjD Diagnosis,0.25,1.0,0.007348429814484229,167,5,50,1000,347
SYT11,SjD Diagnosis,0.25,1.0,0.019842800300430553,167,5,50,1000,348
ANKRD13D,SjD Diagnosis,0.25,1.0,0.004873225417779873,167,5,50,1000,349
ANKRD16,SjD Diagnosis,0.25,1.0,0.008229493319435115,167,5,50,1000,350
CAVIN4,SjD Diagnosis,0.25,1.0,0.008842414478668046,167,5,50,1000,351
C11orf80,SjD Diagnosis,0.25,1.0,0.01047925296100781,167,5,50,1000,352
FRMPD4-AS1,SjD Diagnosis,0.25,1.0,0.018493087979492808,167,5,50,1000,353
ECSIT,SjD Diagnosis,0.25,1.0,0.006823090504707351,167,5,50,1000,354
FAM20B,SjD Diagnosis,0.25,1.0,0.0021143879051349333,167,5,50,1000,355
LOC400212,SjD Diagnosis,0.25,1.0,0.0003708120342584599,167,5,50,1000,356
KCNIP2-AS1,SjD Diagnosis,0.25,1.0,0.008011338768285433,167,5,50,1000,357
TACO1,SjD Diagnosis,0.25,1.0,1.1082559810702953e-05,167,5,50,1000,358
ITGB2-AS1,SjD Diagnosis,0.25,1.0,0.04626571038606752,167,5,50,1000,359
TBC1D3K,SjD Diagnosis,0.25,1.0,0.00944538898334278,167,5,50,1000,360
TCEAL2,SjD Diagnosis,0.25,1.0,0.06369740213325857,167,5,50,1000,361
IGHD4-23,SjD Diagnosis,0.25,1.0,0.06255346004152872,167,5,50,1000,362
TCP11X1,SjD Diagnosis,0.25,2.0,0.01563271591956704,167,5,50,1000,363
TERF2IP,SjD Diagnosis,0.25,1.0,0.006317232257097726,167,5,50,1000,364
TFPI2,SjD Diagnosis,0.25,1.0,0.03337253139497631,167,5,50,1000,365
THAP8,SjD Diagnosis,0.25,1.0,0.003896212433450258,167,5,50,1000,366
CRTC1,SjD Diagnosis,0.25,1.0,0.025437200491848822,167,5,50,1000,367
THSD8,SjD Diagnosis,0.25,3.0,0.009194439326112289,167,5,50,1000,368
TINCR,SjD Diagnosis,0.25,1.0,0.016641156215758655,167,5,50,1000,369
LOC645967,SjD Diagnosis,0.25,1.0,0.014167270385575144,167,5,50,1000,370
MCM7,SjD Diagnosis,0.25,1.0,0.02389889086304201,167,5,50,1000,371
ANKRD30BP2,SjD Diagnosis,0.25,1.0,7.568750568395429e-07,167,5,50,1000,372
TMEM106C,SjD Diagnosis,0.25,1.0,0.005990816237673114,167,5,50,1000,373
TMEM161B-DT,SjD Diagnosis,0.25,2.0,0.0024316261797163057,167,5,50,1000,374
TMEM225B,SjD Diagnosis,0.25,1.0,0.012758750958152295,167,5,50,1000,375
CEACAM19,SjD Diagnosis,0.25,1.0,0.012864151806736068,167,5,50,1000,376
TMEM61,SjD Diagnosis,0.25,1.0,0.014927591957809603,167,5,50,1000,377
TMEM64,SjD Diagnosis,0.25,1.0,0.018403283225660427,167,5,50,1000,378
CBX3P2,SjD Diagnosis,0.25,1.0,0.025851408968343273,167,5,50,1000,379
TMPRSS11E,SjD Diagnosis,0.25,2.0,0.020663206722232246,167,5,50,1000,380
TNFAIP8L2,SjD Diagnosis,0.25,1.0,0.05705371056548698,167,5,50,1000,381
CLIP2,SjD Diagnosis,0.25,1.0,0.013238853645122109,167,5,50,1000,382
TNFSF8,SjD Diagnosis,0.25,1.0,0.1257011640129456,167,5,50,1000,383
TNRC18,SjD Diagnosis,0.25,1.0,0.05382260000193568,167,5,50,1000,384
FSHR,SjD Diagnosis,0.25,1.0,0.018493087979492808,167,5,50,1000,385
TPI1P3,SjD Diagnosis,0.25,1.0,0.0016598450328704738,167,5,50,1000,386
DNAH12,SjD Diagnosis,0.25,1.0,0.006624556845123457,167,5,50,1000,387
CEBPB-AS1,SjD Diagnosis,0.25,1.0,0.0020197965255006134,167,5,50,1000,388
TPSD1,SjD Diagnosis,0.25,1.0,0.01958474934119001,167,5,50,1000,389
TPTEP1,SjD Diagnosis,0.25,1.0,0.05430454307244447,167,5,50,1000,390
LOC101927468,SjD Diagnosis,0.25,1.0,0.0004961784637224376,167,5,50,1000,391
MEPCE,SjD Diagnosis,0.25,1.0,0.006584599012530934,167,5,50,1000,392
HMOX1,SjD Diagnosis,0.25,2.0,0.08054319608427189,167,5,50,1000,393
LOC100130987,SjD Diagnosis,0.25,2.0,0.015688921897023412,167,5,50,1000,394
TRAV26-2,SjD Diagnosis,0.25,1.0,0.1270324998014555,167,5,50,1000,395
CLN6,SjD Diagnosis,0.25,1.0,0.03907035245765397,167,5,50,1000,396
FGF12,SjD Diagnosis,0.25,1.0,0.021884635617446753,167,5,50,1000,397
C17orf107,SjD Diagnosis,0.25,1.0,0.024808007097513737,167,5,50,1000,398
DNAH8-AS1,SjD Diagnosis,0.25,1.0,0.02275116356805857,167,5,50,1000,399
FAM228A,SjD Diagnosis,0.25,2.0,0.013053935580240815,167,5,50,1000,400
DCLRE1CP1,SjD Diagnosis,0.25,1.0,0.023420573647838366,167,5,50,1000,401
TRIM68,SjD Diagnosis,0.25,1.0,0.0009740531083625645,167,5,50,1000,402
C17orf67,SjD Diagnosis,0.25,1.0,0.0027606735645960626,167,5,50,1000,403
TRIM69,SjD Diagnosis,0.25,1.0,0.06868957420154313,167,5,50,1000,404
EEF1DP3,SjD Diagnosis,0.25,1.0,0.0034306380902218597,167,5,50,1000,405
LINC01229,SjD Diagnosis,0.25,1.0,0.008728417955857553,167,5,50,1000,406
DNAJA1,SjD Diagnosis,0.25,1.0,0.0029490431908785,167,5,50,1000,407
LRRC45,SjD Diagnosis,0.25,1.0,0.007930264204546133,167,5,50,1000,408
EEF1G,SjD Diagnosis,0.25,1.0,0.0020385416364304357,167,5,50,1000,409
HTR1F,SjD Diagnosis,0.25,1.0,0.013370890339931484,167,5,50,1000,410
TTC29,SjD Diagnosis,0.25,1.0,0.011200813274040735,167,5,50,1000,411
TTC31,SjD Diagnosis,0.25,1.0,0.01857302821401107,167,5,50,1000,412
UBE2J1,SjD Diagnosis,0.25,1.0,0.0901431604815485,167,5,50,1000,413
C18orf61,SjD Diagnosis,0.25,1.0,0.014072513859606953,167,5,50,1000,414
UBE2Q1-AS1,SjD Diagnosis,0.25,1.0,0.0073593919332365105,167,5,50,1000,415
UHRF1BP1L,SjD Diagnosis,0.25,1.0,9.765895215199637e-06,167,5,50,1000,416
ERICH1,SjD Diagnosis,0.25,1.0,0.03003932165815961,167,5,50,1000,417
VENTXP7,SjD Diagnosis,0.25,1.0,0.0363036303630363,167,5,50,1000,418
C19orf38,SjD Diagnosis,0.25,1.0,0.05368584625071231,167,5,50,1000,419
MAMDC2-AS1,SjD Diagnosis,0.25,1.0,0.00923804786493687,167,5,50,1000,420
LOC101927539,SjD Diagnosis,0.25,1.0,0.0033120232865697604,167,5,50,1000,421
DNAJB3,SjD Diagnosis,0.25,1.0,0.01696013222721449,167,5,50,1000,422
VGF,SjD Diagnosis,0.25,1.0,0.015889734870143554,167,5,50,1000,423
VIPAS39,SjD Diagnosis,0.25,1.0,0.015845679510595893,167,5,50,1000,424
VMO1,SjD Diagnosis,0.25,1.0,0.005673058468100618,167,5,50,1000,425
GFRA2,SjD Diagnosis,0.25,1.0,0.018535502699048582,167,5,50,1000,426
VN1R10P,SjD Diagnosis,0.25,1.0,0.011816566272011816,167,5,50,1000,427
FGF22,SjD Diagnosis,0.25,1.0,0.0033463268161489108,167,5,50,1000,428
GP2,SjD Diagnosis,0.25,1.0,0.002503509803392334,167,5,50,1000,429
LOC101928095,SjD Diagnosis,0.25,1.0,0.006284201033911921,167,5,50,1000,430
LINC01055,SjD Diagnosis,0.25,1.0,0.01639545337667703,167,5,50,1000,431
VSTM2A,SjD Diagnosis,0.25,1.0,0.006732506724179566,167,5,50,1000,432
VSTM2B,SjD Diagnosis,0.25,3.0,0.0064822325853984555,167,5,50,1000,433
WDCP,SjD Diagnosis,0.25,3.0,0.005425477612696336,167,5,50,1000,434
LOC100996842,SjD Diagnosis,0.25,1.0,0.007419946958262669,167,5,50,1000,435
HCG26,SjD Diagnosis,0.25,1.0,0.03675580093251138,167,5,50,1000,436
WDR5B-DT,SjD Diagnosis,0.25,1.0,3.206257545977232e-05,167,5,50,1000,437
WHAMM,SjD Diagnosis,0.25,1.0,0.04229843875601705,167,5,50,1000,438
DDC,SjD Diagnosis,0.25,1.0,0.00776435437725275,167,5,50,1000,439
WNT10A,SjD Diagnosis,0.25,1.0,0.019589199079129496,167,5,50,1000,440
WWP1,SjD Diagnosis,0.25,1.0,0.00011227461704350919,167,5,50,1000,441
XAF1,SjD Diagnosis,0.25,1.0,0.09316662132990589,167,5,50,1000,442
ANXA3,SjD Diagnosis,0.25,1.0,0.025401400251128217,167,5,50,1000,443
CMA1,SjD Diagnosis,0.25,2.0,0.03186945922064973,167,5,50,1000,444
XPA,SjD Diagnosis,0.25,1.0,0.0003352474342737644,167,5,50,1000,445
HCG4B,SjD Diagnosis,0.25,2.0,0.03084499408349515,167,5,50,1000,446
XRN2,SjD Diagnosis,0.25,1.0,0.01065033997808554,167,5,50,1000,447
ZBTB46-AS1,SjD Diagnosis,0.25,1.0,0.05138874139261722,167,5,50,1000,448
ZC3H12A-DT,SjD Diagnosis,0.25,1.0,0.026677150075587602,167,5,50,1000,449
CMC4,SjD Diagnosis,0.25,1.0,0.0008485084855069449,167,5,50,1000,450
LINC02384,SjD Diagnosis,0.25,1.0,0.10031399901123718,167,5,50,1000,451
ZNF17,SjD Diagnosis,0.25,1.0,0.0075159337796127795,167,5,50,1000,452
C1orf35,SjD Diagnosis,0.25,1.0,0.004858360448266169,167,5,50,1000,453
CEP162,SjD Diagnosis,0.25,1.0,0.0001089207874930695,167,5,50,1000,454
LINC02254,SjD Diagnosis,0.25,1.0,0.013205029294138207,167,5,50,1000,455
LYPD5,SjD Diagnosis,0.25,1.0,0.04243281471004244,167,5,50,1000,456
DNAJC4,SjD Diagnosis,0.25,1.0,0.008727559142177837,167,5,50,1000,457
LOC105372412,SjD Diagnosis,0.25,1.0,0.003679724330360822,167,5,50,1000,458
B3GALT1,SjD Diagnosis,0.25,1.0,0.019202076051761024,167,5,50,1000,459
LYSMD1,SjD Diagnosis,0.25,1.0,0.002749167493042502,167,5,50,1000,460
ZNF296,SjD Diagnosis,0.25,1.0,0.0037419224210856273,167,5,50,1000,461
FGL2,SjD Diagnosis,0.25,3.0,0.05086964219111473,167,5,50,1000,462
CSRP3,SjD Diagnosis,0.25,1.0,0.008581484929119696,167,5,50,1000,463
ZNF3,SjD Diagnosis,0.25,1.0,0.0014026364760420925,167,5,50,1000,464
ZNF433-AS1,SjD Diagnosis,0.25,1.0,0.0078563227508091,167,5,50,1000,465
FAM27C,SjD Diagnosis,0.25,1.0,0.0006783644575959639,167,5,50,1000,466
ZNF529-AS1,SjD Diagnosis,0.25,1.0,0.004241200398807648,167,5,50,1000,467
LOC646903,SjD Diagnosis,0.25,1.0,0.002743479126321304,167,5,50,1000,468
DNAL4,SjD Diagnosis,0.25,1.0,0.0010266952674634034,167,5,50,1000,469
ZNHIT2,SjD Diagnosis,0.25,1.0,0.00561054590416837,167,5,50,1000,470
LINC01729,SjD Diagnosis,0.25,1.0,0.011881188118811881,167,5,50,1000,471
FAM30C,SjD Diagnosis,0.25,1.0,0.0013282585273117658,167,5,50,1000,472
A2M-AS1,SjD Diagnosis,0.25,1.0,0.0031816480326828443,167,5,50,1000,473
IGLV8-61,SjD Diagnosis,0.25,1.0,0.05354312311011734,167,5,50,1000,474
FXYD2,SjD Diagnosis,0.25,4.0,0.021884635617446753,167,5,50,1000,475
CEP83,SjD Diagnosis,0.25,1.0,0.0077094788333172855,167,5,50,1000,476
ADAM19,SjD Diagnosis,0.25,3.0,0.08852627561291591,167,5,50,1000,477
APBA2,SjD Diagnosis,0.25,1.0,0.04316660891409276,167,5,50,1000,478
IZUMO1R,SjD Diagnosis,0.25,4.0,0.06200403102471283,167,5,50,1000,479
C1S,SjD Diagnosis,0.25,1.0,0.05586718400575359,167,5,50,1000,480
FHOD3,SjD Diagnosis,0.25,1.0,0.03685287389879791,167,5,50,1000,481
LINC02530,SjD Diagnosis,0.25,1.0,0.008879870740654891,167,5,50,1000,482
FIBIN,SjD Diagnosis,0.25,1.0,0.025401400251128217,167,5,50,1000,483
APCDD1L-DT,SjD Diagnosis,0.25,1.0,0.019144472704250442,167,5,50,1000,484
IGLVIV-65,SjD Diagnosis,0.25,1.0,0.15661059648999318,167,5,50,1000,485
CERS3-AS1,SjD Diagnosis,0.25,1.0,0.021370659649333445,167,5,50,1000,486
LOC100134317,SjD Diagnosis,0.25,1.0,0.020631331875128937,167,5,50,1000,487
ETFB,SjD Diagnosis,0.25,1.0,0.013382883631411985,167,5,50,1000,488
MEF2B,SjD Diagnosis,0.25,1.0,0.0032418143202194586,167,5,50,1000,489
ADAMTS18,SjD Diagnosis,0.25,1.0,0.004786525164144321,167,5,50,1000,490
KCNQ5,SjD Diagnosis,0.25,1.0,0.0025399712793896813,167,5,50,1000,491
HORMAD1,SjD Diagnosis,0.25,1.0,0.01629833765269531,167,5,50,1000,492
ETNPPL,SjD Diagnosis,0.25,1.0,0.005107416112455236,167,5,50,1000,493
LINC01093,SjD Diagnosis,0.25,3.0,0.001986985709893356,167,5,50,1000,494
BAIAP2-DT,SjD Diagnosis,0.25,1.0,0.0021335659285573604,167,5,50,1000,495
LRRTM3,SjD Diagnosis,0.25,1.0,0.004989433942520585,167,5,50,1000,496
LGR4-AS1,SjD Diagnosis,0.25,2.0,0.02913460040736143,167,5,50,1000,497
CTD-2194D22.4,SjD Diagnosis,0.25,1.0,0.017806115082498016,167,5,50,1000,498
ICAM4,SjD Diagnosis,0.25,1.0,0.13596325717143806,167,5,50,1000,499
EVI2B,SjD Diagnosis,0.25,1.0,0.16042113554115675,167,5,50,1000,500
CTF1,SjD Diagnosis,0.25,1.0,9.742639727964713e-06,167,5,50,1000,501
C3,SjD Diagnosis,0.25,1.0,0.06079065449290764,167,5,50,1000,502
LINC01748,SjD Diagnosis,0.25,1.0,0.0010615096597379038,167,5,50,1000,503
LINC02691,SjD Diagnosis,0.25,1.0,0.0003763277703917182,167,5,50,1000,504
FLG,SjD Diagnosis,0.25,1.0,0.022615452907530427,167,5,50,1000,505
C3orf52,SjD Diagnosis,0.25,1.0,6.234389672733507e-06,167,5,50,1000,506
FLI1,SjD Diagnosis,0.25,1.0,0.050624988857993464,167,5,50,1000,507
DPEP3,SjD Diagnosis,0.25,1.0,0.021938070827185206,167,5,50,1000,508
LINC02156,SjD Diagnosis,0.25,1.0,0.028044285910072495,167,5,50,1000,509
LOXL1,SjD Diagnosis,0.25,1.0,0.016161141302317834,167,5,50,1000,510
AQP9,SjD Diagnosis,0.25,1.0,0.00958318054027625,167,5,50,1000,511
LINC01754,SjD Diagnosis,0.25,1.0,0.05600630985084324,167,5,50,1000,512
MEIKIN,SjD Diagnosis,0.25,1.0,0.02746793870871874,167,5,50,1000,513
BCAS4,SjD Diagnosis,0.25,1.0,0.001040072263484916,167,5,50,1000,514
LOC105370941,SjD Diagnosis,0.25,1.0,0.001600085359386939,167,5,50,1000,515
ARF5,SjD Diagnosis,0.25,1.0,1.7316499704223364e-07,167,5,50,1000,516
CCL5,SjD Diagnosis,0.25,1.0,0.10875735867360639,167,5,50,1000,517
LOC100287036,SjD Diagnosis,0.25,1.0,0.013592650248631417,167,5,50,1000,518
BCL10-AS1,SjD Diagnosis,0.25,1.0,0.0004933693804320629,167,5,50,1000,519
LINC02562,SjD Diagnosis,0.25,1.0,0.0019456819067665374,167,5,50,1000,520
EXOSC5,SjD Diagnosis,0.25,1.0,0.012298567711182777,167,5,50,1000,521
BCL2,SjD Diagnosis,0.25,2.0,0.07494969273181377,167,5,50,1000,522
FLJ45513,SjD Diagnosis,0.25,1.0,0.0004905335216463223,167,5,50,1000,523
CTSW,SjD Diagnosis,0.25,1.0,0.06329169502316086,167,5,50,1000,524
GADD45A,SjD Diagnosis,0.25,1.0,0.0210916698047411,167,5,50,1000,525
ARHGAP11A-DT,SjD Diagnosis,0.25,1.0,0.0060266240038638,167,5,50,1000,526
ARHGAP15,SjD Diagnosis,0.25,1.0,0.07665190682475465,167,5,50,1000,527
DPPA4,SjD Diagnosis,0.25,1.0,0.04899828504251203,167,5,50,1000,528
LAT,SjD Diagnosis,0.25,1.0,0.09727548037972403,167,5,50,1000,529
LOC653513,SjD Diagnosis,0.25,1.0,0.0022111438472322818,167,5,50,1000,530
BCLAF3,SjD Diagnosis,0.25,1.0,0.018887502785366255,167,5,50,1000,531
DPY19L1P2,SjD Diagnosis,0.25,1.0,0.0012928954515254458,167,5,50,1000,532
ADPRHL1,SjD Diagnosis,0.25,1.0,0.005862674139861862,167,5,50,1000,533
GAL,SjD Diagnosis,0.25,1.0,0.028021279196166263,167,5,50,1000,534
H19,SjD Diagnosis,0.25,1.0,0.005063517678511956,167,5,50,1000,535
CUTALP,SjD Diagnosis,0.25,1.0,0.00047728602309765643,167,5,50,1000,536
KALRN,SjD Diagnosis,0.25,1.0,0.022788003908615972,167,5,50,1000,537
IFI27L1,SjD Diagnosis,0.25,1.0,0.023259912023956164,167,5,50,1000,538
ELFN2,SjD Diagnosis,0.25,4.0,0.007692756847476485,167,5,50,1000,539
LOC653712,SjD Diagnosis,0.25,1.0,0.01103263222808511,167,5,50,1000,540
ARHGAP9,SjD Diagnosis,0.25,1.0,0.07276517125396752,167,5,50,1000,541
IFI44L,SjD Diagnosis,0.25,1.0,0.12437684140681587,167,5,50,1000,542
ARHGEF10,SjD Diagnosis,0.25,1.0,0.02823615694902823,167,5,50,1000,543
CCR5,SjD Diagnosis,0.25,1.0,0.08499050222528388,167,5,50,1000,544
CXADRP2,SjD Diagnosis,0.25,1.0,0.03130609281561455,167,5,50,1000,545
LINC00383,SjD Diagnosis,0.25,1.0,0.0017542005772904334,167,5,50,1000,546
GLRA1,SjD Diagnosis,0.25,1.0,0.017127638689794906,167,5,50,1000,547
MCF2L,SjD Diagnosis,0.25,1.0,0.00750279321048315,167,5,50,1000,548
CXCL13,SjD Diagnosis,0.25,1.0,0.12397591241322849,167,5,50,1000,549
KDM5C,SjD Diagnosis,0.25,1.0,0.00022442183616673485,167,5,50,1000,550
BFSP1,SjD Diagnosis,0.25,1.0,0.00615960772734792,167,5,50,1000,551
MAFA-AS1,SjD Diagnosis,0.25,1.0,0.0041017318410917795,167,5,50,1000,552
DRD3,SjD Diagnosis,0.25,1.0,0.02891303453642646,167,5,50,1000,553
DRD4,SjD Diagnosis,0.25,1.0,0.0019784137431196253,167,5,50,1000,554
IFITM1,SjD Diagnosis,0.25,1.0,0.06645730585611768,167,5,50,1000,555
LINC01781,SjD Diagnosis,0.25,5.0,0.08605680687485272,167,5,50,1000,556
CA3-AS1,SjD Diagnosis,0.25,1.0,0.02370628809508178,167,5,50,1000,557
CXCR3,SjD Diagnosis,0.25,1.0,0.10612322006488452,167,5,50,1000,558
LINC01501,SjD Diagnosis,0.25,1.0,0.026782396953817084,167,5,50,1000,559
LOC105378098,SjD Diagnosis,0.25,1.0,0.02062657574039915,167,5,50,1000,560
CD151,SjD Diagnosis,0.25,1.0,0.02840338863985238,167,5,50,1000,561
LINC00626,SjD Diagnosis,0.25,1.0,0.0011255287570932455,167,5,50,1000,562
CHKB-DT,SjD Diagnosis,0.25,1.0,0.024191001351217375,167,5,50,1000,563
GLTP,SjD Diagnosis,0.25,1.0,0.017291563944649282,167,5,50,1000,564
LOC728024,SjD Diagnosis,0.25,1.0,0.001081502995437079,167,5,50,1000,565
CD164L2,SjD Diagnosis,0.25,2.0,0.04736564847596514,167,5,50,1000,566
GLUD1P3,SjD Diagnosis,0.25,1.0,0.002580180017135038,167,5,50,1000,567
GPRC5D-AS1,SjD Diagnosis,0.25,1.0,0.036086243354874425,167,5,50,1000,568
CXXC4,SjD Diagnosis,0.25,1.0,0.00032833472026447925,167,5,50,1000,569
KLK1,SjD Diagnosis,0.25,1.0,0.030473619470741536,167,5,50,1000,570
LINC01788,SjD Diagnosis,0.25,1.0,0.017912193628341757,167,5,50,1000,571
AHCTF1,SjD Diagnosis,0.25,1.0,0.002642299596253383,167,5,50,1000,572
LINC02577,SjD Diagnosis,0.25,1.0,0.006724672467246727,167,5,50,1000,573
LOC105378137,SjD Diagnosis,0.25,1.0,0.00014543886439180028,167,5,50,1000,574
ARL2BP,SjD Diagnosis,0.25,1.0,0.018914855918172442,167,5,50,1000,575
LYG2,SjD Diagnosis,0.25,1.0,0.01042971387042452,167,5,50,1000,576
HHEX,SjD Diagnosis,0.25,1.0,0.07474649780828312,167,5,50,1000,577
CD226,SjD Diagnosis,0.25,1.0,0.02872738514986251,167,5,50,1000,578
CD247,SjD Diagnosis,0.25,1.0,0.07246378553409294,167,5,50,1000,579
DSG2-AS1,SjD Diagnosis,0.25,1.0,0.008593454149834215,167,5,50,1000,580
LINC00964,SjD Diagnosis,0.25,1.0,0.017613174400730677,167,5,50,1000,581
LINC01934,SjD Diagnosis,0.25,1.0,0.062284203729014886,167,5,50,1000,582
CD2BP2,SjD Diagnosis,0.25,1.0,0.004080156951558369,167,5,50,1000,583
HRK,SjD Diagnosis,0.25,1.0,0.03223241430627556,167,5,50,1000,584
CYBB,SjD Diagnosis,0.25,1.0,0.04262741754733067,167,5,50,1000,585
FOS,SjD Diagnosis,0.25,1.0,0.003922230474255853,167,5,50,1000,586
LINC01798,SjD Diagnosis,0.25,1.0,0.056653114550957326,167,5,50,1000,587
CD300LG,SjD Diagnosis,0.25,1.0,0.0004294171435023452,167,5,50,1000,588
H2BC9,SjD Diagnosis,0.25,1.0,0.016381682188761792,167,5,50,1000,589
BMP7,SjD Diagnosis,0.25,1.0,0.01436299751467103,167,5,50,1000,590
FBXL16,SjD Diagnosis,0.25,1.0,0.013334787053483503,167,5,50,1000,591
EMILIN2,SjD Diagnosis,0.25,1.0,0.0522985333603356,167,5,50,1000,592
CD3G,SjD Diagnosis,0.25,1.0,0.14129222570236166,167,5,50,1000,593
GARS1,SjD Diagnosis,0.25,1.0,0.0003352474342737644,167,5,50,1000,594
CACUL1,SjD Diagnosis,0.25,1.0,0.00032767146565316655,167,5,50,1000,595
CYLD,SjD Diagnosis,0.25,1.0,0.026138068352289778,167,5,50,1000,596
LINC01800,SjD Diagnosis,0.25,1.0,0.09907998828969398,167,5,50,1000,597
GAS1RR,SjD Diagnosis,0.25,1.0,2.2901070858835397e-05,167,5,50,1000,598
DHRS9,SjD Diagnosis,0.25,1.0,0.02237988750898754,167,5,50,1000,599
LINC03007,SjD Diagnosis,0.25,1.0,0.002370455644511136,167,5,50,1000,600
LOC105373496,SjD Diagnosis,0.25,1.0,0.04299008655444301,167,5,50,1000,601
BNIP2,SjD Diagnosis,0.25,1.0,0.01257701702642669,167,5,50,1000,602
ARRDC1,SjD Diagnosis,0.25,2.0,0.008116633032612838,167,5,50,1000,603
FOXD1,SjD Diagnosis,0.25,1.0,0.024995702064703904,167,5,50,1000,604
LOC102723730,SjD Diagnosis,0.25,1.0,0.03139995504252619,167,5,50,1000,605
CD72,SjD Diagnosis,0.25,1.0,0.10221092054560647,167,5,50,1000,606
ARHGAP36,SjD Diagnosis,0.25,2.0,0.032588811497257904,167,5,50,1000,607
ARSB,SjD Diagnosis,0.25,1.0,0.02560075645397309,167,5,50,1000,608
LINC01671,SjD Diagnosis,0.25,1.0,0.00856573721032581,167,5,50,1000,609
CALM3,SjD Diagnosis,0.25,1.0,0.029393719257936917,167,5,50,1000,610
LCMT1-AS2,SjD Diagnosis,0.25,1.0,0.003153819257894783,167,5,50,1000,611
CYP2A7,SjD Diagnosis,0.25,1.0,0.007883395764306042,167,5,50,1000,612
CALN1,SjD Diagnosis,0.25,1.0,0.030948188794783102,167,5,50,1000,613
CALR,SjD Diagnosis,0.25,1.0,0.0014656685349654654,167,5,50,1000,614
LMNTD2,SjD Diagnosis,0.25,1.0,0.0023252448115060526,167,5,50,1000,615
ALDH1L1,SjD Diagnosis,0.25,2.0,0.004975073656272634,167,5,50,1000,616
H3C8,SjD Diagnosis,0.25,1.0,0.014799686246651568,167,5,50,1000,617
ENO2,SjD Diagnosis,0.25,1.0,0.08606733265491619,167,5,50,1000,618
DUSP26,SjD Diagnosis,0.25,1.0,0.01200129753235064,167,5,50,1000,619
FOXJ1,SjD Diagnosis,0.25,1.0,0.011183497001644036,167,5,50,1000,620
ISG15,SjD Diagnosis,0.25,2.0,0.0777337671722587,167,5,50,1000,621
LINC02079,SjD Diagnosis,0.25,1.0,0.03799108079191261,167,5,50,1000,622
DIO2,SjD Diagnosis,0.25,1.0,0.004433023924281181,167,5,50,1000,623
LINC00670,SjD Diagnosis,0.25,1.0,0.007853831166249155,167,5,50,1000,624
ALDOB,SjD Diagnosis,0.25,1.0,0.009369405222715642,167,5,50,1000,625
ALDOC,SjD Diagnosis,0.25,1.0,0.004714417044474811,167,5,50,1000,626
GRIFIN,SjD Diagnosis,0.25,1.0,0.0007420300389660417,167,5,50,1000,627
IL6,SjD Diagnosis,0.25,1.0,0.0861037676332999,167,5,50,1000,628
ASB5,SjD Diagnosis,0.25,1.0,0.0002607776024503887,167,5,50,1000,629
FOXM1,SjD Diagnosis,0.25,1.0,0.011657835725375881,167,5,50,1000,630
LCP1,SjD Diagnosis,0.25,1.0,0.043300621013176506,167,5,50,1000,631
LINC01366,SjD Diagnosis,0.25,2.0,0.05763387364422271,167,5,50,1000,632
H4C2,SjD Diagnosis,0.25,1.0,0.017226668564948176,167,5,50,1000,633
CPLX4,SjD Diagnosis,0.25,1.0,0.003281678306689887,167,5,50,1000,634
CIDEC,SjD Diagnosis,0.25,1.0,0.01048681866237306,167,5,50,1000,635
GRIK5,SjD Diagnosis,0.25,1.0,0.013096326854269815,167,5,50,1000,636
HSD17B7P2,SjD Diagnosis,0.25,1.0,0.0014583450405668498,167,5,50,1000,637
ASH1L-AS1,SjD Diagnosis,0.25,1.0,0.006186965932846712,167,5,50,1000,638
ALKBH6,SjD Diagnosis,0.25,1.0,0.005548379670230208,167,5,50,1000,639
CPNE5,SjD Diagnosis,0.25,1.0,0.11672030777134423,167,5,50,1000,640
CYP4Z1,SjD Diagnosis,0.25,1.0,0.001885030695760606,167,5,50,1000,641
DYNAP,SjD Diagnosis,0.25,1.0,0.01813771738619645,167,5,50,1000,642
DYNC1H1,SjD Diagnosis,0.25,1.0,0.0027929782372941863,167,5,50,1000,643
KIAA2012,SjD Diagnosis,0.25,1.0,0.02268808499505643,167,5,50,1000,644
MFN2,SjD Diagnosis,0.25,1.0,0.003961705694378962,167,5,50,1000,645
MFSD14B,SjD Diagnosis,0.25,1.0,0.03936794228119656,167,5,50,1000,646
MIR1182,SjD Diagnosis,0.25,2.0,0.11184585798890247,167,5,50,1000,647
MIR1247,SjD Diagnosis,0.25,1.0,0.07451913216716667,167,5,50,1000,648
MIR1286,SjD Diagnosis,0.25,1.0,0.04304656908349711,167,5,50,1000,649
MIR129-1,SjD Diagnosis,0.25,1.0,0.07574205775765064,167,5,50,1000,650
MIR1295A,SjD Diagnosis,0.25,1.0,0.00033003300330033015,167,5,50,1000,651
MIR17HG,SjD Diagnosis,0.25,1.0,0.0007752388142040011,167,5,50,1000,652
MIR182,SjD Diagnosis,0.25,1.0,0.07362204757189138,167,5,50,1000,653
MIR3125,SjD Diagnosis,0.25,1.0,0.10028348625209539,167,5,50,1000,654
MIR4464,SjD Diagnosis,0.25,2.0,0.084998453691523,167,5,50,1000,655
MIR4666A,SjD Diagnosis,0.25,1.0,0.12291359718180897,167,5,50,1000,656
MIR4765,SjD Diagnosis,0.25,1.0,0.13901963026545786,167,5,50,1000,657
MIR541,SjD Diagnosis,0.25,1.0,0.035065911901052314,167,5,50,1000,658
MIR6125,SjD Diagnosis,0.25,1.0,0.007550269590065803,167,5,50,1000,659
MIR649,SjD Diagnosis,0.25,1.0,0.10589455165125486,167,5,50,1000,660
MIR653,SjD Diagnosis,0.25,1.0,0.061007785537563745,167,5,50,1000,661
MIR656,SjD Diagnosis,0.25,1.0,0.06136069234629093,167,5,50,1000,662
MIR6838,SjD Diagnosis,0.25,1.0,0.08284024324418258,167,5,50,1000,663
MIR6839,SjD Diagnosis,0.25,1.0,0.07829903218327533,167,5,50,1000,664
MIR7515,SjD Diagnosis,0.25,1.0,0.05158441770102937,167,5,50,1000,665
MIR8069-1,SjD Diagnosis,0.25,1.0,0.08680137907737821,167,5,50,1000,666
MIR8080,SjD Diagnosis,0.25,1.0,0.07549327443566868,167,5,50,1000,667
MLST8,SjD Diagnosis,0.25,1.0,0.0068920101735301595,167,5,50,1000,668
MMP24OS,SjD Diagnosis,0.25,1.0,0.006317232257097726,167,5,50,1000,669
MOB3A,SjD Diagnosis,0.25,1.0,0.03648257474185483,167,5,50,1000,670
MOK,SjD Diagnosis,0.25,1.0,0.00036641713374136636,167,5,50,1000,671
MRPL42P5,SjD Diagnosis,0.25,2.0,0.01919180098676816,167,5,50,1000,672
MRPS26,SjD Diagnosis,0.25,1.0,0.005122913272497439,167,5,50,1000,673
MSANTD3-TMEFF1,SjD Diagnosis,0.25,1.0,0.015454102729496938,167,5,50,1000,674
MT1H,SjD Diagnosis,0.25,1.0,0.0330464651403412,167,5,50,1000,675
MTSS2,SjD Diagnosis,0.25,1.0,0.006870020477800825,167,5,50,1000,676
MYO10,SjD Diagnosis,0.25,1.0,0.0013869493164665172,167,5,50,1000,677
NADK2-AS1,SjD Diagnosis,0.25,1.0,0.015965049742384312,167,5,50,1000,678
NAT1,SjD Diagnosis,0.25,1.0,0.007065824539311302,167,5,50,1000,679
NBDY,SjD Diagnosis,0.25,1.0,0.0014339793405067373,167,5,50,1000,680
NBPF3,SjD Diagnosis,0.25,1.0,0.000177359343669971,167,5,50,1000,681
NBPF8,SjD Diagnosis,0.25,1.0,0.0027273919946644407,167,5,50,1000,682
NCMAP,SjD Diagnosis,0.25,1.0,0.002837340011057383,167,5,50,1000,683
NCR3,SjD Diagnosis,0.25,2.0,0.10535366894523403,167,5,50,1000,684
NCS1,SjD Diagnosis,0.25,1.0,0.00036641713374136636,167,5,50,1000,685
NFASC,SjD Diagnosis,0.25,1.0,0.0021496496099180254,167,5,50,1000,686
NHLH2,SjD Diagnosis,0.25,1.0,0.007660911018638096,167,5,50,1000,687
NOP14,SjD Diagnosis,0.25,1.0,0.0034426933061966476,167,5,50,1000,688
NOTCH2NLA,SjD Diagnosis,0.25,1.0,0.002749167493042502,167,5,50,1000,689
NPAS1,SjD Diagnosis,0.25,1.0,0.012279878171579274,167,5,50,1000,690
NPIPA5,SjD Diagnosis,0.25,1.0,0.010208253940862498,167,5,50,1000,691
NPY2R,SjD Diagnosis,0.25,1.0,0.0030620839861763964,167,5,50,1000,692
NRG2,SjD Diagnosis,0.25,1.0,0.037561776151562185,167,5,50,1000,693
NRP1,SjD Diagnosis,0.25,1.0,0.015845679510595893,167,5,50,1000,694
NTAQ1,SjD Diagnosis,0.25,1.0,0.007491810432035196,167,5,50,1000,695
NUP62,SjD Diagnosis,0.25,1.0,0.013334787053483503,167,5,50,1000,696
NUPR2,SjD Diagnosis,0.25,1.0,0.03209271219308643,167,5,50,1000,697
OAS1,SjD Diagnosis,0.25,1.0,0.047546952227868346,167,5,50,1000,698
OGFR-AS1,SjD Diagnosis,0.25,2.0,0.008362652437651205,167,5,50,1000,699
OGN,SjD Diagnosis,0.25,1.0,0.05430454307244447,167,5,50,1000,700
OPRPN,SjD Diagnosis,0.25,1.0,0.020081139301691753,167,5,50,1000,701
OR10Q1,SjD Diagnosis,0.25,1.0,0.0020873252969468735,167,5,50,1000,702
OR1I1,SjD Diagnosis,0.25,1.0,0.00021711091296923123,167,5,50,1000,703
OR2D3,SjD Diagnosis,0.25,1.0,0.03256816217899393,167,5,50,1000,704
OR2W3,SjD Diagnosis,0.25,1.0,0.0017310068356233212,167,5,50,1000,705
OR5H14,SjD Diagnosis,0.25,1.0,0.05336111127232712,167,5,50,1000,706
ORC1,SjD Diagnosis,0.25,1.0,0.008872211978966024,167,5,50,1000,707
ORMDL1,SjD Diagnosis,0.25,1.0,0.00032767146565316655,167,5,50,1000,708
PAPPA-AS1,SjD Diagnosis,0.25,1.0,0.006893729666006894,167,5,50,1000,709
PARD6G,SjD Diagnosis,0.25,1.0,0.0029490431908785,167,5,50,1000,710
PCDHB16,SjD Diagnosis,0.25,1.0,0.021455835793520922,167,5,50,1000,711
PCDHGB2,SjD Diagnosis,0.25,1.0,0.002318804881221798,167,5,50,1000,712
PCGF3-AS1,SjD Diagnosis,0.25,1.0,0.007455835403899671,167,5,50,1000,713
PCSK5,SjD Diagnosis,0.25,1.0,0.009565107181810693,167,5,50,1000,714
PDE4B,SjD Diagnosis,0.25,1.0,0.01135673454718225,167,5,50,1000,715
PDZRN4,SjD Diagnosis,0.25,1.0,0.014282746357424414,167,5,50,1000,716
PES1,SjD Diagnosis,0.25,1.0,0.006251256393224635,167,5,50,1000,717
PGAP1,SjD Diagnosis,0.25,1.0,0.016085369220682755,167,5,50,1000,718
PGAP6,SjD Diagnosis,0.25,1.0,0.020715289152413247,167,5,50,1000,719
PHF23,SjD Diagnosis,0.25,1.0,0.010953865949365501,167,5,50,1000,720
PHPT1,SjD Diagnosis,0.25,1.0,0.00557941949595003,167,5,50,1000,721
PIK3C2G,SjD Diagnosis,0.25,1.0,0.017307299235492058,167,5,50,1000,722
PIWIL2,SjD Diagnosis,0.25,1.0,0.004217185851138721,167,5,50,1000,723
PKD2L2,SjD Diagnosis,0.25,1.0,0.012160669175227713,167,5,50,1000,724
PLA1A,SjD Diagnosis,0.25,1.0,0.09420591359179213,167,5,50,1000,725
PLA2G2D,SjD Diagnosis,0.25,1.0,0.07390099399550346,167,5,50,1000,726
PLAAT4,SjD Diagnosis,0.25,1.0,0.06401286546662027,167,5,50,1000,727
PLCB2,SjD Diagnosis,0.25,1.0,0.013105239467787086,167,5,50,1000,728
PLEKHG7,SjD Diagnosis,0.25,3.0,0.045092930345666145,167,5,50,1000,729
PLK4,SjD Diagnosis,0.25,1.0,0.019756406020348876,167,5,50,1000,730
PNMA8A,SjD Diagnosis,0.25,2.0,0.0005881961878117612,167,5,50,1000,731
PNOC,SjD Diagnosis,0.25,1.0,0.1414587635934917,167,5,50,1000,732
POLR1C,SjD Diagnosis,0.25,1.0,0.0005825270500500739,167,5,50,1000,733
POLR3C,SjD Diagnosis,0.25,1.0,0.01148440720821974,167,5,50,1000,734
PPAN,SjD Diagnosis,0.25,1.0,0.0005430454307244447,167,5,50,1000,735
PPFIBP1,SjD Diagnosis,0.25,1.0,0.0006591543769761592,167,5,50,1000,736
PPP1R26,SjD Diagnosis,0.25,1.0,0.02453711689954574,167,5,50,1000,737
PPP2R3A,SjD Diagnosis,0.25,1.0,9.212268538759847e-05,167,5,50,1000,738
PPT2-EGFL8,SjD Diagnosis,0.25,1.0,0.0009379165764677735,167,5,50,1000,739
PPY,SjD Diagnosis,0.25,1.0,0.004137144375081212,167,5,50,1000,740
PRKAG3,SjD Diagnosis,0.25,1.0,0.005903690506224834,167,5,50,1000,741
PROK2,SjD Diagnosis,0.25,1.0,0.008182707813814744,167,5,50,1000,742
PRPF18,SjD Diagnosis,0.25,1.0,2.0952964642110275e-05,167,5,50,1000,743
PRR14,SjD Diagnosis,0.25,1.0,0.0007204096789449526,167,5,50,1000,744
PRR7-AS1,SjD Diagnosis,0.25,1.0,0.006180989683667821,167,5,50,1000,745
PRRX1,SjD Diagnosis,0.25,1.0,0.03915547398895734,167,5,50,1000,746
PSME2,SjD Diagnosis,0.25,1.0,0.06753439213772039,167,5,50,1000,747
PTMAP11,SjD Diagnosis,0.25,1.0,0.0004712092230688651,167,5,50,1000,748
PTPN23,SjD Diagnosis,0.25,1.0,0.004437826420226885,167,5,50,1000,749
AARD,SjD Diagnosis,0.25,1.0,0.013000535317942733,167,5,50,1000,750
PTPRCAP,SjD Diagnosis,0.25,1.0,0.07770371250506602,167,5,50,1000,751
PTS,SjD Diagnosis,0.25,1.0,0.02213156890322898,167,5,50,1000,752
PTTG2,SjD Diagnosis,0.25,1.0,0.0325671274462232,167,5,50,1000,753
PWRN3,SjD Diagnosis,0.25,1.0,0.010307952739309281,167,5,50,1000,754
RABL6,SjD Diagnosis,0.25,1.0,0.012391037819603332,167,5,50,1000,755
RAC2,SjD Diagnosis,0.25,1.0,0.14608930772595333,167,5,50,1000,756
RAG2,SjD Diagnosis,0.25,2.0,0.009218692953632712,167,5,50,1000,757
RAI1,SjD Diagnosis,0.25,1.0,0.04886469251387997,167,5,50,1000,758
RASA3,SjD Diagnosis,0.25,1.0,0.028982929059882766,167,5,50,1000,759
RBM27,SjD Diagnosis,0.25,1.0,0.020256072075319178,167,5,50,1000,760
RCOR2,SjD Diagnosis,0.25,1.0,0.027296784095608078,167,5,50,1000,761
REL,SjD Diagnosis,0.25,1.0,0.0034324861057534327,167,5,50,1000,762
RET,SjD Diagnosis,0.25,1.0,0.04628843836764629,167,5,50,1000,763
RGS2-AS1,SjD Diagnosis,0.25,1.0,0.03390571135504473,167,5,50,1000,764
RGS4,SjD Diagnosis,0.25,1.0,0.01215125879082341,167,5,50,1000,765
RHOB,SjD Diagnosis,0.25,1.0,0.0004682381520021997,167,5,50,1000,766
RHOF,SjD Diagnosis,0.25,1.0,0.10041530810609377,167,5,50,1000,767
RIDA,SjD Diagnosis,0.25,1.0,0.0031793526369446705,167,5,50,1000,768
RIT2,SjD Diagnosis,0.25,1.0,0.011313669593259022,167,5,50,1000,769
RLN3,SjD Diagnosis,0.25,1.0,0.0663001344240278,167,5,50,1000,770
RND1,SjD Diagnosis,0.25,1.0,0.00909932676199739,167,5,50,1000,771
RNF144A,SjD Diagnosis,0.25,1.0,0.0025985572368650185,167,5,50,1000,772
RNFT1-DT,SjD Diagnosis,0.25,1.0,0.023583423431100512,167,5,50,1000,773
RPL26,SjD Diagnosis,0.25,1.0,4.433023924281181e-05,167,5,50,1000,774
RPP25L,SjD Diagnosis,0.25,1.0,0.00035065911901052313,167,5,50,1000,775
RPS16P5,SjD Diagnosis,0.25,1.0,0.03907497339738397,167,5,50,1000,776
S100A1,SjD Diagnosis,0.25,1.0,0.03284251663027928,167,5,50,1000,777
SCARNA1,SjD Diagnosis,0.25,4.0,0.04091612647687834,167,5,50,1000,778
SCN1A,SjD Diagnosis,0.25,1.0,0.021307722638640045,167,5,50,1000,779
SCRG1,SjD Diagnosis,0.25,1.0,0.016508414910755147,167,5,50,1000,780
SDHAF1,SjD Diagnosis,0.25,1.0,0.01553294352593762,167,5,50,1000,781
SERF1A,SjD Diagnosis,0.25,1.0,0.0025773878159766053,167,5,50,1000,782
SERPINB11,SjD Diagnosis,0.25,1.0,0.00858447756301604,167,5,50,1000,783
SFN,SjD Diagnosis,0.25,1.0,0.015223324511226108,167,5,50,1000,784
SH2B3,SjD Diagnosis,0.25,1.0,0.0505884655271674,167,5,50,1000,785
SHISA5,SjD Diagnosis,0.25,1.0,0.05411077144075421,167,5,50,1000,786
SIGLEC6,SjD Diagnosis,0.25,1.0,0.05347708946276769,167,5,50,1000,787
SLA2,SjD Diagnosis,0.25,1.0,0.07544700205335877,167,5,50,1000,788
SLC12A2-DT,SjD Diagnosis,0.25,1.0,0.005033949755266993,167,5,50,1000,789
SLC35B4,SjD Diagnosis,0.25,1.0,0.023286032306934396,167,5,50,1000,790
SLC52A3,SjD Diagnosis,0.25,1.0,0.0034190603358214304,167,5,50,1000,791
SLC66A2,SjD Diagnosis,0.25,1.0,0.04723442965036972,167,5,50,1000,792
SLC6A4,SjD Diagnosis,0.25,1.0,0.029042643866556632,167,5,50,1000,793
KHK,SjD Diagnosis,0.234375,8.0,0.045515705999883076,167,5,50,1000,794
SORCS3,SjD Diagnosis,0.21875,4.0,0.024003132914024013,167,5,50,1000,795
MIR4778,SjD Diagnosis,0.20833333333333334,3.0,0.09533841343156033,167,5,50,1000,796
LOC102724034,SjD Diagnosis,0.20833333333333334,3.0,0.012705025039709055,167,5,50,1000,797
ZNF275,SjD Diagnosis,0.1875,2.0,0.022692233872402472,167,5,50,1000,798
GTSCR1,SjD Diagnosis,0.1875,2.0,0.09680451061555632,167,5,50,1000,799
OR52B2,SjD Diagnosis,0.1875,2.0,0.011648871309149267,167,5,50,1000,800
JCHAIN,SjD Diagnosis,0.1875,2.0,0.1251117103630138,167,5,50,1000,801
CYTIP,SjD Diagnosis,0.1875,2.0,0.06464612986080372,167,5,50,1000,802
CD5,SjD Diagnosis,0.1875,2.0,0.04673381269300728,167,5,50,1000,803
ZFPM1,SjD Diagnosis,0.1875,2.0,0.03914888843381692,167,5,50,1000,804
LIFR,SjD Diagnosis,0.1875,2.0,0.016587518357924824,167,5,50,1000,805
GLIPR2,SjD Diagnosis,0.1875,2.0,0.04174679065193873,167,5,50,1000,806
RDH8,SjD Diagnosis,0.1875,2.0,0.01848892163537125,167,5,50,1000,807
HDAC9,SjD Diagnosis,0.1875,2.0,0.03616533646727346,167,5,50,1000,808
TMEM139,SjD Diagnosis,0.1875,2.0,0.006185626859345629,167,5,50,1000,809
MIR3659HG,SjD Diagnosis,0.1875,2.0,0.012499560482766419,167,5,50,1000,810
FUT8-AS1,SjD Diagnosis,0.1875,2.0,0.027706399526757387,167,5,50,1000,811
UVRAG-DT,SjD Diagnosis,0.1875,2.0,0.0745072097571203,167,5,50,1000,812
ADORA1,SjD Diagnosis,0.1875,2.0,0.01949149535832308,167,5,50,1000,813
SRP14-DT,SjD Diagnosis,0.1875,2.0,0.006087831927266026,167,5,50,1000,814
ALKBH1,SjD Diagnosis,0.1875,2.0,0.012391931833876033,167,5,50,1000,815
HOXB4,SjD Diagnosis,0.1875,2.0,0.07040533561552877,167,5,50,1000,816
MIR548X2,SjD Diagnosis,0.1875,2.0,0.06654148295585167,167,5,50,1000,817
PAX5,SjD Diagnosis,0.1875,2.0,0.09091499497873468,167,5,50,1000,818
EML2-AS1,SjD Diagnosis,0.1875,2.0,0.03212456484711085,167,5,50,1000,819
LCN10,SjD Diagnosis,0.1875,2.0,0.027501455389661932,167,5,50,1000,820
MREG,SjD Diagnosis,0.1875,2.0,0.006961276172347053,167,5,50,1000,821
LOC101928253,SjD Diagnosis,0.1875,2.0,0.005605409025751061,167,5,50,1000,822
MIR758,SjD Diagnosis,0.1875,2.0,0.09548307431899263,167,5,50,1000,823
TDO2,SjD Diagnosis,0.1875,2.0,0.030245797451777606,167,5,50,1000,824
MIR5692C2,SjD Diagnosis,0.16666666666666666,3.0,0.12139382587791069,167,5,50,1000,825
CD96,SjD Diagnosis,0.15625,2.0,0.03620255890084501,167,5,50,1000,826
LINC01954,SjD Diagnosis,0.125,1.0,0.006822843456506824,167,5,50,1000,827
CYSLTR2,SjD Diagnosis,0.125,1.0,0.0286141358518694,167,5,50,1000,828
CARD10,SjD Diagnosis,0.125,1.0,0.00010394228947460073,167,5,50,1000,829
EOMES,SjD Diagnosis,0.125,1.0,0.10985184539959372,167,5,50,1000,830
LINC01376,SjD Diagnosis,0.125,1.0,0.006386040063860401,167,5,50,1000,831
IFT140,SjD Diagnosis,0.125,1.0,0.00012490228702474593,167,5,50,1000,832
CYTH4,SjD Diagnosis,0.125,1.0,0.08643396624490382,167,5,50,1000,833
HLA-DPA1,SjD Diagnosis,0.125,1.0,0.11558573071072352,167,5,50,1000,834
DAAM2,SjD Diagnosis,0.125,1.0,0.0036659799401050483,167,5,50,1000,835
ZSCAN31,SjD Diagnosis,0.125,1.0,0.004635939022806031,167,5,50,1000,836
CRCP,SjD Diagnosis,0.125,1.0,0.002771029573919084,167,5,50,1000,837
FRG1-DT,SjD Diagnosis,0.125,1.0,0.006032207266969473,167,5,50,1000,838
CDK17,SjD Diagnosis,0.125,1.0,0.012131160278737778,167,5,50,1000,839
KIF15,SjD Diagnosis,0.125,1.0,0.02031141329235898,167,5,50,1000,840
ABCC12,SjD Diagnosis,0.125,1.0,0.02193990296862504,167,5,50,1000,841
CDK2AP1,SjD Diagnosis,0.125,1.0,0.008688726891591116,167,5,50,1000,842
KCNF1,SjD Diagnosis,0.125,1.0,0.026157194032656275,167,5,50,1000,843
ZSWIM9,SjD Diagnosis,0.125,1.0,0.012221538359369535,167,5,50,1000,844
KIF18A,SjD Diagnosis,0.125,1.0,0.0281766296695214,167,5,50,1000,845
EPHA8,SjD Diagnosis,0.125,1.0,0.011881188118811881,167,5,50,1000,846
DARS1,SjD Diagnosis,0.125,1.0,0.016055901817005166,167,5,50,1000,847
LINC01014,SjD Diagnosis,0.125,1.0,0.00017996447280767332,167,5,50,1000,848
LINC01016,SjD Diagnosis,0.125,1.0,0.0007376024299677674,167,5,50,1000,849
EBP,SjD Diagnosis,0.125,1.0,0.0026411558261374085,167,5,50,1000,850
KIF20A,SjD Diagnosis,0.125,1.0,0.032515794932094375,167,5,50,1000,851
LDHD,SjD Diagnosis,0.125,1.0,0.00023706288095081787,167,5,50,1000,852
LINC00184,SjD Diagnosis,0.125,1.0,0.011422067222744492,167,5,50,1000,853
LSM1,SjD Diagnosis,0.125,1.0,3.39403394202778e-05,167,5,50,1000,854
POM121L8P,SjD Diagnosis,0.125,1.0,0.01603553780616661,167,5,50,1000,855
IGHD2-21,SjD Diagnosis,0.125,1.0,0.06807618212221628,167,5,50,1000,856
ABI3BP,SjD Diagnosis,0.125,1.0,0.010521894841529461,167,5,50,1000,857
ABTB1,SjD Diagnosis,0.125,1.0,0.0026841007454038823,167,5,50,1000,858
KIF26A-DT,SjD Diagnosis,0.125,1.0,0.0034323854920703337,167,5,50,1000,859
IGHD4-17,SjD Diagnosis,0.125,1.0,0.04792979297929795,167,5,50,1000,860
CDX1,SjD Diagnosis,0.125,1.0,0.03424211683364925,167,5,50,1000,861
HSPB7,SjD Diagnosis,0.125,1.0,0.00010394978891828578,167,5,50,1000,862
C12orf56,SjD Diagnosis,0.125,1.0,0.0014086579760637663,167,5,50,1000,863
ATP5IF1,SjD Diagnosis,0.125,1.0,0.0019273697083293214,167,5,50,1000,864
CRTC2,SjD Diagnosis,0.125,1.0,0.005186396915628319,167,5,50,1000,865
CLGN,SjD Diagnosis,0.125,1.0,1.1090561081232665e-05,167,5,50,1000,866
DNAAF11,SjD Diagnosis,0.125,1.0,0.0005144546782575502,167,5,50,1000,867
LINC01220,SjD Diagnosis,0.125,1.0,0.0005277702394176632,167,5,50,1000,868
ITGB7,SjD Diagnosis,0.125,1.0,0.06287711036139142,167,5,50,1000,869
LOC100419583,SjD Diagnosis,0.125,1.0,0.06538887782436711,167,5,50,1000,870
C14orf28,SjD Diagnosis,0.125,1.0,0.0003907035245765397,167,5,50,1000,871
LINC01037,SjD Diagnosis,0.125,1.0,0.023083905834672926,167,5,50,1000,872
FAM221B,SjD Diagnosis,0.125,1.0,0.0012293973142638841,167,5,50,1000,873
CRYBB3,SjD Diagnosis,0.125,1.0,0.008381209306838203,167,5,50,1000,874
DNAAF9,SjD Diagnosis,0.125,1.0,0.0016545526733124443,167,5,50,1000,875
KCNJ16,SjD Diagnosis,0.125,1.0,0.011583810410508048,167,5,50,1000,876
CD7,SjD Diagnosis,0.125,1.0,0.06376640841897278,167,5,50,1000,877
LOC105371933,SjD Diagnosis,0.125,1.0,0.0009354806052714068,167,5,50,1000,878
C16orf95-DT,SjD Diagnosis,0.125,1.0,0.011618595832739574,167,5,50,1000,879
DNAI1,SjD Diagnosis,0.125,1.0,0.009276135946928025,167,5,50,1000,880
LEMD2,SjD Diagnosis,0.125,1.0,0.003896212433450258,167,5,50,1000,881
LOC283028,SjD Diagnosis,0.125,1.0,0.005272917451185275,167,5,50,1000,882
CELSR3,SjD Diagnosis,0.125,1.0,0.0002394119193340099,167,5,50,1000,883
LZTS1,SjD Diagnosis,0.125,1.0,0.0046296635696752185,167,5,50,1000,884
DCTN1-AS1,SjD Diagnosis,0.125,1.0,0.010529491329033273,167,5,50,1000,885
FAM230F,SjD Diagnosis,0.125,1.0,0.00873340450056511,167,5,50,1000,886
ACSL5,SjD Diagnosis,0.125,1.0,0.06662312335129617,167,5,50,1000,887
HNRNPA0,SjD Diagnosis,0.125,1.0,0.01621447766304659,167,5,50,1000,888
GTF2A1-AS1,SjD Diagnosis,0.125,1.0,0.02639170878701403,167,5,50,1000,889
IGHM,SjD Diagnosis,0.125,1.0,0.03305442420317764,167,5,50,1000,890
HCG24,SjD Diagnosis,0.125,1.0,0.0336318063783938,167,5,50,1000,891
ACTB,SjD Diagnosis,0.125,1.0,0.0319437902956301,167,5,50,1000,892
CCDC157,SjD Diagnosis,0.125,1.0,0.011392914776651898,167,5,50,1000,893
GTF2F2,SjD Diagnosis,0.125,1.0,0.004975073656272634,167,5,50,1000,894
LOC121725015,SjD Diagnosis,0.125,1.0,0.010933645703773767,167,5,50,1000,895
C1orf162,SjD Diagnosis,0.125,1.0,0.026344097824416594,167,5,50,1000,896
LOC101927557,SjD Diagnosis,0.125,1.0,0.0042662573467378085,167,5,50,1000,897
FGFBP2,SjD Diagnosis,0.125,1.0,0.002535308721695343,167,5,50,1000,898
LOC101928119,SjD Diagnosis,0.125,1.0,0.008136263361785911,167,5,50,1000,899
ERVFRD-1,SjD Diagnosis,0.125,1.0,0.04020175207401519,167,5,50,1000,900
GPBAR1,SjD Diagnosis,0.125,1.0,0.014876774660355358,167,5,50,1000,901
C1QC,SjD Diagnosis,0.125,1.0,0.09076893548960989,167,5,50,1000,902
FAM27E2,SjD Diagnosis,0.125,1.0,0.033330605787851526,167,5,50,1000,903
GTF2IP7,SjD Diagnosis,0.125,1.0,0.005072877711837877,167,5,50,1000,904
DDX18,SjD Diagnosis,0.125,1.0,0.01197764968041426,167,5,50,1000,905
PORCN,SjD Diagnosis,0.125,1.0,0.003698656571360888,167,5,50,1000,906
POU5F1P5,SjD Diagnosis,0.125,1.0,0.012053853732645267,167,5,50,1000,907
CD40,SjD Diagnosis,0.125,1.0,0.05030806810570676,167,5,50,1000,908
H3C6,SjD Diagnosis,0.125,1.0,0.014412912325068453,167,5,50,1000,909
GLI3,SjD Diagnosis,0.125,1.0,0.015587159348179287,167,5,50,1000,910
ARPC5,SjD Diagnosis,0.125,1.0,0.03664171337413665,167,5,50,1000,911
GLI2,SjD Diagnosis,0.125,1.0,0.03911153917840526,167,5,50,1000,912
MIRLET7B,SjD Diagnosis,0.125,1.0,0.018493087979492808,167,5,50,1000,913
PRICKLE1,SjD Diagnosis,0.125,1.0,0.0003809640223281588,167,5,50,1000,914
CCNE2,SjD Diagnosis,0.125,1.0,0.032984157924157036,167,5,50,1000,915
PRKAG2-AS2,SjD Diagnosis,0.125,1.0,0.009045403854514394,167,5,50,1000,916
CD1C,SjD Diagnosis,0.125,1.0,0.03047028305315004,167,5,50,1000,917
MMP2,SjD Diagnosis,0.125,1.0,0.03164698549069972,167,5,50,1000,918
PRR36,SjD Diagnosis,0.125,1.0,0.024128829067877892,167,5,50,1000,919
ENO1,SjD Diagnosis,0.125,1.0,0.007277259000699871,167,5,50,1000,920
PRXL2B,SjD Diagnosis,0.125,1.0,0.017732095697124722,167,5,50,1000,921
HOXC6,SjD Diagnosis,0.125,1.0,0.00020961132776002036,167,5,50,1000,922
MOXD1,SjD Diagnosis,0.125,1.0,0.005935564654731369,167,5,50,1000,923
PTENP1-AS,SjD Diagnosis,0.125,1.0,0.021140101114120388,167,5,50,1000,924
IL15,SjD Diagnosis,0.125,1.0,0.06223554322822804,167,5,50,1000,925
MPC2,SjD Diagnosis,0.125,1.0,0.009644597675264247,167,5,50,1000,926
CCNA1,SjD Diagnosis,0.125,1.0,0.00763745054802878,167,5,50,1000,927
IGDCC4,SjD Diagnosis,0.125,1.0,0.012736707196731239,167,5,50,1000,928
LOC440570,SjD Diagnosis,0.125,1.0,0.010153061459992153,167,5,50,1000,929
PUDP,SjD Diagnosis,0.125,1.0,0.014815347778194604,167,5,50,1000,930
C5orf52,SjD Diagnosis,0.125,1.0,0.005798125824852424,167,5,50,1000,931
ARMH2,SjD Diagnosis,0.125,1.0,0.02398037968934508,167,5,50,1000,932
QPCT,SjD Diagnosis,0.125,1.0,0.00045927686340526433,167,5,50,1000,933
QRICH1,SjD Diagnosis,0.125,1.0,0.008116633032612838,167,5,50,1000,934
RAB26,SjD Diagnosis,0.125,1.0,0.05430454307244447,167,5,50,1000,935
GZMB,SjD Diagnosis,0.125,1.0,0.09508130383630424,167,5,50,1000,936
MSL3,SjD Diagnosis,0.125,1.0,0.039400058612022386,167,5,50,1000,937
IL25,SjD Diagnosis,0.125,1.0,0.004778977196457373,167,5,50,1000,938
CD180,SjD Diagnosis,0.125,1.0,0.07654561498328082,167,5,50,1000,939
BCKDHB,SjD Diagnosis,0.125,1.0,0.02225555504111121,167,5,50,1000,940
BNIP3,SjD Diagnosis,0.125,1.0,0.0650700377735631,167,5,50,1000,941
MUC13,SjD Diagnosis,0.125,1.0,0.037745551678388264,167,5,50,1000,942
RCSD1,SjD Diagnosis,0.125,1.0,0.12335166133307657,167,5,50,1000,943
COL16A1,SjD Diagnosis,0.125,1.0,0.0006119832915811749,167,5,50,1000,944
MUCL1,SjD Diagnosis,0.125,1.0,1.174339588228374e-05,167,5,50,1000,945
MYDGF,SjD Diagnosis,0.125,1.0,0.012298567711182777,167,5,50,1000,946
REXO2,SjD Diagnosis,0.125,1.0,0.037121207250946586,167,5,50,1000,947
CTSK,SjD Diagnosis,0.125,1.0,0.04619561588220002,167,5,50,1000,948
RGS16,SjD Diagnosis,0.125,1.0,0.06416221804709807,167,5,50,1000,949
MYH7,SjD Diagnosis,0.125,1.0,0.00026597712774811057,167,5,50,1000,950
CORO1A,SjD Diagnosis,0.125,1.0,0.11459752136385273,167,5,50,1000,951
RGS9BP,SjD Diagnosis,0.125,1.0,0.0370391030519361,167,5,50,1000,952
RHBDL1,SjD Diagnosis,0.125,1.0,0.00985214699850704,167,5,50,1000,953
LLGL1,SjD Diagnosis,0.125,1.0,0.050354440567808405,167,5,50,1000,954
MYPOP,SjD Diagnosis,0.125,1.0,1.1087359187019389e-05,167,5,50,1000,955
LCMT1,SjD Diagnosis,0.125,1.0,0.0025985572368650185,167,5,50,1000,956
NANOS1,SjD Diagnosis,0.125,2.0,0.00539681539427851,167,5,50,1000,957
RILPL1,SjD Diagnosis,0.125,1.0,0.00327390072532973,167,5,50,1000,958
AKAP5,SjD Diagnosis,0.125,1.0,0.018459778305945453,167,5,50,1000,959
EMX2OS,SjD Diagnosis,0.125,1.0,0.007455835403899671,167,5,50,1000,960
RNF141,SjD Diagnosis,0.125,1.0,0.005272917451185275,167,5,50,1000,961
CDC16,SjD Diagnosis,0.125,1.0,0.0025773878159766053,167,5,50,1000,962
LOC652276,SjD Diagnosis,0.125,1.0,0.0001829055281258593,167,5,50,1000,963
NCALD,SjD Diagnosis,0.125,1.0,0.014916822466461352,167,5,50,1000,964
NCAM2,SjD Diagnosis,0.125,1.0,0.00690979271087282,167,5,50,1000,965
LINC00659,SjD Diagnosis,0.125,1.0,0.04293637543439225,167,5,50,1000,966
LMCD1-AS1,SjD Diagnosis,0.125,1.0,0.004906879214648974,167,5,50,1000,967
COL10A1,SjD Diagnosis,0.125,2.0,0.0003849889939488998,167,5,50,1000,968
RRAGC,SjD Diagnosis,0.125,1.0,0.03406021288948028,167,5,50,1000,969
KRT87P,SjD Diagnosis,0.125,1.0,0.027674396512332937,167,5,50,1000,970
RUBCNL,SjD Diagnosis,0.125,1.0,0.03989721531853063,167,5,50,1000,971
BRME1,SjD Diagnosis,0.125,1.0,0.01857302821401107,167,5,50,1000,972
CD33,SjD Diagnosis,0.125,1.0,0.056867398386540924,167,5,50,1000,973
SCGB1D1,SjD Diagnosis,0.125,1.0,0.035283558658896194,167,5,50,1000,974
CYP1A2,SjD Diagnosis,0.125,1.0,0.017181010164013435,167,5,50,1000,975
IL7R,SjD Diagnosis,0.125,1.0,0.08028297236075106,167,5,50,1000,976
ARID3B,SjD Diagnosis,0.125,1.0,0.011753563868437645,167,5,50,1000,977
LOC102724720,SjD Diagnosis,0.125,1.0,0.03284251663027928,167,5,50,1000,978
LOC105370792,SjD Diagnosis,0.125,1.0,0.008276242906682696,167,5,50,1000,979
LOC100128494,SjD Diagnosis,0.125,1.0,3.400903959404833e-05,167,5,50,1000,980
CCL21,SjD Diagnosis,0.125,1.0,0.050214775463550264,167,5,50,1000,981
SERPINA9,SjD Diagnosis,0.125,1.0,0.09017947249270383,167,5,50,1000,982
NME5,SjD Diagnosis,0.125,1.0,0.007141108306195575,167,5,50,1000,983
NMRAL2P,SjD Diagnosis,0.125,1.0,0.004286576232021898,167,5,50,1000,984
SFPQ,SjD Diagnosis,0.125,1.0,0.00024351327709064112,167,5,50,1000,985
EXOC3L4,SjD Diagnosis,0.125,1.0,0.04248086469055749,167,5,50,1000,986
NNMT,SjD Diagnosis,0.125,1.0,0.03444528855165295,167,5,50,1000,987
NOMO1,SjD Diagnosis,0.125,1.0,0.0008976873446669394,167,5,50,1000,988
SHLD2P3,SjD Diagnosis,0.125,1.0,0.006551347775470189,167,5,50,1000,989
CYP7B1,SjD Diagnosis,0.125,1.0,0.012858583311617362,167,5,50,1000,990
SIRPB2,SjD Diagnosis,0.125,1.0,0.07636428240890189,167,5,50,1000,991
AKAP8,SjD Diagnosis,0.125,1.0,0.008419325447442661,167,5,50,1000,992
KBTBD12,SjD Diagnosis,0.125,1.0,0.02715504217617491,167,5,50,1000,993
SLC13A3,SjD Diagnosis,0.125,1.0,0.003844436099334629,167,5,50,1000,994
CFAP74,SjD Diagnosis,0.125,1.0,4.166279694507541e-05,167,5,50,1000,995
LIX1,SjD Diagnosis,0.125,1.0,0.021495570609692545,167,5,50,1000,996
SLC25A48-AS1,SjD Diagnosis,0.125,1.0,0.0003218558530341804,167,5,50,1000,997
SLC38A5,SjD Diagnosis,0.125,1.0,0.025647496659861064,167,5,50,1000,998
SLC52A1,SjD Diagnosis,0.125,1.0,0.0013406173375342535,167,5,50,1000,999
MIB1,SjD Diagnosis,0.125,1.0,0.011930969344783013,167,5,50,1000,1000
BLK,Focus Score,1.0,3.0,0.11160226855572039,167,5,50,1000,1
SP140,Focus Score,1.0,1.0,0.1011969141288665,167,5,50,1000,2
KIF9,Focus Score,1.0,1.0,0.016113082200992612,167,5,50,1000,3
CCL25,Focus Score,1.0,3.0,0.13100181357641053,167,5,50,1000,4
GPR18,Focus Score,1.0,7.0,0.07801614910392585,167,5,50,1000,5
SCAT8,Focus Score,1.0,1.0,0.009584779145957841,167,5,50,1000,6
CD8B,Focus Score,1.0,17.0,0.12966299925255237,167,5,50,1000,7
IQGAP3,Focus Score,1.0,1.0,0.0027284323975075063,167,5,50,1000,8
TLCD1,Focus Score,1.0,1.0,0.03231051614404284,167,5,50,1000,9
MIR4761,Focus Score,1.0,1.0,0.05502346048974947,167,5,50,1000,10
MKRN2OS,Focus Score,1.0,1.0,0.03620671605651228,167,5,50,1000,11
MIR185,Focus Score,1.0,1.0,0.11223677712070695,167,5,50,1000,12
MTIF3,Focus Score,1.0,1.0,0.01096390381622044,167,5,50,1000,13
HEBP2,Focus Score,1.0,1.0,0.009773104987206141,167,5,50,1000,14
TRAT1,Focus Score,1.0,5.0,0.17557144801772218,167,5,50,1000,15
HLA-DOB,Focus Score,1.0,1.0,0.15723003404426256,167,5,50,1000,16
SPIB,Focus Score,0.9519230769230769,65.0,0.22952339464036203,167,5,50,1000,17
MIR4650-2,Focus Score,0.890625,8.0,0.14930778910374304,167,5,50,1000,18
FCHO1,Focus Score,0.8828125,8.0,0.11058913063862916,167,5,50,1000,19
AGAP2,Focus Score,0.8333333333333334,3.0,0.10342539975588506,167,5,50,1000,20
LY9,Focus Score,0.8333333333333334,3.0,0.13744854802361645,167,5,50,1000,21
SLAMF1,Focus Score,0.825,5.0,0.11365460403501249,167,5,50,1000,22
TRE-TTC2-1,Focus Score,0.8125,4.0,0.08497625302511679,167,5,50,1000,23
PNOC,Focus Score,0.78125,4.0,0.16000751977636402,167,5,50,1000,24
MS4A1,Focus Score,0.7800632911392406,79.0,0.22984938902096583,167,5,50,1000,25
IFNAR2,Focus Score,0.75,6.0,0.13934615186046853,167,5,50,1000,26
TLR9,Focus Score,0.75,3.0,0.1400717962395821,167,5,50,1000,27
SLAMF7,Focus Score,0.7321428571428571,7.0,0.13220297902084396,167,5,50,1000,28
CR2,Focus Score,0.7073317307692307,13.0,0.1235397996486644,167,5,50,1000,29
GPR25,Focus Score,0.6973684210526315,19.0,0.11424440493354189,167,5,50,1000,30
FLJ32255,Focus Score,0.671875,6.0,0.14172702325132483,167,5,50,1000,31
MIR558,Focus Score,0.65625,8.0,0.11935261486418063,167,5,50,1000,32
CD38,Focus Score,0.625,5.0,0.1797185059670286,167,5,50,1000,33
GZMM,Focus Score,0.625,6.0,0.15683436183649252,167,5,50,1000,34
MIR4742,Focus Score,0.5989583333333334,12.0,0.18385146897766183,167,5,50,1000,35
MIR494,Focus Score,0.5349264705882353,17.0,0.23225387987461366,167,5,50,1000,36
RAB4A,Focus Score,0.53125,2.0,0.0613920973234883,167,5,50,1000,37
SYPL1,Focus Score,0.53125,2.0,0.006449259473200291,167,5,50,1000,38
TAGAP,Focus Score,0.53125,4.0,0.1450177398089335,167,5,50,1000,39
PAX5,Focus Score,0.515625,2.0,0.12630183355185776,167,5,50,1000,40
SEL1L,Focus Score,0.515625,2.0,0.042430450162453816,167,5,50,1000,41
LURAP1L,Focus Score,0.515625,2.0,0.037554723794972794,167,5,50,1000,42
THEMIS2,Focus Score,0.5104166666666666,3.0,0.1551164848395115,167,5,50,1000,43
MIR1193,Focus Score,0.50390625,4.0,0.1213595427046401,167,5,50,1000,44
CSF2RB,Focus Score,0.5,1.0,0.043864076511091886,167,5,50,1000,45
ASIC4,Focus Score,0.5,1.0,0.0010420730389755655,167,5,50,1000,46
HLA-DQA2,Focus Score,0.5,1.0,0.0836500632191132,167,5,50,1000,47
IGHVII-26-2,Focus Score,0.5,1.0,0.057625556681697734,167,5,50,1000,48
LINC01749,Focus Score,0.5,1.0,0.061823664151429904,167,5,50,1000,49
RAB40B,Focus Score,0.5,1.0,0.0009000196099119854,167,5,50,1000,50
HCK,Focus Score,0.5,1.0,0.10057421126808966,167,5,50,1000,51
SNORD22,Focus Score,0.5,5.0,0.08607717259854684,167,5,50,1000,52
IRF4,Focus Score,0.5,3.0,0.09505587549909494,167,5,50,1000,53
TOX-DT,Focus Score,0.5,1.0,0.04463222598930663,167,5,50,1000,54
TMIGD2,Focus Score,0.5,1.0,0.053465537698184754,167,5,50,1000,55
MIR6742,Focus Score,0.5,1.0,0.11192799583776983,167,5,50,1000,56
FAM186A,Focus Score,0.5,1.0,0.0051286400365096255,167,5,50,1000,57
FCGR3A,Focus Score,0.5,1.0,0.02377145779929274,167,5,50,1000,58
TMEM266,Focus Score,0.5,1.0,0.005012952863580571,167,5,50,1000,59
TRAM1,Focus Score,0.5,1.0,0.01880529874193557,167,5,50,1000,60
MIR5006,Focus Score,0.5,1.0,0.1225205764386768,167,5,50,1000,61
SMPD5,Focus Score,0.5,1.0,0.011507915181183657,167,5,50,1000,62
CD86,Focus Score,0.5,1.0,0.15551168591464393,167,5,50,1000,63
HMCN2,Focus Score,0.5,2.0,0.006256071381088188,167,5,50,1000,64
LOC100132077,Focus Score,0.5,3.0,0.005218292440835214,167,5,50,1000,65
LINC02405,Focus Score,0.5,1.0,0.008556359268168744,167,5,50,1000,66
BCLAF3,Focus Score,0.5,2.0,0.027224158143236647,167,5,50,1000,67
PYCARD,Focus Score,0.5,1.0,0.03141553152096946,167,5,50,1000,68
TMEM119,Focus Score,0.5,1.0,0.03319196484205632,167,5,50,1000,69
FCRL1,Focus Score,0.5,2.0,0.08515202141901769,167,5,50,1000,70
HS1BP3-IT1,Focus Score,0.5,1.0,0.06181814270866638,167,5,50,1000,71
TSC2,Focus Score,0.5,1.0,0.013395613909136477,167,5,50,1000,72
TMEM108,Focus Score,0.5,1.0,0.005719528565173795,167,5,50,1000,73
TTC39A-AS1,Focus Score,0.5,1.0,0.022937688373779082,167,5,50,1000,74
LINC00304,Focus Score,0.5,1.0,0.01902816202308248,167,5,50,1000,75
MIR92A1,Focus Score,0.5,1.0,0.12217451677170321,167,5,50,1000,76
TUT4,Focus Score,0.5,1.0,0.0366846698135143,167,5,50,1000,77
PNCK,Focus Score,0.5,1.0,0.016731597855716325,167,5,50,1000,78
LOC100652999,Focus Score,0.5,1.0,0.00993742946617258,167,5,50,1000,79
CD300LD,Focus Score,0.5,1.0,0.007759292136938474,167,5,50,1000,80
HFM1,Focus Score,0.5,1.0,0.03240652371206723,167,5,50,1000,81
IRX6,Focus Score,0.5,1.0,0.022716681674654546,167,5,50,1000,82
TARBP1,Focus Score,0.5,1.0,0.051454988389607735,167,5,50,1000,83
GPR89A,Focus Score,0.5,1.0,0.00013107973131204189,167,5,50,1000,84
UTY,Focus Score,0.5,1.0,0.055144831025169025,167,5,50,1000,85
PTPN5,Focus Score,0.5,1.0,0.000121723335574701,167,5,50,1000,86
LINC03027,Focus Score,0.5,1.0,0.024683691318092636,167,5,50,1000,87
EBP,Focus Score,0.5,1.0,0.0008408567687238015,167,5,50,1000,88
SLAMF6,Focus Score,0.5,2.0,0.18243174676010526,167,5,50,1000,89
CGAS,Focus Score,0.5,1.0,0.020328958773026724,167,5,50,1000,90
SS18L1,Focus Score,0.5,1.0,0.00010396250677827302,167,5,50,1000,91
LINC01192,Focus Score,0.5,1.0,0.0534936061969048,167,5,50,1000,92
SPATA17,Focus Score,0.5,1.0,0.0003198781886870324,167,5,50,1000,93
SNORD76,Focus Score,0.5,7.0,0.08104682100955332,167,5,50,1000,94
PMCH,Focus Score,0.5,1.0,0.09698364360192174,167,5,50,1000,95
MKLN1-AS,Focus Score,0.5,1.0,0.028073194127423207,167,5,50,1000,96
LOC101928306,Focus Score,0.5,1.0,0.04507218823918587,167,5,50,1000,97
NFILZ,Focus Score,0.5,1.0,0.045936670635560305,167,5,50,1000,98
SEZ6L2,Focus Score,0.5,1.0,0.026363840537399732,167,5,50,1000,99
HCP5,Focus Score,0.5,1.0,0.1426092702655305,167,5,50,1000,100
IL21R,Focus Score,0.5,2.0,0.08878352891250818,167,5,50,1000,101
GBP5,Focus Score,0.5,1.0,0.145219217913052,167,5,50,1000,102
MAST4-AS1,Focus Score,0.5,1.0,0.04659205728661376,167,5,50,1000,103
DECR2,Focus Score,0.5,1.0,2.598500142365825e-05,167,5,50,1000,104
PCDHGA12,Focus Score,0.5,1.0,0.01609168617525343,167,5,50,1000,105
IATPR,Focus Score,0.5,1.0,0.07883632615548233,167,5,50,1000,106
MIR374C,Focus Score,0.5,3.0,0.049388274910776526,167,5,50,1000,107
ITGAL,Focus Score,0.5,1.0,0.019549397781878357,167,5,50,1000,108
PSMB8-AS1,Focus Score,0.5,1.0,0.16109729500325184,167,5,50,1000,109
WASHC2A,Focus Score,0.5,1.0,0.0120709419088623,167,5,50,1000,110
S1PR3,Focus Score,0.5,1.0,0.02030073871636929,167,5,50,1000,111
WDR88,Focus Score,0.5,1.0,0.008551097640896007,167,5,50,1000,112
PAIP1,Focus Score,0.5,1.0,1.8163662645239202e-05,167,5,50,1000,113
EVI2A,Focus Score,0.5,1.0,0.19995532618889889,167,5,50,1000,114
BHLHA15,Focus Score,0.5,1.0,0.005949308325142634,167,5,50,1000,115
IGHD6-6,Focus Score,0.5,7.0,0.09125983478357601,167,5,50,1000,116
XCL1,Focus Score,0.5,1.0,0.06975637040982272,167,5,50,1000,117
CHGA,Focus Score,0.5,1.0,0.008944374472642255,167,5,50,1000,118
FCGR2B,Focus Score,0.5,4.0,0.14425499167792097,167,5,50,1000,119
C1QL2,Focus Score,0.5,1.0,0.04128799203695561,167,5,50,1000,120
LINC01252,Focus Score,0.5,1.0,0.0068582037579004865,167,5,50,1000,121
LAIR2,Focus Score,0.5,1.0,0.09124818864397712,167,5,50,1000,122
PSKH1,Focus Score,0.5,1.0,0.004615770063422189,167,5,50,1000,123
LOC101927727,Focus Score,0.5,1.0,9.215159879655798e-05,167,5,50,1000,124
C4orf19,Focus Score,0.5,1.0,0.02210115503645579,167,5,50,1000,125
PIM2,Focus Score,0.5,2.0,0.12237504265381534,167,5,50,1000,126
ZG16B,Focus Score,0.5,1.0,0.03866401310057486,167,5,50,1000,127
CXCL13,Focus Score,0.5,2.0,0.16321492545788474,167,5,50,1000,128
PIK3CG,Focus Score,0.5,1.0,0.13357218679684824,167,5,50,1000,129
IGHG1,Focus Score,0.5,1.0,0.0817487561919464,167,5,50,1000,130
CMKLR1,Focus Score,0.5,1.0,0.03971751439832467,167,5,50,1000,131
FOXL2,Focus Score,0.5,1.0,0.0036416147476295265,167,5,50,1000,132
AGPAT3,Focus Score,0.5,1.0,0.0006339780952349564,167,5,50,1000,133
MIR3064,Focus Score,0.5,2.0,0.08602137961708291,167,5,50,1000,134
LOC105370489,Focus Score,0.5,1.0,0.05292690175336865,167,5,50,1000,135
IFIT5,Focus Score,0.5,1.0,0.06654820317974994,167,5,50,1000,136
OR2S2,Focus Score,0.5,1.0,0.00640230108643516,167,5,50,1000,137
MS4A7,Focus Score,0.5,1.0,0.11630443195254044,167,5,50,1000,138
PPP2R3C,Focus Score,0.5,1.0,0.013628745671438925,167,5,50,1000,139
ELOVL1,Focus Score,0.5,1.0,0.00011620973090327783,167,5,50,1000,140
PABPC1L2B,Focus Score,0.5,3.0,0.04399229436294491,167,5,50,1000,141
CCRL2,Focus Score,0.5,1.0,0.076198196701917,167,5,50,1000,142
PPP1R1C,Focus Score,0.5,1.0,0.008713034249202563,167,5,50,1000,143
CD274,Focus Score,0.5,2.0,0.05564115083552104,167,5,50,1000,144
HMCES,Focus Score,0.5,2.0,0.05820451070434362,167,5,50,1000,145
IGLVI-70,Focus Score,0.5,1.0,0.015683292651780287,167,5,50,1000,146
BST2,Focus Score,0.5,1.0,0.14109852281377333,167,5,50,1000,147
MIAT,Focus Score,0.5,1.0,0.031831626743981344,167,5,50,1000,148
LOC107985856,Focus Score,0.5,1.0,0.05794579626380926,167,5,50,1000,149
GOLGA2P9,Focus Score,0.5,1.0,0.006242609739212609,167,5,50,1000,150
FAM72A,Focus Score,0.5,2.0,0.03077670808444495,167,5,50,1000,151
MVD,Focus Score,0.5,1.0,0.0013336011117642006,167,5,50,1000,152
APOBEC3G,Focus Score,0.5,1.0,0.17298098127647618,167,5,50,1000,153
DENND1C,Focus Score,0.5,1.0,0.06692260336944172,167,5,50,1000,154
ADAM15,Focus Score,0.5,1.0,0.0011454420474376632,167,5,50,1000,155
LSM5,Focus Score,0.5,1.0,0.00048303051961113067,167,5,50,1000,156
KIF7,Focus Score,0.5,1.0,0.027912152798683965,167,5,50,1000,157
APCS,Focus Score,0.5,1.0,0.00014136930812007068,167,5,50,1000,158
BIN3,Focus Score,0.5,1.0,0.006611328786030247,167,5,50,1000,159
HLA-DQB1,Focus Score,0.5,1.0,0.18299251837967478,167,5,50,1000,160
LINC02149,Focus Score,0.5,1.0,0.024593800198329546,167,5,50,1000,161
MYLK-AS1,Focus Score,0.5,1.0,0.0030334496465035106,167,5,50,1000,162
KCNG2,Focus Score,0.4722222222222222,9.0,0.09657880615150052,167,5,50,1000,163
GZMK,Focus Score,0.4583333333333333,3.0,0.22302215295166303,167,5,50,1000,164
P2RY8_1,Focus Score,0.4575892857142857,7.0,0.13360766849858857,167,5,50,1000,165
AIM2,Focus Score,0.4423828125,16.0,0.16019950968870328,167,5,50,1000,166
ZNF625-ZNF20,Focus Score,0.4375,4.0,0.03788005780305488,167,5,50,1000,167
TPST2,Focus Score,0.4375,5.0,0.13862849174221004,167,5,50,1000,168
ITGB7,Focus Score,0.4375,4.0,0.1143616940751138,167,5,50,1000,169
IGHVIII-5-2,Focus Score,0.4375,3.0,0.07646392888291292,167,5,50,1000,170
FOLR2,Focus Score,0.4270833333333333,6.0,0.1480888443469853,167,5,50,1000,171
C1QB,Focus Score,0.4270833333333333,12.0,0.1342771980648807,167,5,50,1000,172
PDCD1LG2,Focus Score,0.425,5.0,0.07484160955868513,167,5,50,1000,173
FCER2,Focus Score,0.4166666666666667,3.0,0.06195903404085087,167,5,50,1000,174
SNORA1B,Focus Score,0.4166666666666667,3.0,0.04279879265541351,167,5,50,1000,175
DST-AS1,Focus Score,0.40625,5.0,0.016214229777753043,167,5,50,1000,176
LINC00355,Focus Score,0.4,5.0,0.022442548471006508,167,5,50,1000,177
SH2D1A,Focus Score,0.4,5.0,0.21286129671222145,167,5,50,1000,178
CLRN1-AS1,Focus Score,0.3854166666666667,6.0,0.06833400178802498,167,5,50,1000,179
GZMH,Focus Score,0.375,2.0,0.13002434510411534,167,5,50,1000,180
GGACT,Focus Score,0.375,2.0,0.003063721540678258,167,5,50,1000,181
MMP17,Focus Score,0.375,2.0,0.0606757323121027,167,5,50,1000,182
BTN3A2,Focus Score,0.375,6.0,0.0927808058424507,167,5,50,1000,183
CST7,Focus Score,0.375,4.0,0.17479301787131915,167,5,50,1000,184
P2RY6,Focus Score,0.375,3.0,0.08541472118692808,167,5,50,1000,185
CCL8,Focus Score,0.375,3.0,0.06288434745319282,167,5,50,1000,186
GABRG3,Focus Score,0.375,2.0,0.030125625156291486,167,5,50,1000,187
HSD52,Focus Score,0.375,2.0,0.026082858588886308,167,5,50,1000,188
ARHGAP15,Focus Score,0.365625,10.0,0.1327906640762961,167,5,50,1000,189
PCED1B-AS1,Focus Score,0.359375,3.0,0.17788105002115567,167,5,50,1000,190
VSIG10,Focus Score,0.359375,16.0,0.06374607561690718,167,5,50,1000,191
RNASE13,Focus Score,0.359375,6.0,0.03340856900585626,167,5,50,1000,192
LGALS17A,Focus Score,0.35546875,16.0,0.152885907741113,167,5,50,1000,193
HSPA6,Focus Score,0.3541666666666667,3.0,0.017855006080357654,167,5,50,1000,194
LINC02206,Focus Score,0.3541666666666667,6.0,0.07375096310687831,167,5,50,1000,195
SNORA63D,Focus Score,0.353515625,8.0,0.08578272604357602,167,5,50,1000,196
TP53INP1,Focus Score,0.3515625,4.0,0.07318019039435857,167,5,50,1000,197
LINC01686,Focus Score,0.35,5.0,0.04327848814012291,167,5,50,1000,198
CD79B,Focus Score,0.34801136363636365,11.0,0.22080008790067454,167,5,50,1000,199
PCDHB8,Focus Score,0.34375,3.0,0.03135331033420044,167,5,50,1000,200
SDK2,Focus Score,0.3333333333333333,6.0,0.029572821501972425,167,5,50,1000,201
TPSD1,Focus Score,0.3125,2.0,0.022156991406131574,167,5,50,1000,202
NACA2,Focus Score,0.3125,2.0,0.021015059725556517,167,5,50,1000,203
GMPPA,Focus Score,0.3125,2.0,0.0009303552310311393,167,5,50,1000,204
HLA-DRA,Focus Score,0.3125,2.0,0.15367171596702084,167,5,50,1000,205
OVOS2,Focus Score,0.3125,2.0,0.052840327115451786,167,5,50,1000,206
ADORA2A,Focus Score,0.3125,2.0,0.055631323150959845,167,5,50,1000,207
MIR4753,Focus Score,0.3125,2.0,0.15419630433223053,167,5,50,1000,208
TLR8,Focus Score,0.3125,2.0,0.046025001669157774,167,5,50,1000,209
CD79A,Focus Score,0.3125,2.0,0.20386046477425793,167,5,50,1000,210
IGHV3-23,Focus Score,0.3125,2.0,0.04582160162986246,167,5,50,1000,211
PLEKHG3,Focus Score,0.3125,2.0,0.04019051496330001,167,5,50,1000,212
ICAM3,Focus Score,0.3125,2.0,0.079638889626601,167,5,50,1000,213
MS4A4A,Focus Score,0.30859375,8.0,0.15262522083846838,167,5,50,1000,214
MIR4429,Focus Score,0.29375,5.0,0.14109852281377333,167,5,50,1000,215
CACNA1C-AS2,Focus Score,0.2916666666666667,6.0,0.04290441913034244,167,5,50,1000,216
LTBP3,Focus Score,0.2916666666666667,3.0,0.011783691853609876,167,5,50,1000,217
HLA-DMB,Focus Score,0.2875,5.0,0.16042717387005803,167,5,50,1000,218
IRF9,Focus Score,0.28125,2.0,0.1002564414468636,167,5,50,1000,219
ABCD2,Focus Score,0.28125,2.0,0.07579511241490479,167,5,50,1000,220
CTSS,Focus Score,0.28125,2.0,0.11279739951100294,167,5,50,1000,221
CCL21,Focus Score,0.28125,2.0,0.08985160273652165,167,5,50,1000,222
CSNK1G2,Focus Score,0.28125,2.0,0.0724053933679524,167,5,50,1000,223
THEMIS,Focus Score,0.28125,2.0,0.08772480397181064,167,5,50,1000,224
ST8SIA4,Focus Score,0.28125,2.0,0.12267442524600955,167,5,50,1000,225
FAM172BP,Focus Score,0.28125,2.0,0.09032645797721785,167,5,50,1000,226
RAC2,Focus Score,0.28125,2.0,0.20010482549297784,167,5,50,1000,227
HLA-C,Focus Score,0.28125,2.0,0.06698005281372978,167,5,50,1000,228
HLA-E,Focus Score,0.28125,2.0,0.1288218142669334,167,5,50,1000,229
CD70,Focus Score,0.28125,2.0,0.1106841030253054,167,5,50,1000,230
TMEM72,Focus Score,0.28125,2.0,0.028315326889097298,167,5,50,1000,231
HLA-A,Focus Score,0.28125,2.0,0.1440011892345613,167,5,50,1000,232
LIMD2,Focus Score,0.275390625,8.0,0.16024144050727432,167,5,50,1000,233
CSNK2A2,Focus Score,0.2708333333333333,6.0,0.1146817543368805,167,5,50,1000,234
GTSCR1,Focus Score,0.26785714285714285,7.0,0.1317339452293991,167,5,50,1000,235
ADA2,Focus Score,0.265625,2.0,0.1018503185564943,167,5,50,1000,236
TPBGL,Focus Score,0.265625,2.0,0.025018792491903117,167,5,50,1000,237
CCDC110,Focus Score,0.265625,2.0,0.015427005463422995,167,5,50,1000,238
SLC39A3,Focus Score,0.265625,2.0,0.003731623581227477,167,5,50,1000,239
ANKRD44-AS1,Focus Score,0.265625,2.0,0.053562040660157365,167,5,50,1000,240
MYBL2,Focus Score,0.265625,2.0,0.06211154891995431,167,5,50,1000,241
TIGIT,Focus Score,0.265625,8.0,0.17954771914022002,167,5,50,1000,242
BTK,Focus Score,0.265625,2.0,0.11756176802787689,167,5,50,1000,243
LY6L,Focus Score,0.265625,2.0,0.006518977928139557,167,5,50,1000,244
C19orf38,Focus Score,0.265625,2.0,0.05305638742697216,167,5,50,1000,245
SOX21,Focus Score,0.2604166666666667,3.0,0.10880268017837981,167,5,50,1000,246
CLEC4A,Focus Score,0.2604166666666667,3.0,0.07127232592526249,167,5,50,1000,247
MIXL1,Focus Score,0.2578125,2.0,0.14858218943861376,167,5,50,1000,248
IL6R,Focus Score,0.2578125,2.0,0.10502919036458871,167,5,50,1000,249
ADAMDEC1,Focus Score,0.2578125,8.0,0.1994006835942162,167,5,50,1000,250
NIBAN2,Focus Score,0.25390625,2.0,0.04848688833909688,167,5,50,1000,251
RNF44,Focus Score,0.25,1.0,0.0535632977092409,167,5,50,1000,252
CDA,Focus Score,0.25,4.0,0.00911896683705555,167,5,50,1000,253
MDK,Focus Score,0.25,1.0,0.0025392046177519353,167,5,50,1000,254
LINC01980,Focus Score,0.25,1.0,0.023318878862279104,167,5,50,1000,255
DCTPP1,Focus Score,0.25,1.0,9.235464762909979e-05,167,5,50,1000,256
RNF169,Focus Score,0.25,1.0,0.04390374715284969,167,5,50,1000,257
IMMP1L,Focus Score,0.25,1.0,0.017028732186069172,167,5,50,1000,258
ARID3A,Focus Score,0.25,1.0,0.025169554108260706,167,5,50,1000,259
MIR3126,Focus Score,0.25,1.0,0.023931499911732452,167,5,50,1000,260
RMC1,Focus Score,0.25,1.0,0.000860354248964289,167,5,50,1000,261
LINC02450,Focus Score,0.25,2.0,0.01189702039996197,167,5,50,1000,262
LONRF2,Focus Score,0.25,1.0,0.09217728079959644,167,5,50,1000,263
RGS2-AS1,Focus Score,0.25,3.0,0.05017051879837713,167,5,50,1000,264
FSD1,Focus Score,0.25,1.0,0.0069784312100084345,167,5,50,1000,265
RELN,Focus Score,0.25,1.0,0.0023735598357661324,167,5,50,1000,266
LOC442497,Focus Score,0.25,1.0,0.02067811933841873,167,5,50,1000,267
CHODL,Focus Score,0.25,1.0,0.03785002425114069,167,5,50,1000,268
ANKRD36BP1,Focus Score,0.25,1.0,0.061892840227733066,167,5,50,1000,269
LINC02817,Focus Score,0.25,1.0,0.002535469799642882,167,5,50,1000,270
FKBP9P1,Focus Score,0.25,2.0,0.006000985027785761,167,5,50,1000,271
FMNL1,Focus Score,0.25,1.0,0.00437849198949709,167,5,50,1000,272
RBP4,Focus Score,0.25,1.0,0.010326699940483701,167,5,50,1000,273
ANKRD42-DT,Focus Score,0.25,1.0,0.00010224305451324384,167,5,50,1000,274
LINC01227,Focus Score,0.25,1.0,0.05866223266786367,167,5,50,1000,275
LINC02082,Focus Score,0.25,1.0,0.023929277040652234,167,5,50,1000,276
LINC01229,Focus Score,0.25,1.0,0.005742606151107236,167,5,50,1000,277
CHRM1,Focus Score,0.25,1.0,0.00905352771270373,167,5,50,1000,278
HSPB11,Focus Score,0.25,1.0,0.0029052432725819462,167,5,50,1000,279
RBBP8NL,Focus Score,0.25,1.0,0.047680620044453004,167,5,50,1000,280
SATB2,Focus Score,0.25,5.0,0.031385264845514876,167,5,50,1000,281
FOXE1,Focus Score,0.25,1.0,0.03177465512199516,167,5,50,1000,282
RAVER2,Focus Score,0.25,2.0,0.023360949246836855,167,5,50,1000,283
RASSF7,Focus Score,0.25,2.0,0.019359384727680992,167,5,50,1000,284
ANKRD55,Focus Score,0.25,1.0,0.010707403137951972,167,5,50,1000,285
RASD1,Focus Score,0.25,1.0,0.03761952917342255,167,5,50,1000,286
RAD51,Focus Score,0.25,1.0,0.007206437520333438,167,5,50,1000,287
INHBA-AS1,Focus Score,0.25,1.0,0.00031778312618209974,167,5,50,1000,288
RABGAP1,Focus Score,0.25,1.0,0.05189794563435755,167,5,50,1000,289
IL12A,Focus Score,0.25,1.0,0.07512120971051425,167,5,50,1000,290
RABEPK,Focus Score,0.25,1.0,0.018079031569653795,167,5,50,1000,291
LINC01985,Focus Score,0.25,1.0,0.004184584807507241,167,5,50,1000,292
GOLGA8T,Focus Score,0.25,1.0,0.004666130583002957,167,5,50,1000,293
CHRNE,Focus Score,0.25,1.0,0.00018831295335953189,167,5,50,1000,294
ACSL6,Focus Score,0.25,1.0,0.016283252186128788,167,5,50,1000,295
BEX4,Focus Score,0.25,2.0,0.04181489529416653,167,5,50,1000,296
PUS3,Focus Score,0.25,1.0,0.005795619018146701,167,5,50,1000,297
MED6,Focus Score,0.25,1.0,0.009674220918364703,167,5,50,1000,298
GSTCD,Focus Score,0.25,1.0,0.00014683527896188823,167,5,50,1000,299
PTHLH,Focus Score,0.25,1.0,0.0007978620504029468,167,5,50,1000,300
PTGES3,Focus Score,0.25,1.0,0.012783761749841869,167,5,50,1000,301
FUT2,Focus Score,0.25,1.0,0.01636867237893023,167,5,50,1000,302
FUT3,Focus Score,0.25,1.0,0.02006330521773871,167,5,50,1000,303
ANO8,Focus Score,0.25,1.0,0.00922733471461706,167,5,50,1000,304
ASAH1,Focus Score,0.25,1.0,0.001179632471240466,167,5,50,1000,305
FUT7,Focus Score,0.25,1.0,0.025380411402232905,167,5,50,1000,306
PSMD7,Focus Score,0.25,1.0,0.00035984443385103084,167,5,50,1000,307
LOC101928565,Focus Score,0.25,1.0,0.03614650184799852,167,5,50,1000,308
LINC00402,Focus Score,0.25,1.0,0.17795970039849682,167,5,50,1000,309
EIF2S1,Focus Score,0.25,1.0,0.0034512285860211545,167,5,50,1000,310
GSTP1,Focus Score,0.25,1.0,0.0009508583119717093,167,5,50,1000,311
MIR130B,Focus Score,0.25,2.0,0.07084055390134628,167,5,50,1000,312
CXCR3,Focus Score,0.25,1.0,0.16501683961389335,167,5,50,1000,313
PSG4,Focus Score,0.25,1.0,0.004537756627612258,167,5,50,1000,314
PSCA,Focus Score,0.25,2.0,0.020162474874272352,167,5,50,1000,315
LOC100288123,Focus Score,0.25,1.0,0.043002580258673935,167,5,50,1000,316
ACTR6,Focus Score,0.25,1.0,0.0004123591370775586,167,5,50,1000,317
C11orf24,Focus Score,0.25,1.0,0.017455279802074876,167,5,50,1000,318
CCKAR,Focus Score,0.25,1.0,0.0613197384764399,167,5,50,1000,319
PPP2R5B,Focus Score,0.25,1.0,0.001525055734629459,167,5,50,1000,320
IGHV3-13,Focus Score,0.25,1.0,0.12197759056826059,167,5,50,1000,321
CPLX3,Focus Score,0.25,1.0,0.025425252458616886,167,5,50,1000,322
EXOC2,Focus Score,0.25,1.0,0.008450448872479656,167,5,50,1000,323
LIAS,Focus Score,0.25,1.0,2.268886579561022e-05,167,5,50,1000,324
LINC02381,Focus Score,0.25,1.0,0.0536211503134845,167,5,50,1000,325
FGFR1OP2,Focus Score,0.25,1.0,0.02402984131250836,167,5,50,1000,326
POLR3G,Focus Score,0.25,1.0,0.008264390925359499,167,5,50,1000,327
FBXW4,Focus Score,0.25,1.0,0.003069658987045427,167,5,50,1000,328
ADAM19,Focus Score,0.25,1.0,0.1469334091425906,167,5,50,1000,329
CCL13,Focus Score,0.25,1.0,0.08506389447247063,167,5,50,1000,330
POLR2E,Focus Score,0.25,1.0,0.009059631290497645,167,5,50,1000,331
HTR6,Focus Score,0.25,1.0,0.00018711348416648092,167,5,50,1000,332
ADAM22,Focus Score,0.25,1.0,0.019032734947875052,167,5,50,1000,333
POLR2D,Focus Score,0.25,1.0,0.004435879271518551,167,5,50,1000,334
CTSH,Focus Score,0.25,1.0,0.03781428050900519,167,5,50,1000,335
AZGP1P1,Focus Score,0.25,2.0,0.013706903192517553,167,5,50,1000,336
LOC102723730,Focus Score,0.25,1.0,0.03134430901426118,167,5,50,1000,337
LOC107985728,Focus Score,0.25,2.0,0.05372467759837139,167,5,50,1000,338
PM20D1,Focus Score,0.25,1.0,0.04703737175417108,167,5,50,1000,339
PLEKHO2,Focus Score,0.25,1.0,0.08345682028458071,167,5,50,1000,340
BAIAP2,Focus Score,0.25,1.0,0.02295401616353682,167,5,50,1000,341
PKMYT1,Focus Score,0.25,3.0,0.03321269263892784,167,5,50,1000,342
PITPNM1,Focus Score,0.25,1.0,0.029659127369160977,167,5,50,1000,343
LILRA1,Focus Score,0.25,1.0,0.06453880537968416,167,5,50,1000,344
PGF,Focus Score,0.25,1.0,0.026581385488850896,167,5,50,1000,345
PGAM1,Focus Score,0.25,1.0,0.002229256135304301,167,5,50,1000,346
AP3S2,Focus Score,0.25,1.0,5.531502184272963e-05,167,5,50,1000,347
MIIP,Focus Score,0.25,1.0,0.0236684954609454,167,5,50,1000,348
PEX14,Focus Score,0.25,1.0,0.0002915651742045867,167,5,50,1000,349
PDHB,Focus Score,0.25,1.0,0.0005128633403802433,167,5,50,1000,350
PDCD4-AS1,Focus Score,0.25,1.0,2.018184738359912e-06,167,5,50,1000,351
ITPRID1,Focus Score,0.25,1.0,0.00012751796674604702,167,5,50,1000,352
LOC100126584,Focus Score,0.25,3.0,0.004081630070800301,167,5,50,1000,353
MIER3,Focus Score,0.25,1.0,0.002135567670079953,167,5,50,1000,354
GJC3,Focus Score,0.25,1.0,0.02824146464457034,167,5,50,1000,355
METRNL,Focus Score,0.25,1.0,0.019064735512952735,167,5,50,1000,356
MICU3,Focus Score,0.25,1.0,0.017130944450649947,167,5,50,1000,357
PCDHB7,Focus Score,0.25,1.0,0.003573573820555586,167,5,50,1000,358
KIF3C,Focus Score,0.25,1.0,0.014535886489082142,167,5,50,1000,359
MAS1,Focus Score,0.25,1.0,0.0018882961668466262,167,5,50,1000,360
LPO,Focus Score,0.25,1.0,0.007736860935813818,167,5,50,1000,361
GRAPL,Focus Score,0.25,1.0,0.028963909438572643,167,5,50,1000,362
CBR3-AS1,Focus Score,0.25,4.0,0.06802219033924857,167,5,50,1000,363
HIVEP3,Focus Score,0.25,1.0,0.013087900094911249,167,5,50,1000,364
MAPK12,Focus Score,0.25,1.0,0.01985940574490674,167,5,50,1000,365
BCL11B,Focus Score,0.25,1.0,0.07398504560767008,167,5,50,1000,366
FMO5,Focus Score,0.25,1.0,0.010755682437997802,167,5,50,1000,367
H1-2,Focus Score,0.25,1.0,0.007137816619228967,167,5,50,1000,368
PARAL1,Focus Score,0.25,1.0,0.014492893257856312,167,5,50,1000,369
PAQR8,Focus Score,0.25,1.0,0.0694732772363205,167,5,50,1000,370
DDIAS,Focus Score,0.25,1.0,0.02378660334349345,167,5,50,1000,371
ADGRA3,Focus Score,0.25,2.0,0.12228299496076354,167,5,50,1000,372
PACRG,Focus Score,0.25,1.0,0.016425646674872715,167,5,50,1000,373
BEND2,Focus Score,0.25,1.0,0.05146271821247074,167,5,50,1000,374
P2RY12,Focus Score,0.25,1.0,0.00900000667197607,167,5,50,1000,375
IYD,Focus Score,0.25,1.0,0.009706231363809137,167,5,50,1000,376
FGL2,Focus Score,0.25,1.0,0.06646200085307065,167,5,50,1000,377
CREB3L4,Focus Score,0.25,1.0,0.02392632030710543,167,5,50,1000,378
KBTBD12,Focus Score,0.25,1.0,0.03853267047580298,167,5,50,1000,379
OR3A3,Focus Score,0.25,1.0,0.012354776741435482,167,5,50,1000,380
OR1I1,Focus Score,0.25,1.0,0.003092633820540123,167,5,50,1000,381
C1orf210,Focus Score,0.25,2.0,0.04403079230350376,167,5,50,1000,382
ADH1B,Focus Score,0.25,3.0,0.025609472412221213,167,5,50,1000,383
CCDC103,Focus Score,0.25,1.0,0.005015337133597831,167,5,50,1000,384
OGFOD3,Focus Score,0.25,1.0,0.029894001795039156,167,5,50,1000,385
KIRREL2,Focus Score,0.25,1.0,0.03185267548274827,167,5,50,1000,386
HOXB4,Focus Score,0.25,4.0,0.07952554772195168,167,5,50,1000,387
NTRK1,Focus Score,0.25,1.0,0.01825987505863607,167,5,50,1000,388
HECW2-AS1,Focus Score,0.25,1.0,0.026457062065405573,167,5,50,1000,389
KRT75,Focus Score,0.25,1.0,0.00857032956643409,167,5,50,1000,390
LOC107985931,Focus Score,0.25,1.0,0.0018588912988659072,167,5,50,1000,391
DCLRE1CP1,Focus Score,0.25,1.0,0.04403026587010733,167,5,50,1000,392
LOC105374811,Focus Score,0.25,1.0,0.0009948123340179236,167,5,50,1000,393
GLI3,Focus Score,0.25,1.0,0.0604272143167581,167,5,50,1000,394
FCGR2A,Focus Score,0.25,1.0,0.10036230885390009,167,5,50,1000,395
LINC02614,Focus Score,0.25,3.0,1.3014347063420298e-05,167,5,50,1000,396
NKX2-6,Focus Score,0.25,1.0,0.02931130629187686,167,5,50,1000,397
GALE,Focus Score,0.25,1.0,0.016885886339005972,167,5,50,1000,398
NKX1-2,Focus Score,0.25,1.0,0.05481423707660066,167,5,50,1000,399
ATP6AP2,Focus Score,0.25,1.0,0.011929280488299592,167,5,50,1000,400
CEP128,Focus Score,0.25,1.0,0.009188253639430884,167,5,50,1000,401
NIPAL4-DT,Focus Score,0.25,10.0,0.06119326825292688,167,5,50,1000,402
DUSP5P1,Focus Score,0.25,3.0,0.02062023994421027,167,5,50,1000,403
IDO1,Focus Score,0.25,3.0,0.08414021850765631,167,5,50,1000,404
ASB13,Focus Score,0.25,1.0,0.0013458359202818705,167,5,50,1000,405
MAPK9,Focus Score,0.25,1.0,0.022852841559767415,167,5,50,1000,406
NEK2-DT,Focus Score,0.25,1.0,0.05662334855807651,167,5,50,1000,407
BICD1,Focus Score,0.25,1.0,0.013827551234957094,167,5,50,1000,408
AQP4-AS1,Focus Score,0.25,1.0,0.013825861107178965,167,5,50,1000,409
LY6G6F,Focus Score,0.25,1.0,0.007201986904275919,167,5,50,1000,410
NCF4,Focus Score,0.25,1.0,0.17117838615487282,167,5,50,1000,411
NCF1C,Focus Score,0.25,2.0,0.17915212930605995,167,5,50,1000,412
MAGIX,Focus Score,0.25,1.0,0.04403079230350376,167,5,50,1000,413
NAALADL2,Focus Score,0.25,2.0,0.0456295058999593,167,5,50,1000,414
MYEOV,Focus Score,0.25,1.0,0.06016171498621001,167,5,50,1000,415
DYDC1,Focus Score,0.25,1.0,0.05771098155395838,167,5,50,1000,416
LINC00926,Focus Score,0.25,1.0,0.059306772422413494,167,5,50,1000,417
MYADML2,Focus Score,0.25,2.0,0.04199694349480954,167,5,50,1000,418
GALR3,Focus Score,0.25,1.0,0.07203562094666538,167,5,50,1000,419
MUC15,Focus Score,0.25,1.0,0.030943346125575196,167,5,50,1000,420
MTF2,Focus Score,0.25,1.0,0.010582278350539154,167,5,50,1000,421
GAP43,Focus Score,0.25,1.0,0.010582278350539154,167,5,50,1000,422
GAPLINC,Focus Score,0.25,1.0,0.020828979850965944,167,5,50,1000,423
CLTRN,Focus Score,0.25,1.0,0.004348409070725811,167,5,50,1000,424
CRYBA2,Focus Score,0.25,1.0,0.020830529889661394,167,5,50,1000,425
LINC02332,Focus Score,0.25,1.0,0.03484747618215544,167,5,50,1000,426
AGBL5,Focus Score,0.25,3.0,0.033523382321753385,167,5,50,1000,427
MRC1,Focus Score,0.25,1.0,0.04789984099707098,167,5,50,1000,428
ATN1,Focus Score,0.25,1.0,0.018989100203228415,167,5,50,1000,429
ASB15,Focus Score,0.25,1.0,0.02122438639071427,167,5,50,1000,430
ZNF750,Focus Score,0.25,1.0,0.0499701493717185,167,5,50,1000,431
ZNF688,Focus Score,0.25,1.0,0.007950453718306705,167,5,50,1000,432
MOGS,Focus Score,0.25,2.0,0.001433043847661243,167,5,50,1000,433
LOC101928505,Focus Score,0.25,1.0,0.01598656776264449,167,5,50,1000,434
ZNF683,Focus Score,0.25,1.0,0.03190539634900094,167,5,50,1000,435
ZNF556,Focus Score,0.25,3.0,0.024971586368135578,167,5,50,1000,436
ZNF385D-AS1,Focus Score,0.25,1.0,0.003213396867684326,167,5,50,1000,437
FHOD3,Focus Score,0.25,1.0,0.09764525241613656,167,5,50,1000,438
ZC3H12A-DT,Focus Score,0.25,1.0,0.022250486740418036,167,5,50,1000,439
C3orf85,Focus Score,0.25,1.0,0.0286904674777074,167,5,50,1000,440
MME,Focus Score,0.25,1.0,0.004593088180964774,167,5,50,1000,441
ZBED5-AS1,Focus Score,0.25,1.0,0.009905732546205906,167,5,50,1000,442
GAS1,Focus Score,0.25,1.0,0.01577542383258715,167,5,50,1000,443
LINC01139,Focus Score,0.25,1.0,0.0021073542660997894,167,5,50,1000,444
CDH18,Focus Score,0.25,1.0,0.01771098975221291,167,5,50,1000,445
LINC00311,Focus Score,0.25,1.0,0.018486854456450697,167,5,50,1000,446
XG,Focus Score,0.25,1.0,0.01971404052210412,167,5,50,1000,447
GLUD1P2,Focus Score,0.25,1.0,0.0025856349938971268,167,5,50,1000,448
ATP6V1B1-AS1,Focus Score,0.25,1.0,0.0026871498690400745,167,5,50,1000,449
WDR41,Focus Score,0.25,1.0,0.009415025940545321,167,5,50,1000,450
LINC01550,Focus Score,0.25,1.0,0.016885886339005972,167,5,50,1000,451
VAMP3,Focus Score,0.25,1.0,0.007831681102285857,167,5,50,1000,452
AIPL1,Focus Score,0.25,1.0,0.0077823650037045205,167,5,50,1000,453
UVRAG-DT,Focus Score,0.25,1.0,0.04369020132412333,167,5,50,1000,454
LINC01599,Focus Score,0.25,1.0,0.051450913117117386,167,5,50,1000,455
IGHVIII-22-2,Focus Score,0.25,2.0,0.08960774971809723,167,5,50,1000,456
UBE2B,Focus Score,0.25,1.0,0.015943806083145405,167,5,50,1000,457
TXLNG,Focus Score,0.25,1.0,0.0017896545829734257,167,5,50,1000,458
DAB2,Focus Score,0.25,1.0,0.027682518255441175,167,5,50,1000,459
TTYH2,Focus Score,0.25,1.0,0.04431180183247124,167,5,50,1000,460
MIR9-1,Focus Score,0.25,1.0,0.00940496085591033,167,5,50,1000,461
TSPOAP1-AS1,Focus Score,0.25,1.0,0.053543774926283726,167,5,50,1000,462
FAM171A2,Focus Score,0.25,1.0,0.07390030924790936,167,5,50,1000,463
FEV,Focus Score,0.25,1.0,0.06149813107600242,167,5,50,1000,464
TSPAN32,Focus Score,0.25,1.0,0.0480932098448048,167,5,50,1000,465
CD52,Focus Score,0.25,1.0,0.1363675625868243,167,5,50,1000,466
TRIM7,Focus Score,0.25,1.0,0.016842477908785746,167,5,50,1000,467
MIR758,Focus Score,0.25,1.0,0.10253975632013865,167,5,50,1000,468
MIR7515,Focus Score,0.25,1.0,0.05598062166964821,167,5,50,1000,469
TRIM34,Focus Score,0.25,1.0,0.011820005212223967,167,5,50,1000,470
LOC105372582,Focus Score,0.25,1.0,0.007625979892413436,167,5,50,1000,471
H3-5,Focus Score,0.25,1.0,0.06273992612126313,167,5,50,1000,472
TRIM2,Focus Score,0.25,1.0,0.02841023796206751,167,5,50,1000,473
TRIM17,Focus Score,0.25,1.0,0.011027513546047269,167,5,50,1000,474
FCRL2,Focus Score,0.25,1.0,0.10450221031862955,167,5,50,1000,475
BCS1L,Focus Score,0.25,1.0,0.00022375313910653958,167,5,50,1000,476
CDH26,Focus Score,0.25,1.0,0.011986701013315934,167,5,50,1000,477
CELA3B,Focus Score,0.25,1.0,0.01179103176149104,167,5,50,1000,478
CD5,Focus Score,0.25,1.0,0.05812389504822035,167,5,50,1000,479
MIR5693,Focus Score,0.25,2.0,0.13235785221115243,167,5,50,1000,480
LETR1,Focus Score,0.25,2.0,0.03198178596515976,167,5,50,1000,481
FAM230H,Focus Score,0.25,1.0,0.0555628800174762,167,5,50,1000,482
ARHGAP36,Focus Score,0.25,3.0,0.031588413328734626,167,5,50,1000,483
MBLAC1,Focus Score,0.25,1.0,0.012355361681553621,167,5,50,1000,484
HOMER2,Focus Score,0.25,1.0,0.07834527173422098,167,5,50,1000,485
SNORD29,Focus Score,0.25,2.0,0.014665464749175404,167,5,50,1000,486
TOX4,Focus Score,0.25,1.0,0.003162956385330853,167,5,50,1000,487
EBF4,Focus Score,0.25,1.0,0.09984837066257415,167,5,50,1000,488
TNKS2-DT,Focus Score,0.25,1.0,0.010381590935521743,167,5,50,1000,489
LOC100128340,Focus Score,0.25,1.0,0.008177331482497106,167,5,50,1000,490
EBI3,Focus Score,0.25,1.0,0.12865119801524796,167,5,50,1000,491
ENPP6,Focus Score,0.25,1.0,0.013087900094911249,167,5,50,1000,492
MAGEE2,Focus Score,0.25,1.0,0.0002982534509246171,167,5,50,1000,493
LINC02574,Focus Score,0.25,1.0,0.06052051368701818,167,5,50,1000,494
WARS2-IT1,Focus Score,0.25,1.0,0.00451252734335818,167,5,50,1000,495
SMIM45,Focus Score,0.25,1.0,0.017671347068741093,167,5,50,1000,496
KCNA5,Focus Score,0.25,1.0,0.00016857952328214998,167,5,50,1000,497
SLCO5A1,Focus Score,0.25,2.0,0.043469882230630294,167,5,50,1000,498
ABALON,Focus Score,0.25,1.0,0.034509764875123146,167,5,50,1000,499
SLC7A3,Focus Score,0.25,2.0,0.01794663619829574,167,5,50,1000,500
IGKV2-4,Focus Score,0.25,1.0,0.05185565068437309,167,5,50,1000,501
BMPR1B,Focus Score,0.25,2.0,0.016692509094839422,167,5,50,1000,502
SLC25A34,Focus Score,0.25,1.0,0.04121547584334897,167,5,50,1000,503
LOC105377785,Focus Score,0.25,1.0,0.03737083182314157,167,5,50,1000,504
LINC00852,Focus Score,0.25,1.0,0.0018554109712196052,167,5,50,1000,505
TLE2,Focus Score,0.25,1.0,0.05393121052934326,167,5,50,1000,506
CCDC71L,Focus Score,0.25,1.0,0.002229256135304301,167,5,50,1000,507
DDX49,Focus Score,0.25,1.0,0.001969029020805187,167,5,50,1000,508
FDX1,Focus Score,0.25,1.0,0.0012377338450230073,167,5,50,1000,509
SKA3,Focus Score,0.25,1.0,0.026977057683605404,167,5,50,1000,510
SH3RF3,Focus Score,0.25,1.0,0.08242984001213381,167,5,50,1000,511
ELFN1-AS1,Focus Score,0.25,5.0,0.12658900522771166,167,5,50,1000,512
SERPINB1,Focus Score,0.25,1.0,0.0014204179722046518,167,5,50,1000,513
TGM4,Focus Score,0.25,2.0,0.012985191529124017,167,5,50,1000,514
H4C14,Focus Score,0.25,1.0,0.06332230253701303,167,5,50,1000,515
TEX52,Focus Score,0.25,1.0,0.01017845613633898,167,5,50,1000,516
CD99,Focus Score,0.25,1.0,0.0018694017052890374,167,5,50,1000,517
GPR153,Focus Score,0.25,1.0,0.08491952331175258,167,5,50,1000,518
IGF1,Focus Score,0.25,1.0,0.06968869416610741,167,5,50,1000,519
CABLES2,Focus Score,0.25,1.0,0.061421643918298054,167,5,50,1000,520
BOLA2-SMG1P6,Focus Score,0.25,1.0,0.0005913560616922345,167,5,50,1000,521
TEX19,Focus Score,0.25,1.0,0.00739988558990902,167,5,50,1000,522
ALKBH6,Focus Score,0.25,1.0,1.1801841549578726e-06,167,5,50,1000,523
TEDC2-AS1,Focus Score,0.25,1.0,0.003010183555747027,167,5,50,1000,524
IL5RA,Focus Score,0.25,1.0,0.048819914283001774,167,5,50,1000,525
TBC1D8B,Focus Score,0.25,1.0,0.011766129145729252,167,5,50,1000,526
TAS2R1,Focus Score,0.25,1.0,0.0032392260617989006,167,5,50,1000,527
CDK2AP2,Focus Score,0.25,1.0,0.0027104360702937523,167,5,50,1000,528
HSD17B3,Focus Score,0.25,1.0,0.008580161088457243,167,5,50,1000,529
MIR4671,Focus Score,0.25,1.0,0.1381011623270609,167,5,50,1000,530
MIR4666A,Focus Score,0.25,2.0,0.13135358162950767,167,5,50,1000,531
SCARNA18,Focus Score,0.25,1.0,0.005261852227296037,167,5,50,1000,532
TAMALIN-AS1,Focus Score,0.25,1.0,0.034462790070861206,167,5,50,1000,533
SCARNA1,Focus Score,0.25,1.0,0.022300440728676,167,5,50,1000,534
KRT33A,Focus Score,0.25,1.0,0.017940647331933686,167,5,50,1000,535
CXCL10,Focus Score,0.25,1.0,0.13087888299871653,167,5,50,1000,536
SVOPL,Focus Score,0.25,1.0,0.028808814489145393,167,5,50,1000,537
SULT2B1,Focus Score,0.25,1.0,0.010720269113272687,167,5,50,1000,538
KLHL35,Focus Score,0.25,1.0,0.022627648220524037,167,5,50,1000,539
STX19,Focus Score,0.25,1.0,0.008867074529091697,167,5,50,1000,540
LINC01566,Focus Score,0.25,1.0,0.03865421945736691,167,5,50,1000,541
STEAP1B-AS1,Focus Score,0.25,3.0,0.07667145964634238,167,5,50,1000,542
KATNBL1P6,Focus Score,0.25,1.0,0.014530609967394956,167,5,50,1000,543
CCDC80,Focus Score,0.25,1.0,0.0236684954609454,167,5,50,1000,544
EAF2,Focus Score,0.25,1.0,0.12990384062022212,167,5,50,1000,545
CACNA2D2,Focus Score,0.25,1.0,0.023082463949756566,167,5,50,1000,546
SAMD12,Focus Score,0.25,1.0,0.00834263799133886,167,5,50,1000,547
IL2,Focus Score,0.25,1.0,0.05347824227376175,167,5,50,1000,548
CD3E,Focus Score,0.25,1.0,0.18170786348531948,167,5,50,1000,549
IL1RN,Focus Score,0.25,1.0,0.05978995823052292,167,5,50,1000,550
RTBDN,Focus Score,0.25,1.0,0.01576068282781943,167,5,50,1000,551
CAP1,Focus Score,0.25,1.0,0.017855006080357654,167,5,50,1000,552
RSF1-IT1,Focus Score,0.25,1.0,0.06149005347230355,167,5,50,1000,553
ARHGEF15,Focus Score,0.25,1.0,0.005377742284421224,167,5,50,1000,554
SOCS3-DT,Focus Score,0.25,1.0,0.033862898735611935,167,5,50,1000,555
MIR4464,Focus Score,0.25,1.0,0.06523755984601981,167,5,50,1000,556
CAPG,Focus Score,0.25,1.0,0.04473499212708928,167,5,50,1000,557
SNX11,Focus Score,0.25,1.0,0.013050628804186061,167,5,50,1000,558
LOC101929457,Focus Score,0.25,1.0,0.006630043875480785,167,5,50,1000,559
SNRPA,Focus Score,0.25,1.0,0.007861290456232729,167,5,50,1000,560
LINC00269,Focus Score,0.25,1.0,0.0362174030539373,167,5,50,1000,561
CYP26C1,Focus Score,0.25,4.0,0.036946702695011976,167,5,50,1000,562
RPL21P44,Focus Score,0.25,1.0,0.00028342355827004205,167,5,50,1000,563
RNU6-1,Focus Score,0.25,1.0,0.07027733990474849,167,5,50,1000,564
TENT5B,Focus Score,0.23863636363636365,11.0,0.05780199109078284,167,5,50,1000,565
SPDEF,Focus Score,0.2361111111111111,9.0,0.05692136421103842,167,5,50,1000,566
RGS9BP,Focus Score,0.23557692307692307,13.0,0.07368534138056095,167,5,50,1000,567
STAP1,Focus Score,0.234375,4.0,0.13593310082952226,167,5,50,1000,568
ADA,Focus Score,0.232421875,6.0,0.1306277055241648,167,5,50,1000,569
IGHJ1P,Focus Score,0.23076923076923078,13.0,0.12223435196483391,167,5,50,1000,570
FAM78A,Focus Score,0.22916666666666666,3.0,0.14323987874329733,167,5,50,1000,571
PSMB10,Focus Score,0.22916666666666666,3.0,0.08975143373345235,167,5,50,1000,572
KLRK1,Focus Score,0.22916666666666666,6.0,0.1184314625995006,167,5,50,1000,573
SCG5,Focus Score,0.225,5.0,0.023570884328768606,167,5,50,1000,574
LINC01486,Focus Score,0.225,5.0,0.05496305719180916,167,5,50,1000,575
CFAP69,Focus Score,0.21875,4.0,0.0056679261752913285,167,5,50,1000,576
MIR6508,Focus Score,0.21875,4.0,0.028676557815989982,167,5,50,1000,577
SNORD52,Focus Score,0.21875,4.0,0.04821048983960075,167,5,50,1000,578
LOC100419583,Focus Score,0.21354166666666666,3.0,0.07353472577698385,167,5,50,1000,579
SPI1,Focus Score,0.2125,5.0,0.0996224102054616,167,5,50,1000,580
DDC,Focus Score,0.20833333333333334,3.0,0.0053933515361465996,167,5,50,1000,581
CD7,Focus Score,0.20833333333333334,3.0,0.1052438585855979,167,5,50,1000,582
MESP2,Focus Score,0.20833333333333334,3.0,0.017195031218018558,167,5,50,1000,583
TMEM132D,Focus Score,0.20833333333333334,9.0,0.05431567870291762,167,5,50,1000,584
MIR1297,Focus Score,0.20833333333333334,3.0,0.08449566387139576,167,5,50,1000,585
SYNGR2,Focus Score,0.20833333333333334,3.0,0.012745995856883217,167,5,50,1000,586
DPYD-AS2,Focus Score,0.20833333333333334,3.0,0.02889882798249203,167,5,50,1000,587
LOC107984399,Focus Score,0.20833333333333334,3.0,0.009882410023847836,167,5,50,1000,588
MIR8069-1,Focus Score,0.20625,5.0,0.07646392888291292,167,5,50,1000,589
SLC22A31,Focus Score,0.20625,5.0,0.05698488929455141,167,5,50,1000,590
IFI30,Focus Score,0.20572916666666666,6.0,0.11539425158555472,167,5,50,1000,591
MEX3D,Focus Score,0.203125,4.0,0.08345282758257105,167,5,50,1000,592
MIR3147,Focus Score,0.203125,4.0,0.10619479459931912,167,5,50,1000,593
PRSS8,Focus Score,0.2,5.0,0.0691602509982141,167,5,50,1000,594
MIR622,Focus Score,0.2,5.0,0.09684611579949212,167,5,50,1000,595
CD19,Focus Score,0.19791666666666666,3.0,0.19434119180893122,167,5,50,1000,596
IFIH1,Focus Score,0.19791666666666666,3.0,0.0388313071112413,167,5,50,1000,597
UVSSA,Focus Score,0.1953125,4.0,0.05413611472159938,167,5,50,1000,598
NDUFC2-KCTD14,Focus Score,0.1953125,4.0,0.044100960885687296,167,5,50,1000,599
HLA-F,Focus Score,0.19375,5.0,0.15184269589368757,167,5,50,1000,600
LINC01281,Focus Score,0.19270833333333334,3.0,0.17074823347207432,167,5,50,1000,601
IL10RA,Focus Score,0.19270833333333334,3.0,0.17048759434062177,167,5,50,1000,602
PSME2,Focus Score,0.19270833333333334,3.0,0.09298455171762852,167,5,50,1000,603
XYLT1,Focus Score,0.19270833333333334,6.0,0.051019833539951036,167,5,50,1000,604
TMEM86A,Focus Score,0.1875,2.0,0.029542645837717752,167,5,50,1000,605
LOC100130298,Focus Score,0.1875,2.0,0.10050473303155465,167,5,50,1000,606
SLC6A17,Focus Score,0.1875,2.0,0.032213585488213715,167,5,50,1000,607
LGI2,Focus Score,0.1875,2.0,0.03419858428623849,167,5,50,1000,608
AQP8,Focus Score,0.1875,2.0,0.003551659936565246,167,5,50,1000,609
PHF11,Focus Score,0.1875,3.0,0.029548242754327478,167,5,50,1000,610
TMEM80,Focus Score,0.1875,2.0,0.00010224305451324384,167,5,50,1000,611
B2M,Focus Score,0.1875,10.0,0.16979819919400965,167,5,50,1000,612
TMEM74B,Focus Score,0.1875,2.0,0.034772892906181074,167,5,50,1000,613
IL2RG,Focus Score,0.1875,2.0,0.13123246261185328,167,5,50,1000,614
CHIT1,Focus Score,0.1875,3.0,0.08866715508834352,167,5,50,1000,615
DYNAP,Focus Score,0.1875,2.0,0.017664705477606877,167,5,50,1000,616
DCST1-AS1,Focus Score,0.1875,2.0,0.00778793368087725,167,5,50,1000,617
LINC01781,Focus Score,0.1875,3.0,0.14768548249670838,167,5,50,1000,618
MIR25,Focus Score,0.1875,3.0,0.18295819737912555,167,5,50,1000,619
CD74,Focus Score,0.1875,2.0,0.16966048776480394,167,5,50,1000,620
AFTPH-DT,Focus Score,0.1875,2.0,0.05142922598712125,167,5,50,1000,621
LAX1,Focus Score,0.1875,2.0,0.10323283788729468,167,5,50,1000,622
PPM1K-DT,Focus Score,0.1875,2.0,0.017145650175442225,167,5,50,1000,623
BRME1,Focus Score,0.1875,2.0,0.0052735446546872304,167,5,50,1000,624
LINC01679,Focus Score,0.1875,2.0,0.12320042912985796,167,5,50,1000,625
CTLA4,Focus Score,0.1875,2.0,0.09773136686110362,167,5,50,1000,626
EOMES,Focus Score,0.1875,2.0,0.13109920174872108,167,5,50,1000,627
BRSK1,Focus Score,0.1875,2.0,0.021370241986492414,167,5,50,1000,628
TMEM125,Focus Score,0.1875,2.0,0.038074731090326545,167,5,50,1000,629
RCSD1,Focus Score,0.1875,2.0,0.1471897814544061,167,5,50,1000,630
LAMP3,Focus Score,0.1875,4.0,0.11369016481911734,167,5,50,1000,631
HAGHL,Focus Score,0.1875,2.0,0.015114104718463119,167,5,50,1000,632
WASIR1_1,Focus Score,0.1875,2.0,0.08697895600679634,167,5,50,1000,633
RGS18,Focus Score,0.1875,2.0,0.07691372970763016,167,5,50,1000,634
ELK2AP,Focus Score,0.1875,2.0,0.1294691872198092,167,5,50,1000,635
GNMT,Focus Score,0.1875,2.0,0.03035092548268793,167,5,50,1000,636
LOC100506444,Focus Score,0.1875,2.0,0.04952681137825813,167,5,50,1000,637
BDKRB2,Focus Score,0.1875,2.0,0.021311881363583567,167,5,50,1000,638
FNDC9,Focus Score,0.1875,2.0,0.04270045803494174,167,5,50,1000,639
LRRC3B,Focus Score,0.1875,2.0,0.03222265582286446,167,5,50,1000,640
TMEM176B,Focus Score,0.1875,2.0,0.079638889626601,167,5,50,1000,641
LINC02273,Focus Score,0.1875,2.0,0.11762318830423395,167,5,50,1000,642
SNORD58C,Focus Score,0.1796875,8.0,0.08992014144906106,167,5,50,1000,643
FCMR,Focus Score,0.17708333333333334,3.0,0.13131402854970362,167,5,50,1000,644
OSTN-AS1,Focus Score,0.17708333333333334,3.0,0.17813295393872278,167,5,50,1000,645
MIR29A,Focus Score,0.17447916666666666,3.0,0.20340794445922086,167,5,50,1000,646
MAF,Focus Score,0.16666666666666666,3.0,0.05740086814486106,167,5,50,1000,647
CDX1,Focus Score,0.16666666666666666,3.0,0.055403421443793704,167,5,50,1000,648
IFIT1,Focus Score,0.16666666666666666,3.0,0.05041948528453867,167,5,50,1000,649
STARD3,Focus Score,0.16666666666666666,3.0,0.025121940067080482,167,5,50,1000,650
CTSC,Focus Score,0.16666666666666666,3.0,0.1002564414468636,167,5,50,1000,651
MIR941-3,Focus Score,0.165625,5.0,0.10410286412467895,167,5,50,1000,652
RNASE1,Focus Score,0.1640625,5.0,0.06040225103437382,167,5,50,1000,653
SFN,Focus Score,0.1640625,4.0,0.03833607553893686,167,5,50,1000,654
TET3,Focus Score,0.1625,5.0,0.033206447718837656,167,5,50,1000,655
IL21,Focus Score,0.16145833333333334,6.0,0.1550979480600572,167,5,50,1000,656
MIR155,Focus Score,0.1590909090909091,11.0,0.09410914850055406,167,5,50,1000,657
OR51M1,Focus Score,0.15625,2.0,0.016058523264499337,167,5,50,1000,658
ZNF862,Focus Score,0.15625,2.0,0.00497643235250652,167,5,50,1000,659
CHSY3,Focus Score,0.15625,2.0,0.029035979016850778,167,5,50,1000,660
LY86,Focus Score,0.15625,2.0,0.09125983478357601,167,5,50,1000,661
TCL1A,Focus Score,0.15625,2.0,0.160081129567598,167,5,50,1000,662
ZNF215,Focus Score,0.15625,2.0,0.04805394575856688,167,5,50,1000,663
PRR11,Focus Score,0.15625,2.0,0.031242320055505545,167,5,50,1000,664
FGFBP3,Focus Score,0.15625,2.0,0.004492035137664797,167,5,50,1000,665
AGTRAP,Focus Score,0.15625,2.0,0.0185312725511631,167,5,50,1000,666
GLTPD2,Focus Score,0.15625,2.0,0.02482788861612943,167,5,50,1000,667
UROC1,Focus Score,0.15625,2.0,0.010571976565686862,167,5,50,1000,668
ST6GALNAC4,Focus Score,0.15625,5.0,0.15093229205987954,167,5,50,1000,669
ABCA2,Focus Score,0.15625,2.0,0.07959625577447217,167,5,50,1000,670
ABHD4,Focus Score,0.15625,2.0,0.006052885197251127,167,5,50,1000,671
LINC01798,Focus Score,0.15625,2.0,0.05040653812978605,167,5,50,1000,672
RUNDC3A,Focus Score,0.15625,2.0,0.027064575627620754,167,5,50,1000,673
UBE2J1,Focus Score,0.15625,2.0,0.07317259779154305,167,5,50,1000,674
RAB32,Focus Score,0.15625,2.0,0.04608836306928357,167,5,50,1000,675
CALHM6,Focus Score,0.15625,2.0,0.09493128293957702,167,5,50,1000,676
IGSF21,Focus Score,0.15625,2.0,0.0783459200082028,167,5,50,1000,677
CCDC81,Focus Score,0.15625,2.0,0.02211234384359499,167,5,50,1000,678
MIR8071-2,Focus Score,0.15625,2.0,0.06983418786358075,167,5,50,1000,679
PTPRM,Focus Score,0.15625,2.0,0.0033476920433716216,167,5,50,1000,680
LINC00927,Focus Score,0.15625,2.0,0.08338183141048396,167,5,50,1000,681
ZSCAN16,Focus Score,0.15625,2.0,0.003959615606618392,167,5,50,1000,682
SNAI3,Focus Score,0.15625,4.0,0.10249138900279683,167,5,50,1000,683
SNORD102,Focus Score,0.15625,2.0,0.03239018926217111,167,5,50,1000,684
SNORD35B,Focus Score,0.15625,2.0,0.09092358300746847,167,5,50,1000,685
CYSLTR2,Focus Score,0.15625,4.0,0.055123444339601674,167,5,50,1000,686
MIR3977,Focus Score,0.15625,2.0,0.013694999919082167,167,5,50,1000,687
BLNK,Focus Score,0.15625,2.0,0.07757712885790419,167,5,50,1000,688
BSN-DT,Focus Score,0.15625,2.0,0.020154846438200744,167,5,50,1000,689
CNTLN,Focus Score,0.15625,2.0,0.024526387259907734,167,5,50,1000,690
ARID5A,Focus Score,0.15625,2.0,0.06977696356089244,167,5,50,1000,691
SMKR1,Focus Score,0.15625,2.0,0.03282348356891808,167,5,50,1000,692
ZBTB42,Focus Score,0.15,5.0,0.03998973002351689,167,5,50,1000,693
MIR1247,Focus Score,0.14583333333333334,3.0,0.09390417355785391,167,5,50,1000,694
IL17F,Focus Score,0.14583333333333334,3.0,0.061601412532389654,167,5,50,1000,695
ZNF362,Focus Score,0.14583333333333334,3.0,0.06727775739307976,167,5,50,1000,696
SOX2,Focus Score,0.14583333333333334,3.0,0.10518416421079539,167,5,50,1000,697
SMARCA5-AS1,Focus Score,0.14583333333333334,3.0,0.009501093894608145,167,5,50,1000,698
SNHG27,Focus Score,0.14583333333333334,3.0,0.01489113388660435,167,5,50,1000,699
NME8,Focus Score,0.14583333333333334,3.0,0.042701191694512766,167,5,50,1000,700
ZBTB32,Focus Score,0.14583333333333334,9.0,0.11407146023028729,167,5,50,1000,701
IL2RB,Focus Score,0.14453125,4.0,0.15549207590741967,167,5,50,1000,702
MIR376C,Focus Score,0.14285714285714285,7.0,0.19372680305270487,167,5,50,1000,703
LRP1B,Focus Score,0.140625,2.0,0.00918368602667273,167,5,50,1000,704
AK6,Focus Score,0.140625,2.0,0.0006411332963463155,167,5,50,1000,705
URB1-AS1,Focus Score,0.140625,2.0,0.006368979017310377,167,5,50,1000,706
ITIH1,Focus Score,0.140625,2.0,0.11253548532958371,167,5,50,1000,707
RNF225,Focus Score,0.140625,2.0,0.11228104928814622,167,5,50,1000,708
MIR4765,Focus Score,0.140625,2.0,0.15709751821867393,167,5,50,1000,709
MSX1,Focus Score,0.140625,2.0,0.02001598611812927,167,5,50,1000,710
RHEB,Focus Score,0.140625,2.0,0.0010458875781295006,167,5,50,1000,711
MIR335,Focus Score,0.140625,2.0,0.06581940371118573,167,5,50,1000,712
KRT15,Focus Score,0.140625,2.0,0.010139981642619556,167,5,50,1000,713
MIR543,Focus Score,0.140625,2.0,0.09710639725385531,167,5,50,1000,714
LINC00324,Focus Score,0.140625,2.0,0.0947254141295879,167,5,50,1000,715
PSMA3,Focus Score,0.140625,2.0,0.015151951398536031,167,5,50,1000,716
HS3ST1,Focus Score,0.140625,2.0,0.013011530308410542,167,5,50,1000,717
LINC00330,Focus Score,0.140625,2.0,0.01894306603784686,167,5,50,1000,718
SGPP2,Focus Score,0.140625,2.0,0.049600817556484975,167,5,50,1000,719
H1-3,Focus Score,0.140625,2.0,0.041145389375534414,167,5,50,1000,720
NOP56,Focus Score,0.140625,2.0,0.01297342921521853,167,5,50,1000,721
TAP1,Focus Score,0.140625,2.0,0.1497657952477839,167,5,50,1000,722
MAP3K1,Focus Score,0.140625,2.0,0.0621962068411128,167,5,50,1000,723
CXCR4,Focus Score,0.140625,2.0,0.15683265416761336,167,5,50,1000,724
FLJ13224,Focus Score,0.140625,2.0,0.04003983499956513,167,5,50,1000,725
PRSS22,Focus Score,0.140625,2.0,0.031004410575604078,167,5,50,1000,726
JUNB,Focus Score,0.1375,5.0,0.033401090103282245,167,5,50,1000,727
MIR548O,Focus Score,0.13541666666666666,3.0,0.1781518160543567,167,5,50,1000,728
PTPN7,Focus Score,0.13541666666666666,3.0,0.10881464693000224,167,5,50,1000,729
NR4A1,Focus Score,0.1328125,2.0,0.019081336134108198,167,5,50,1000,730
FLI1,Focus Score,0.1328125,2.0,0.08737778310571866,167,5,50,1000,731
FCGR1A,Focus Score,0.1328125,2.0,0.05452678416851346,167,5,50,1000,732
CISD2,Focus Score,0.12890625,2.0,0.002923288218477871,167,5,50,1000,733
GPR174,Focus Score,0.12890625,2.0,0.09372127805864766,167,5,50,1000,734
DMRTA1,Focus Score,0.12760416666666666,3.0,0.06339592431851927,167,5,50,1000,735
PIK3C2G,Focus Score,0.125,1.0,0.01720839571321938,167,5,50,1000,736
ZNRF2P2,Focus Score,0.125,1.0,0.05402600579824819,167,5,50,1000,737
LOXHD1,Focus Score,0.125,1.0,0.0005931790904741786,167,5,50,1000,738
PIM3,Focus Score,0.125,1.0,0.002488924582747813,167,5,50,1000,739
GRB10,Focus Score,0.125,1.0,0.00010727620330818143,167,5,50,1000,740
PITPNA,Focus Score,0.125,1.0,0.03346220827916503,167,5,50,1000,741
PKM,Focus Score,0.125,1.0,0.0013336011117642006,167,5,50,1000,742
PLSCR1,Focus Score,0.125,1.0,0.029951823835293902,167,5,50,1000,743
ZPBP2,Focus Score,0.125,1.0,0.07175549152124511,167,5,50,1000,744
PLSCR5,Focus Score,0.125,1.0,0.009180336893936292,167,5,50,1000,745
PLVAP,Focus Score,0.125,1.0,0.02200187990067543,167,5,50,1000,746
PMAIP1,Focus Score,0.125,1.0,0.04437900804992187,167,5,50,1000,747
FOXO6,Focus Score,0.125,1.0,0.019718309170358633,167,5,50,1000,748
POC1B-GALNT4,Focus Score,0.125,1.0,0.0075500989501824855,167,5,50,1000,749
POFUT2,Focus Score,0.125,1.0,0.008588674962625699,167,5,50,1000,750
CD84,Focus Score,0.125,1.0,0.0805849922852619,167,5,50,1000,751
HRK,Focus Score,0.125,3.0,0.028495979213249284,167,5,50,1000,752
ZSCAN12P1,Focus Score,0.125,1.0,0.0032515017585457223,167,5,50,1000,753
POLB,Focus Score,0.125,1.0,0.006068522032594105,167,5,50,1000,754
LINC01179,Focus Score,0.125,1.0,0.006075479220567465,167,5,50,1000,755
POLDIP3,Focus Score,0.125,1.0,0.00048303051961113067,167,5,50,1000,756
POU2AF1,Focus Score,0.125,1.0,0.10823339662162569,167,5,50,1000,757
POU2F2-AS1,Focus Score,0.125,1.0,0.08099336024142574,167,5,50,1000,758
CD8B2,Focus Score,0.125,1.0,0.012096754309257782,167,5,50,1000,759
FPR1,Focus Score,0.125,1.0,0.05197364074529886,167,5,50,1000,760
PPARA,Focus Score,0.125,1.0,0.01644000054353899,167,5,50,1000,761
PPEF2,Focus Score,0.125,1.0,0.0027410697543121827,167,5,50,1000,762
IL33,Focus Score,0.125,1.0,0.03583385187695281,167,5,50,1000,763
PPM1G,Focus Score,0.125,1.0,0.00880689031454359,167,5,50,1000,764
PPM1L,Focus Score,0.125,1.0,0.042294734428222534,167,5,50,1000,765
PPM1N,Focus Score,0.125,1.0,0.01117137322803627,167,5,50,1000,766
PPP1R8,Focus Score,0.125,1.0,0.02418554182090446,167,5,50,1000,767
PPP1R9B,Focus Score,0.125,1.0,0.0291473991419335,167,5,50,1000,768
CFTR,Focus Score,0.125,1.0,0.006914178218988983,167,5,50,1000,769
PRDM1,Focus Score,0.125,1.0,0.01647168183203784,167,5,50,1000,770
LINC02427,Focus Score,0.125,1.0,0.04246581758789744,167,5,50,1000,771
PRKCA-AS1,Focus Score,0.125,1.0,0.015383918434131519,167,5,50,1000,772
MAP4K1,Focus Score,0.125,1.0,0.1771768501975702,167,5,50,1000,773
PRKCE,Focus Score,0.125,1.0,0.028415534566449473,167,5,50,1000,774
PRKCQ-AS1,Focus Score,0.125,1.0,0.021077591826161004,167,5,50,1000,775
PRPF4,Focus Score,0.125,1.0,0.006720492328694751,167,5,50,1000,776
LINC00507,Focus Score,0.125,1.0,0.007893602766264341,167,5,50,1000,777
PRRG2,Focus Score,0.125,1.0,0.020291571843959733,167,5,50,1000,778
LOC100144595,Focus Score,0.125,1.0,0.04170648291655981,167,5,50,1000,779
CGREF1,Focus Score,0.125,1.0,0.02155790719158903,167,5,50,1000,780
LINC00511,Focus Score,0.125,1.0,0.004676212083651536,167,5,50,1000,781
ERG,Focus Score,0.125,1.0,0.030715242069963646,167,5,50,1000,782
CHAC1,Focus Score,0.125,2.0,0.025662992716147817,167,5,50,1000,783
CHAC2,Focus Score,0.125,1.0,0.03346220827916503,167,5,50,1000,784
PRRT3,Focus Score,0.125,1.0,0.01892416574942781,167,5,50,1000,785
CD96,Focus Score,0.125,1.0,0.058040927306728836,167,5,50,1000,786
PSMA6,Focus Score,0.125,1.0,0.011929280488299592,167,5,50,1000,787
PSMD2,Focus Score,0.125,1.0,0.0024722763044908924,167,5,50,1000,788
PSTPIP1,Focus Score,0.125,1.0,0.0992294025922451,167,5,50,1000,789
ABCD4,Focus Score,0.125,1.0,0.002135567670079953,167,5,50,1000,790
PTCD3,Focus Score,0.125,1.0,0.001202705420636802,167,5,50,1000,791
KDM6B,Focus Score,0.125,1.0,0.0027453527612688374,167,5,50,1000,792
ERI3-IT1,Focus Score,0.125,1.0,0.04783525762381454,167,5,50,1000,793
PTGIS,Focus Score,0.125,1.0,0.007194409591961386,167,5,50,1000,794
LOC145474,Focus Score,0.125,1.0,0.008437038377529849,167,5,50,1000,795
PTP4A3,Focus Score,0.125,1.0,0.00635840018030404,167,5,50,1000,796
KDM8,Focus Score,0.125,1.0,0.005723510882069836,167,5,50,1000,797
PTPRC,Focus Score,0.125,1.0,0.09700545260850509,167,5,50,1000,798
QPRT,Focus Score,0.125,1.0,0.08442526962546566,167,5,50,1000,799
RAB34,Focus Score,0.125,1.0,0.015607935449317862,167,5,50,1000,800
CETP,Focus Score,0.125,1.0,0.09232947929514963,167,5,50,1000,801
FOXI1,Focus Score,0.125,1.0,0.04892952024724985,167,5,50,1000,802
CHD5,Focus Score,0.125,1.0,0.05155444100358582,167,5,50,1000,803
RAB7A,Focus Score,0.125,1.0,0.003530224107683187,167,5,50,1000,804
CXCL11,Focus Score,0.125,2.0,0.09282333138906217,167,5,50,1000,805
RAET1G,Focus Score,0.125,1.0,0.01557711665370384,167,5,50,1000,806
KERA,Focus Score,0.125,1.0,0.010148425513723055,167,5,50,1000,807
RALBP1,Focus Score,0.125,1.0,0.009592893689302558,167,5,50,1000,808
RALGAPB,Focus Score,0.125,1.0,0.01641242033413694,167,5,50,1000,809
FRMPD1,Focus Score,0.125,1.0,0.0016360564991508948,167,5,50,1000,810
RAMAC,Focus Score,0.125,1.0,5.531502184272963e-05,167,5,50,1000,811
ABHD5,Focus Score,0.125,1.0,0.0021510427475201106,167,5,50,1000,812
RASGRF2-AS1,Focus Score,0.125,2.0,0.03339781094348151,167,5,50,1000,813
ABI2,Focus Score,0.125,1.0,0.0017388581938974272,167,5,50,1000,814
RBMX2,Focus Score,0.125,1.0,0.002923288218477871,167,5,50,1000,815
MAL,Focus Score,0.125,1.0,0.044593705228727694,167,5,50,1000,816
ABL2,Focus Score,0.125,2.0,0.0022484729443847944,167,5,50,1000,817
RCOR2,Focus Score,0.125,1.0,0.09821511919196461,167,5,50,1000,818
RENBP,Focus Score,0.125,1.0,0.06689909334645723,167,5,50,1000,819
RFC5,Focus Score,0.125,1.0,0.01812400426762971,167,5,50,1000,820
ATP1A3,Focus Score,0.125,2.0,0.021167871890395217,167,5,50,1000,821
RIMBP3B,Focus Score,0.125,1.0,0.02471181502052349,167,5,50,1000,822
RNF128,Focus Score,0.125,1.0,0.03582609619153107,167,5,50,1000,823
RNF148,Focus Score,0.125,1.0,0.025969563580819355,167,5,50,1000,824
GRPEL2,Focus Score,0.125,1.0,0.01096390381622044,167,5,50,1000,825
RNF187,Focus Score,0.125,2.0,0.012821583509506079,167,5,50,1000,826
RNF25,Focus Score,0.125,1.0,0.009839307033294905,167,5,50,1000,827
FRZB,Focus Score,0.125,1.0,0.04544477862123081,167,5,50,1000,828
LINC00426,Focus Score,0.125,1.0,0.12454153305699835,167,5,50,1000,829
RPL23AP7,Focus Score,0.125,1.0,0.0020742260273749233,167,5,50,1000,830
RPPH1,Focus Score,0.125,1.0,0.00772027199026435,167,5,50,1000,831
RPS16P5,Focus Score,0.125,1.0,0.015466270771818143,167,5,50,1000,832
RPS18P9,Focus Score,0.125,1.0,0.0068582037579004865,167,5,50,1000,833
RPSAP52,Focus Score,0.125,1.0,0.006018433229286253,167,5,50,1000,834
EIF2AK4,Focus Score,0.125,1.0,0.004570462165212919,167,5,50,1000,835
LARS2,Focus Score,0.125,1.0,0.002578398549246913,167,5,50,1000,836
RRAGC,Focus Score,0.125,1.0,0.022051489535212826,167,5,50,1000,837
LOC101929470,Focus Score,0.125,1.0,0.009660714776342377,167,5,50,1000,838
RRN3P3,Focus Score,0.125,1.0,0.002887254193391583,167,5,50,1000,839
RTL8B,Focus Score,0.125,1.0,0.025183321182208493,167,5,50,1000,840
RTN4RL2,Focus Score,0.125,1.0,0.008786739211522213,167,5,50,1000,841
S100A10,Focus Score,0.125,1.0,0.01320287377495401,167,5,50,1000,842
S100A9,Focus Score,0.125,1.0,0.03364589800704676,167,5,50,1000,843
SAA2-SAA4,Focus Score,0.125,1.0,0.01409136933608315,167,5,50,1000,844
SAMD9,Focus Score,0.125,1.0,0.06314368614291525,167,5,50,1000,845
SAMMSON,Focus Score,0.125,1.0,0.0019208928209885415,167,5,50,1000,846
SCARNA4,Focus Score,0.125,1.0,0.018614416153312524,167,5,50,1000,847
SCHLAP1,Focus Score,0.125,2.0,0.0583818219021568,167,5,50,1000,848
SCRG1,Focus Score,0.125,1.0,0.019899368423228647,167,5,50,1000,849
BSPRY,Focus Score,0.125,1.0,0.058043335258802634,167,5,50,1000,850
SELENON,Focus Score,0.125,1.0,0.02320793034030764,167,5,50,1000,851
SELENOS,Focus Score,0.125,1.0,0.011495196186097335,167,5,50,1000,852
LINC02087,Focus Score,0.125,1.0,0.06241540280536984,167,5,50,1000,853
SEPSECS-AS1,Focus Score,0.125,1.0,0.0004393045616750119,167,5,50,1000,854
SEPTIN14,Focus Score,0.125,1.0,0.010745609616212987,167,5,50,1000,855
SEPTIN6,Focus Score,0.125,1.0,0.11335941856893789,167,5,50,1000,856
ACOT6,Focus Score,0.125,1.0,0.014605576010194257,167,5,50,1000,857
ACOT7,Focus Score,0.125,1.0,0.0721885392791085,167,5,50,1000,858
SERF1B,Focus Score,0.125,2.0,0.0003118131966134373,167,5,50,1000,859
SERPINA1,Focus Score,0.125,1.0,0.017367066273995424,167,5,50,1000,860
IKBIP,Focus Score,0.125,1.0,0.055258938653685453,167,5,50,1000,861
SERPINH1,Focus Score,0.125,1.0,0.0048224210072891315,167,5,50,1000,862
LOC101927822,Focus Score,0.125,3.0,0.02356224476541967,167,5,50,1000,863
SESN2,Focus Score,0.125,1.0,0.0058210942358821235,167,5,50,1000,864
FGF7P6,Focus Score,0.125,2.0,0.03334002779410501,167,5,50,1000,865
ETHE1,Focus Score,0.125,1.0,0.008526830519570629,167,5,50,1000,866
SFXN2,Focus Score,0.125,1.0,0.004820559483972157,167,5,50,1000,867
SGO1,Focus Score,0.125,1.0,0.017909203734101986,167,5,50,1000,868
ACP5,Focus Score,0.125,1.0,0.053543774926283726,167,5,50,1000,869
SH2D2A,Focus Score,0.125,1.0,0.1265742176840632,167,5,50,1000,870
SH3BGRL,Focus Score,0.125,2.0,0.027905426410626114,167,5,50,1000,871
LINC01239,Focus Score,0.125,1.0,0.022258463659384328,167,5,50,1000,872
FUNDC1,Focus Score,0.125,1.0,0.02049169111597383,167,5,50,1000,873
SHARPIN,Focus Score,0.125,1.0,0.002276854568441537,167,5,50,1000,874
CHRND,Focus Score,0.125,3.0,0.017346344820368082,167,5,50,1000,875
BTLA,Focus Score,0.125,1.0,0.0380578022289186,167,5,50,1000,876
LINC01692,Focus Score,0.125,1.0,0.03146828972015304,167,5,50,1000,877
SHKBP1,Focus Score,0.125,1.0,0.04323098792172455,167,5,50,1000,878
SIGLEC7,Focus Score,0.125,1.0,0.02598795005689681,167,5,50,1000,879
SIPA1L2,Focus Score,0.125,1.0,0.05513238307740292,167,5,50,1000,880
SLC12A9,Focus Score,0.125,1.0,9.579541201274328e-06,167,5,50,1000,881
SLC18A2,Focus Score,0.125,1.0,0.026866716341608043,167,5,50,1000,882
SLC20A2,Focus Score,0.125,1.0,0.005353055011770237,167,5,50,1000,883
SLC22A4,Focus Score,0.125,1.0,0.022357832981406468,167,5,50,1000,884
SLC24A2,Focus Score,0.125,1.0,0.015207926588453376,167,5,50,1000,885
SLC25A22,Focus Score,0.125,1.0,0.06034121688320643,167,5,50,1000,886
SLC30A8,Focus Score,0.125,1.0,0.035380166489207235,167,5,50,1000,887
SLC35B2,Focus Score,0.125,1.0,0.026039199111389775,167,5,50,1000,888
SLC35F4,Focus Score,0.125,1.0,0.0016096349891440982,167,5,50,1000,889
SLC35G2,Focus Score,0.125,1.0,0.010524909868353152,167,5,50,1000,890
SLC39A1,Focus Score,0.125,1.0,0.005669080930052993,167,5,50,1000,891
SLC45A2,Focus Score,0.125,1.0,0.022234952851874303,167,5,50,1000,892
SLC4A4,Focus Score,0.125,1.0,0.04103239914743348,167,5,50,1000,893
ACTL6A,Focus Score,0.125,1.0,0.003431619372369547,167,5,50,1000,894
SLC9A9,Focus Score,0.125,1.0,0.049290095514575055,167,5,50,1000,895
CHURC1,Focus Score,0.125,1.0,0.009641371295495343,167,5,50,1000,896
SLFN12,Focus Score,0.125,1.0,0.017903574397781254,167,5,50,1000,897
SMG1P6,Focus Score,0.125,1.0,0.000793494287230013,167,5,50,1000,898
SMG7-AS1,Focus Score,0.125,1.0,0.009510902973478048,167,5,50,1000,899
EVI2B,Focus Score,0.125,1.0,0.20070338137634913,167,5,50,1000,900
SNAR-B1,Focus Score,0.125,1.0,0.043035376932286575,167,5,50,1000,901
SNCAIP,Focus Score,0.125,1.0,0.0015811307089905792,167,5,50,1000,902
SNED1,Focus Score,0.125,1.0,0.04467256679200068,167,5,50,1000,903
FXYD2,Focus Score,0.125,1.0,0.026418142975204176,167,5,50,1000,904
SNHG25,Focus Score,0.125,3.0,0.0699860793505712,167,5,50,1000,905
SNHG28,Focus Score,0.125,1.0,0.002814304040771267,167,5,50,1000,906
SNORA13,Focus Score,0.125,1.0,8.931643263819652e-06,167,5,50,1000,907
FOXD4L5,Focus Score,0.125,1.0,0.01772404221308287,167,5,50,1000,908
SNORA24,Focus Score,0.125,1.0,0.03744967232070433,167,5,50,1000,909
C11orf54,Focus Score,0.125,1.0,0.0008025322087095482,167,5,50,1000,910
CIITA,Focus Score,0.125,1.0,0.05529883392381301,167,5,50,1000,911
FYB1,Focus Score,0.125,1.0,0.06653514586086134,167,5,50,1000,912
LINC01703,Focus Score,0.125,1.0,0.011408243679175284,167,5,50,1000,913
SNORA3B,Focus Score,0.125,2.0,0.014539434377284303,167,5,50,1000,914
CXCR6,Focus Score,0.125,1.0,0.15567722527785352,167,5,50,1000,915
SNORA52,Focus Score,0.125,1.0,0.02277240914657639,167,5,50,1000,916
SNORD13C,Focus Score,0.125,1.0,0.01364385662370111,167,5,50,1000,917
LINC02104,Focus Score,0.125,1.0,0.04967246876132627,167,5,50,1000,918
SNORD36A,Focus Score,0.125,1.0,0.0678080615247353,167,5,50,1000,919
KIF18A,Focus Score,0.125,1.0,0.03277067570780904,167,5,50,1000,920
SNORD42A,Focus Score,0.125,1.0,0.05247912326653899,167,5,50,1000,921
SNORD81,Focus Score,0.125,4.0,0.09048314758370729,167,5,50,1000,922
SNTA1,Focus Score,0.125,1.0,0.03397928035754987,167,5,50,1000,923
EIF3B,Focus Score,0.125,1.0,0.01054792032661967,167,5,50,1000,924
SPACA6-AS1,Focus Score,0.125,1.0,0.037038513087426145,167,5,50,1000,925
SPATS1,Focus Score,0.125,1.0,0.008075020206791898,167,5,50,1000,926
SPDYE16,Focus Score,0.125,1.0,0.00051109042570612,167,5,50,1000,927
SPHK1,Focus Score,0.125,1.0,0.0016022640988028944,167,5,50,1000,928
SPOUT1,Focus Score,0.125,1.0,0.0012555271871891754,167,5,50,1000,929
SPTB,Focus Score,0.125,1.0,0.0012196030703834075,167,5,50,1000,930
LOC101927881,Focus Score,0.125,1.0,0.05752173223420399,167,5,50,1000,931
SRPX,Focus Score,0.125,1.0,0.02150885622410723,167,5,50,1000,932
SSTR1,Focus Score,0.125,1.0,0.036071113304682184,167,5,50,1000,933
KCTD17,Focus Score,0.125,1.0,0.026012241613306723,167,5,50,1000,934
ST14,Focus Score,0.125,2.0,0.05510189734435591,167,5,50,1000,935
STAT2,Focus Score,0.125,1.0,0.02066845445351084,167,5,50,1000,936
SUGP1,Focus Score,0.125,1.0,0.004283261922812502,167,5,50,1000,937
ADAM7-AS1,Focus Score,0.125,1.0,0.07387844048733896,167,5,50,1000,938
CERS1,Focus Score,0.125,1.0,0.010243148123699168,167,5,50,1000,939
SULF1,Focus Score,0.125,1.0,0.03536385388261475,167,5,50,1000,940
CKMT1A,Focus Score,0.125,1.0,0.02260088271769121,167,5,50,1000,941
DHRS12,Focus Score,0.125,1.0,0.009251533424096712,167,5,50,1000,942
C14orf93,Focus Score,0.125,1.0,0.00013507124772374436,167,5,50,1000,943
HTT-AS,Focus Score,0.125,1.0,0.03240537764272725,167,5,50,1000,944
LOC105378586,Focus Score,0.125,1.0,0.010435657833521227,167,5,50,1000,945
KIF23-AS1,Focus Score,0.125,1.0,0.0027519726107579283,167,5,50,1000,946
SULT1E1,Focus Score,0.125,1.0,2.3913543383691293e-05,167,5,50,1000,947
SUV39H2,Focus Score,0.125,1.0,0.00436934202519643,167,5,50,1000,948
SVIL2P,Focus Score,0.125,1.0,0.0991370978612745,167,5,50,1000,949
DHRS4L2,Focus Score,0.125,1.0,0.0019838895644841838,167,5,50,1000,950
SYMPK,Focus Score,0.125,1.0,0.00018408293695835846,167,5,50,1000,951
SYNE2,Focus Score,0.125,1.0,0.0010205828688894696,167,5,50,1000,952
EXTL1,Focus Score,0.125,1.0,0.007877550936347328,167,5,50,1000,953
SYNE4,Focus Score,0.125,1.0,0.006662861373586416,167,5,50,1000,954
LINC01610,Focus Score,0.125,1.0,0.006307695833289155,167,5,50,1000,955
SYTL1,Focus Score,0.125,1.0,0.0009926064857823642,167,5,50,1000,956
SYTL4,Focus Score,0.125,1.0,0.008838287403068386,167,5,50,1000,957
TAF9,Focus Score,0.125,1.0,0.008040119780730725,167,5,50,1000,958
KIF26A,Focus Score,0.125,1.0,0.09578957593933617,167,5,50,1000,959
ALG14,Focus Score,0.125,1.0,0.005744836182792536,167,5,50,1000,960
TBCE,Focus Score,0.125,1.0,0.0005053213351296249,167,5,50,1000,961
C16orf95,Focus Score,0.125,1.0,6.983338195016997e-09,167,5,50,1000,962
TBX21,Focus Score,0.125,1.0,0.054697069558673775,167,5,50,1000,963
TCF15,Focus Score,0.125,1.0,0.011834415434410528,167,5,50,1000,964
TCF23,Focus Score,0.125,3.0,0.009928361722522488,167,5,50,1000,965
C17orf107,Focus Score,0.125,1.0,0.04959723911210459,167,5,50,1000,966
TDRD7,Focus Score,0.125,1.0,0.009870982884813332,167,5,50,1000,967
TEAD3,Focus Score,0.125,1.0,0.030650045921384483,167,5,50,1000,968
ADAP1,Focus Score,0.125,1.0,0.007892663922449502,167,5,50,1000,969
TFEC,Focus Score,0.125,1.0,0.02354135243926805,167,5,50,1000,970
TGFBR1,Focus Score,0.125,1.0,0.012564663390071716,167,5,50,1000,971
TGS1,Focus Score,0.125,1.0,0.006587028889062539,167,5,50,1000,972
GON4L,Focus Score,0.125,2.0,0.0004867458550548281,167,5,50,1000,973
TIAM1,Focus Score,0.125,1.0,0.055861924268328936,167,5,50,1000,974
TICAM1,Focus Score,0.125,1.0,0.00880689031454359,167,5,50,1000,975
TICAM2-AS1,Focus Score,0.125,1.0,0.006693117642970285,167,5,50,1000,976
LAG3,Focus Score,0.125,1.0,0.09716160013792455,167,5,50,1000,977
LCORL,Focus Score,0.125,1.0,0.003257650451255283,167,5,50,1000,978
TK1,Focus Score,0.125,1.0,0.010789599694872818,167,5,50,1000,979
KIF5B,Focus Score,0.125,1.0,0.0012972318864445523,167,5,50,1000,980
TLR10,Focus Score,0.125,1.0,0.12219248576857335,167,5,50,1000,981
LUADT1,Focus Score,0.125,1.0,0.02201829876688677,167,5,50,1000,982
TLR7,Focus Score,0.125,2.0,0.10004487423290735,167,5,50,1000,983
TLX1NB,Focus Score,0.125,1.0,0.025654734154653868,167,5,50,1000,984
TM9SF2,Focus Score,0.125,1.0,0.005795619018146701,167,5,50,1000,985
TMBIM6,Focus Score,0.125,1.0,0.029090359235556598,167,5,50,1000,986
TMEM132C,Focus Score,0.125,1.0,0.01053836515418767,167,5,50,1000,987
TMEM156,Focus Score,0.125,1.0,0.05347010094407815,167,5,50,1000,988
C19orf73,Focus Score,0.125,1.0,0.004086824095178822,167,5,50,1000,989
TMEM169,Focus Score,0.125,1.0,0.019537927380864746,167,5,50,1000,990
TMEM273,Focus Score,0.125,1.0,0.0575611497231131,167,5,50,1000,991
CLEC10A,Focus Score,0.125,1.0,0.1199809081120419,167,5,50,1000,992
TMEM35B,Focus Score,0.125,1.0,0.009773104987206141,167,5,50,1000,993
TMEM59L,Focus Score,0.125,1.0,0.0025620509352013337,167,5,50,1000,994
TMPRSS13,Focus Score,0.125,1.0,0.013319311175278653,167,5,50,1000,995
CLEC12B,Focus Score,0.125,1.0,0.005771394942421812,167,5,50,1000,996
TNFRSF18,Focus Score,0.125,2.0,0.09555023017047777,167,5,50,1000,997
LINC00629,Focus Score,0.125,1.0,0.0017430984608222794,167,5,50,1000,998
TNFRSF9,Focus Score,0.125,1.0,0.11759997835400415,167,5,50,1000,999
TNK2,Focus Score,0.125,1.0,0.037985695840004836,167,5,50,1000,1000
FXYD2,SSA,1.0,1.0,0.034553594143355654,167,5,50,1000,1
MS4A1,SSA,1.0,2.0,0.10279447306224782,167,5,50,1000,2
TRIM69,SSA,1.0,1.0,0.05542306175788615,167,5,50,1000,3
SLC25A39,SSA,1.0,2.0,0.028676061577917987,167,5,50,1000,4
BEX3,SSA,1.0,1.0,0.037262677707849516,167,5,50,1000,5
IGLVIV-65,SSA,1.0,2.0,0.15206256082398542,167,5,50,1000,6
MIR4428,SSA,0.9872881355932204,59.0,0.19503916206136374,167,5,50,1000,7
MIR494,SSA,0.9698905109489051,137.0,0.23516455977089568,167,5,50,1000,8
MIR3124,SSA,0.9,15.0,0.15414065845606068,167,5,50,1000,9
ADAMDEC1,SSA,0.8846153846153846,13.0,0.14841064342412005,167,5,50,1000,10
KNDC1,SSA,0.875,6.0,0.028432894967429106,167,5,50,1000,11
RPUSD1,SSA,0.7352941176470589,17.0,0.03608912398815156,167,5,50,1000,12
LOC84773,SSA,0.7083333333333334,3.0,0.03539400464890007,167,5,50,1000,13
MIR1285-2,SSA,0.6666666666666666,3.0,0.06271788198359912,167,5,50,1000,14
RTL8B,SSA,0.65,5.0,0.054037465008800724,167,5,50,1000,15
ELK2AP,SSA,0.625,6.0,0.11144477567349911,167,5,50,1000,16
SLC5A5,SSA,0.625,2.0,0.047336969567920086,167,5,50,1000,17
MIR1182,SSA,0.5714285714285714,7.0,0.0892874101529537,167,5,50,1000,18
CHST3,SSA,0.5,1.0,0.00020975184742973315,167,5,50,1000,19
DESI1,SSA,0.5,2.0,0.00026704866866015723,167,5,50,1000,20
ERP27,SSA,0.5,1.0,0.009258620089529086,167,5,50,1000,21
NEIL2,SSA,0.5,1.0,0.020096914465438046,167,5,50,1000,22
SERPINB9P1,SSA,0.5,1.0,0.0015173249173180687,167,5,50,1000,23
RHD,SSA,0.5,1.0,0.027962469535332338,167,5,50,1000,24
ATE1-AS1,SSA,0.5,2.0,0.01170344946013626,167,5,50,1000,25
NDUFS3,SSA,0.5,3.0,0.011326243385903396,167,5,50,1000,26
ENAM,SSA,0.5,6.0,0.02065373072827331,167,5,50,1000,27
GPBP1L1,SSA,0.5,3.0,0.007437343497936862,167,5,50,1000,28
LINC02532,SSA,0.5,2.0,0.0010564845862990066,167,5,50,1000,29
AZGP1P1,SSA,0.5,1.0,0.007117222556983492,167,5,50,1000,30
REP15,SSA,0.5,1.0,0.0061997658606219854,167,5,50,1000,31
RASSF10,SSA,0.5,1.0,0.001964852306021585,167,5,50,1000,32
SCAMP1-AS1,SSA,0.5,1.0,0.005467988396234633,167,5,50,1000,33
MYO1E,SSA,0.5,1.0,0.008752687020754565,167,5,50,1000,34
MGAT2,SSA,0.5,1.0,0.0003086081177203942,167,5,50,1000,35
CYP21A2,SSA,0.5,2.0,0.027703323436419937,167,5,50,1000,36
FBXO38-DT,SSA,0.5,1.0,0.023590581666446262,167,5,50,1000,37
DYNC2LI1,SSA,0.5,1.0,0.017091114794250063,167,5,50,1000,38
RABL6,SSA,0.5,1.0,0.01482186873231038,167,5,50,1000,39
AP5S1,SSA,0.5,2.0,0.007466054880420824,167,5,50,1000,40
KLF9,SSA,0.5,1.0,0.0017026021681264148,167,5,50,1000,41
CHRM3-AS1,SSA,0.5,1.0,0.0048531694867529444,167,5,50,1000,42
RAB6C,SSA,0.5,1.0,0.0003291365029042557,167,5,50,1000,43
R3HCC1,SSA,0.5,1.0,0.015424731101810684,167,5,50,1000,44
LINC01770,SSA,0.5,10.0,0.04172635447814957,167,5,50,1000,45
CYP27B1,SSA,0.5,1.0,0.004036688410525299,167,5,50,1000,46
BATF,SSA,0.5,1.0,0.03282900218641925,167,5,50,1000,47
APBA2,SSA,0.5,3.0,0.0013112708838036147,167,5,50,1000,48
MFSD5,SSA,0.5,1.0,0.03714715735392428,167,5,50,1000,49
CDR2-DT,SSA,0.5,1.0,0.012373941847626057,167,5,50,1000,50
CMTM5,SSA,0.5,10.0,0.0012379836695465302,167,5,50,1000,51
MTPN,SSA,0.5,1.0,0.01522244173530061,167,5,50,1000,52
ALAS1,SSA,0.5,2.0,0.021691069838275755,167,5,50,1000,53
PTPN2,SSA,0.5,1.0,0.004682740131310335,167,5,50,1000,54
IGHD4-11,SSA,0.5,7.0,0.020425768045945276,167,5,50,1000,55
PTH2R,SSA,0.5,1.0,0.010265350823296444,167,5,50,1000,56
BCAR1,SSA,0.5,1.0,0.03516380035124412,167,5,50,1000,57
LGALS17A,SSA,0.5,1.0,0.07769459163724297,167,5,50,1000,58
PTDSS2,SSA,0.5,2.0,0.019421940833657267,167,5,50,1000,59
HOXB-AS4,SSA,0.5,4.0,0.020949859856742453,167,5,50,1000,60
FMO2,SSA,0.5,1.0,0.0010883957312528743,167,5,50,1000,61
CLCA1,SSA,0.5,1.0,0.001657108510573107,167,5,50,1000,62
HSFX2,SSA,0.5,1.0,0.00488637093900252,167,5,50,1000,63
MRPS9-AS2,SSA,0.5,2.0,0.03228650595585022,167,5,50,1000,64
CHRAC1,SSA,0.5,1.0,0.006810408672505659,167,5,50,1000,65
FBLIM1,SSA,0.5,29.0,0.10337604178710805,167,5,50,1000,66
ARL4C,SSA,0.5,2.0,1.8401322324863966e-05,167,5,50,1000,67
MRPS36,SSA,0.5,1.0,0.0005234153905739081,167,5,50,1000,68
DMPK,SSA,0.5,1.0,0.04857953266399533,167,5,50,1000,69
FMO6P,SSA,0.5,1.0,0.002095173122155784,167,5,50,1000,70
LOC100652768,SSA,0.5,1.0,0.0018254144699231408,167,5,50,1000,71
MRPS26,SSA,0.5,1.0,0.023659218526301106,167,5,50,1000,72
EPM2A,SSA,0.5,1.0,0.01729664263594025,167,5,50,1000,73
PSMB9,SSA,0.5,1.0,0.09288553555504755,167,5,50,1000,74
MIR1915HG,SSA,0.5,1.0,0.004408300300469749,167,5,50,1000,75
HLA-DRA,SSA,0.5,1.0,0.057314652889514595,167,5,50,1000,76
LOC107984035,SSA,0.5,2.0,0.016878143480993583,167,5,50,1000,77
IRS4,SSA,0.5,1.0,0.006591318230631569,167,5,50,1000,78
ISOC1,SSA,0.5,3.0,0.019750919534105228,167,5,50,1000,79
ASTN1,SSA,0.5,1.0,0.02434905737962012,167,5,50,1000,80
ASTN2,SSA,0.5,5.0,0.018507974886910115,167,5,50,1000,81
C15orf48,SSA,0.5,1.0,0.039992248912392156,167,5,50,1000,82
LY6E,SSA,0.5,1.0,0.029232190430402764,167,5,50,1000,83
MAP3K5-AS1,SSA,0.5,1.0,0.01703514172696601,167,5,50,1000,84
MRPL18,SSA,0.5,1.0,0.004880481325182285,167,5,50,1000,85
RNF43,SSA,0.5,1.0,0.016274462797019194,167,5,50,1000,86
GEMIN8P4,SSA,0.5,4.0,0.025469824074522956,167,5,50,1000,87
PRICKLE2-AS3,SSA,0.5,2.0,8.669937149673076e-05,167,5,50,1000,88
MAGI1,SSA,0.5,1.0,0.020039040011776848,167,5,50,1000,89
MIR9-1HG,SSA,0.5,1.0,0.002007772704785507,167,5,50,1000,90
LOC440311,SSA,0.5,1.0,0.01589414046161451,167,5,50,1000,91
HMGN2,SSA,0.5,1.0,0.02730910620521381,167,5,50,1000,92
ERCC1,SSA,0.5,1.0,0.023408526588596386,167,5,50,1000,93
MIR758,SSA,0.5,1.0,0.07270403387303298,167,5,50,1000,94
LINC01748,SSA,0.5,1.0,0.0011574990106846066,167,5,50,1000,95
RNF11,SSA,0.5,1.0,0.011676744763519854,167,5,50,1000,96
MIR608,SSA,0.5,1.0,0.0100926264068258,167,5,50,1000,97
POU2F2,SSA,0.5,1.0,0.029924669037088996,167,5,50,1000,98
ALKAL1,SSA,0.5,1.0,0.031157417817739508,167,5,50,1000,99
H4C12,SSA,0.5,1.0,0.002572585989461512,167,5,50,1000,100
ZSCAN30,SSA,0.5,1.0,0.0036021953518397343,167,5,50,1000,101
LOC100506207,SSA,0.5,1.0,0.0057742598381042495,167,5,50,1000,102
PLPP2,SSA,0.5,1.0,0.046266557382562544,167,5,50,1000,103
FAM78B,SSA,0.5,1.0,0.015182039610777694,167,5,50,1000,104
ZNF296,SSA,0.5,1.0,0.0052585638231088,167,5,50,1000,105
ZNF283,SSA,0.5,1.0,0.03355525398613356,167,5,50,1000,106
ZFAND5,SSA,0.5,1.0,0.00010431588619537394,167,5,50,1000,107
MIR4765,SSA,0.5,1.0,0.13806253436947666,167,5,50,1000,108
ZBTB48,SSA,0.5,1.0,0.004233279291945065,167,5,50,1000,109
PDE1B,SSA,0.5,2.0,0.002037192312932606,167,5,50,1000,110
DSG2-AS1,SSA,0.5,3.0,0.029172490221350055,167,5,50,1000,111
ZBTB11-AS1,SSA,0.5,2.0,0.0011030302174618988,167,5,50,1000,112
YWHAG,SSA,0.5,1.0,0.007117222556983492,167,5,50,1000,113
ARRDC2,SSA,0.5,1.0,8.449586781825287e-05,167,5,50,1000,114
WASHC2A,SSA,0.5,1.0,0.002769982886941952,167,5,50,1000,115
ARHGDIB,SSA,0.5,1.0,0.012992084635734563,167,5,50,1000,116
GBP1P1,SSA,0.5,8.0,0.038673997131557225,167,5,50,1000,117
ALX1,SSA,0.5,1.0,0.0019288007357524638,167,5,50,1000,118
LOC105371592,SSA,0.5,1.0,0.012261163053724645,167,5,50,1000,119
PDAP1,SSA,0.5,7.0,0.014036745646449513,167,5,50,1000,120
B4GALT4-AS1,SSA,0.5,3.0,0.01385694666621523,167,5,50,1000,121
VIP,SSA,0.5,1.0,0.005059925689473837,167,5,50,1000,122
PCDHB6,SSA,0.5,1.0,0.016530859336010513,167,5,50,1000,123
HRCT1,SSA,0.5,1.0,0.01906794256400688,167,5,50,1000,124
TSPAN15,SSA,0.5,1.0,0.029269237445929186,167,5,50,1000,125
PBX2,SSA,0.5,1.0,0.00012718568066664974,167,5,50,1000,126
P2RX6,SSA,0.5,1.0,0.004800274301388651,167,5,50,1000,127
LINC01187,SSA,0.5,1.0,0.027995817714371155,167,5,50,1000,128
ECH1,SSA,0.5,2.0,0.030360471055491927,167,5,50,1000,129
LMO7DN,SSA,0.5,1.0,0.00034419953241204696,167,5,50,1000,130
OR10AD1,SSA,0.5,3.0,0.003790722071046424,167,5,50,1000,131
LY86,SSA,0.5,1.0,0.02764771557180399,167,5,50,1000,132
OLFM4,SSA,0.5,2.0,0.02119181792584897,167,5,50,1000,133
TRI-AAT5-4,SSA,0.5,1.0,0.005699767082359661,167,5,50,1000,134
TRG-GCC1-5,SSA,0.5,2.0,0.08520692662491504,167,5,50,1000,135
TPST2,SSA,0.5,1.0,0.05900219369543568,167,5,50,1000,136
KCNQ1,SSA,0.5,1.0,0.035317186430305784,167,5,50,1000,137
TNIK,SSA,0.5,1.0,0.002525112067599699,167,5,50,1000,138
LRRC8D,SSA,0.5,5.0,0.0060252855866448,167,5,50,1000,139
AGMO,SSA,0.5,1.0,1.0793688403658389e-06,167,5,50,1000,140
HMX3,SSA,0.5,1.0,0.006405377165611083,167,5,50,1000,141
TK1,SSA,0.5,1.0,0.00348502685236953,167,5,50,1000,142
CLSTN1,SSA,0.5,1.0,0.009977647609169603,167,5,50,1000,143
C8B,SSA,0.5,1.0,0.06153272195720376,167,5,50,1000,144
IGHVII-30-21,SSA,0.5,2.0,0.01771851719592589,167,5,50,1000,145
LOC105371730,SSA,0.5,10.0,0.05406336836886898,167,5,50,1000,146
MACROH2A1,SSA,0.5,1.0,0.002284768265805558,167,5,50,1000,147
FRMPD1,SSA,0.5,3.0,0.01765338576896321,167,5,50,1000,148
TGFB2-OT1,SSA,0.5,2.0,0.009046205313576527,167,5,50,1000,149
TGFB2,SSA,0.5,2.0,0.003537257347972205,167,5,50,1000,150
BAZ2B-AS1,SSA,0.5,1.0,0.016456206584510538,167,5,50,1000,151
TBX6,SSA,0.5,1.0,0.03330020329794444,167,5,50,1000,152
NR6A1,SSA,0.5,3.0,0.017025296101176705,167,5,50,1000,153
FAM153A,SSA,0.5,2.0,0.01220071841068778,167,5,50,1000,154
GSTA2,SSA,0.5,5.0,0.020792429179501044,167,5,50,1000,155
JOSD1,SSA,0.5,1.0,0.0001873096052524134,167,5,50,1000,156
NPTX1,SSA,0.5,4.0,0.0048346581340773746,167,5,50,1000,157
TAC3,SSA,0.5,3.0,0.012886810886965916,167,5,50,1000,158
LOC101927919,SSA,0.5,2.0,0.011074549959074706,167,5,50,1000,159
IGFBP3,SSA,0.5,1.0,0.0002874528559999724,167,5,50,1000,160
SUCLG2,SSA,0.5,1.0,0.003856182775452671,167,5,50,1000,161
STARD7,SSA,0.5,1.0,0.004516502335069387,167,5,50,1000,162
STARD5,SSA,0.5,1.0,0.024355506203477994,167,5,50,1000,163
CCL18,SSA,0.5,1.0,0.07030072893020431,167,5,50,1000,164
IKBKE,SSA,0.5,1.0,0.0011086275121299561,167,5,50,1000,165
NME9,SSA,0.5,2.0,0.0572581968909044,167,5,50,1000,166
DUSP2,SSA,0.5,1.0,0.01809342163768693,167,5,50,1000,167
LRRC7,SSA,0.5,1.0,5.411639760670234e-05,167,5,50,1000,168
KRT10-AS1,SSA,0.5,1.0,0.0060888765508694985,167,5,50,1000,169
ST3GAL1,SSA,0.5,1.0,0.01995377226971386,167,5,50,1000,170
LINC00683,SSA,0.5,1.0,0.013811674320459237,167,5,50,1000,171
LRG1,SSA,0.5,5.0,0.04064852101562448,167,5,50,1000,172
KRTAP1-1,SSA,0.5,5.0,0.04086977013898635,167,5,50,1000,173
NME5,SSA,0.5,1.0,0.02566587074640835,167,5,50,1000,174
CA3,SSA,0.5,1.0,0.006642877359275889,167,5,50,1000,175
NKG7,SSA,0.5,1.0,0.0743657521098201,167,5,50,1000,176
SLC1A7,SSA,0.5,1.0,0.011956758589020572,167,5,50,1000,177
PRSS22,SSA,0.475,10.0,0.05610263796354023,167,5,50,1000,178
THSD4,SSA,0.4722222222222222,9.0,0.03084794323761307,167,5,50,1000,179
MYH13,SSA,0.4642857142857143,7.0,0.008617376565123633,167,5,50,1000,180
PEBP1,SSA,0.4625,10.0,0.04206083293564642,167,5,50,1000,181
EHBP1-AS1,SSA,0.4625,10.0,0.10937149303030101,167,5,50,1000,182
FOXCUT,SSA,0.4583333333333333,6.0,0.024868239647305484,167,5,50,1000,183
PSG6,SSA,0.4583333333333333,6.0,0.008122986036519873,167,5,50,1000,184
NEUROG2-AS1,SSA,0.4583333333333333,12.0,0.06244223066652975,167,5,50,1000,185
CRELD1,SSA,0.45,5.0,0.050764658395307076,167,5,50,1000,186
C1orf210,SSA,0.4423076923076923,13.0,0.04298753354225164,167,5,50,1000,187
FBP1,SSA,0.4375,4.0,0.03357340035030945,167,5,50,1000,188
ARRDC1-AS1,SSA,0.4375,6.0,0.04106140329318578,167,5,50,1000,189
ALKBH4,SSA,0.4375,4.0,0.015304768736932694,167,5,50,1000,190
ETV6,SSA,0.425,5.0,0.023236156594258935,167,5,50,1000,191
GTF2A1-AS1,SSA,0.4230769230769231,13.0,0.10730344202932636,167,5,50,1000,192
LINC01798,SSA,0.421875,8.0,0.08589090060694443,167,5,50,1000,193
LINC01910,SSA,0.4166666666666667,3.0,0.020028419979101868,167,5,50,1000,194
NCMAP-DT,SSA,0.4166666666666667,3.0,0.02961100140793937,167,5,50,1000,195
COLCA1,SSA,0.4166666666666667,3.0,0.0191809375319337,167,5,50,1000,196
MIR4650-2,SSA,0.4166666666666667,3.0,0.060486541798282695,167,5,50,1000,197
PRSS41,SSA,0.4166666666666667,3.0,0.04367339687188512,167,5,50,1000,198
IFI44L,SSA,0.4166666666666667,3.0,0.0922640215050955,167,5,50,1000,199
LINC00870,SSA,0.4166666666666667,3.0,0.01361931914925789,167,5,50,1000,200
GOT2,SSA,0.4166666666666667,3.0,0.02050437231691718,167,5,50,1000,201
LOC400682,SSA,0.4166666666666667,3.0,0.015209119049801845,167,5,50,1000,202
RNF207-AS1,SSA,0.4166666666666667,3.0,0.022505736437624983,167,5,50,1000,203
NT5C3B,SSA,0.40625,4.0,0.03136524167132577,167,5,50,1000,204
TAP1,SSA,0.375,2.0,0.08073553047903652,167,5,50,1000,205
TMEM139,SSA,0.375,2.0,0.04435348748244834,167,5,50,1000,206
TACSTD2,SSA,0.375,2.0,0.033200158109502394,167,5,50,1000,207
CD37,SSA,0.375,2.0,0.07380974843639877,167,5,50,1000,208
SH2B3,SSA,0.375,2.0,0.005199479305167741,167,5,50,1000,209
RHCE,SSA,0.375,2.0,0.014506615343288409,167,5,50,1000,210
ASPSCR1,SSA,0.375,2.0,0.03470564497907404,167,5,50,1000,211
FAM20A,SSA,0.375,3.0,0.014246440666383349,167,5,50,1000,212
CD82,SSA,0.375,2.0,0.0137957759493382,167,5,50,1000,213
PLD5,SSA,0.375,2.0,0.027811200837029666,167,5,50,1000,214
MIR632,SSA,0.375,2.0,0.008063087010455433,167,5,50,1000,215
FOLR2,SSA,0.375,2.0,0.05663205145660655,167,5,50,1000,216
OR52E4,SSA,0.375,2.0,0.012901372876479562,167,5,50,1000,217
IL27,SSA,0.375,3.0,0.0005116492991470538,167,5,50,1000,218
TXNRD2,SSA,0.375,2.0,0.030431697942586138,167,5,50,1000,219
KRT7-AS,SSA,0.375,2.0,0.02911366151337425,167,5,50,1000,220
SLC31A2,SSA,0.375,2.0,0.02663814642520516,167,5,50,1000,221
TMTC4,SSA,0.375,2.0,0.021992960012925163,167,5,50,1000,222
ZIM3,SSA,0.375,2.0,0.0022682369233156855,167,5,50,1000,223
LEMD1,SSA,0.35,5.0,0.007900752301097427,167,5,50,1000,224
SNORA52,SSA,0.3333333333333333,3.0,0.010274393798421263,167,5,50,1000,225
ZNF669,SSA,0.325,5.0,0.015424731101810684,167,5,50,1000,226
IFNAR2,SSA,0.3125,2.0,0.02499725753535193,167,5,50,1000,227
LOC107983990,SSA,0.3125,2.0,0.021212385099702417,167,5,50,1000,228
CD52,SSA,0.3125,2.0,0.05280991738640805,167,5,50,1000,229
NUP153-AS1,SSA,0.3125,2.0,0.011251628777496026,167,5,50,1000,230
PON3,SSA,0.3125,4.0,0.05356366225370133,167,5,50,1000,231
IGSF5,SSA,0.3125,2.0,0.01856640521309232,167,5,50,1000,232
PPP1R1C,SSA,0.3125,2.0,0.025712822788297722,167,5,50,1000,233
UROS,SSA,0.2916666666666667,3.0,0.018675088936595103,167,5,50,1000,234
FGFBP3,SSA,0.28125,2.0,0.03829770897440072,167,5,50,1000,235
TRPV4,SSA,0.28125,4.0,0.03268348193160225,167,5,50,1000,236
GRID2IP,SSA,0.25,2.0,0.006952800209257416,167,5,50,1000,237
LYRM9,SSA,0.25,1.0,0.026571509437103555,167,5,50,1000,238
GNRH1,SSA,0.25,1.0,5.115168755263144e-05,167,5,50,1000,239
HEXB,SSA,0.25,1.0,0.01682510928445186,167,5,50,1000,240
DEXI,SSA,0.25,1.0,0.0008532622227236805,167,5,50,1000,241
KBTBD11,SSA,0.25,1.0,0.005934806694014658,167,5,50,1000,242
USP38,SSA,0.25,1.0,0.005693882187967067,167,5,50,1000,243
UTS2R,SSA,0.25,1.0,0.019551887127075104,167,5,50,1000,244
ICA1L,SSA,0.25,1.0,0.00046003305812159905,167,5,50,1000,245
VAMP8,SSA,0.25,1.0,0.009139073063222232,167,5,50,1000,246
LINC01230,SSA,0.25,1.0,0.02618561230143951,167,5,50,1000,247
DPT,SSA,0.25,1.0,0.0012058916444185224,167,5,50,1000,248
LINC02985,SSA,0.25,1.0,0.003604493883292196,167,5,50,1000,249
VCPIP1,SSA,0.25,1.0,0.0010024756663375432,167,5,50,1000,250
BCL11A,SSA,0.25,1.0,0.03000558841065527,167,5,50,1000,251
LOC101929719,SSA,0.25,1.0,0.007706566770894256,167,5,50,1000,252
VLDLR-AS1,SSA,0.25,1.0,0.0010421746952002315,167,5,50,1000,253
VSX1,SSA,0.25,1.0,0.023222361477638225,167,5,50,1000,254
LINC01070,SSA,0.25,1.0,0.004660698193221362,167,5,50,1000,255
VSX2,SSA,0.25,1.0,0.036812811248901484,167,5,50,1000,256
WDFY3-AS1,SSA,0.25,1.0,0.004337260281556,167,5,50,1000,257
WDR17,SSA,0.25,1.0,1.753297459406233e-05,167,5,50,1000,258
BCL2L15,SSA,0.25,1.0,0.0019317273842676945,167,5,50,1000,259
GOLGA2P7,SSA,0.25,3.0,0.004937729883526307,167,5,50,1000,260
XCL2,SSA,0.25,1.0,0.0503005740315518,167,5,50,1000,261
XPO6,SSA,0.25,1.0,0.020891116128704028,167,5,50,1000,262
YEATS4,SSA,0.25,1.0,0.021751280967787716,167,5,50,1000,263
YKT6,SSA,0.25,1.0,0.024355506203477994,167,5,50,1000,264
ARL11,SSA,0.25,1.0,0.02058519113036093,167,5,50,1000,265
YLPM1,SSA,0.25,1.0,0.0033960834221081464,167,5,50,1000,266
FAM30A,SSA,0.25,1.0,0.08263930792753756,167,5,50,1000,267
CEACAM21,SSA,0.25,1.0,0.02650658901711075,167,5,50,1000,268
YTHDF1,SSA,0.25,1.0,0.0010088820388337997,167,5,50,1000,269
LINC00888,SSA,0.25,1.0,0.016878143480993583,167,5,50,1000,270
CLDN4,SSA,0.25,1.0,0.03616677673383539,167,5,50,1000,271
GOLGA4-AS1,SSA,0.25,1.0,0.01861930080065781,167,5,50,1000,272
ZC3H12A-DT,SSA,0.25,1.0,0.021331555568092016,167,5,50,1000,273
ALDH1A2-AS1,SSA,0.25,1.0,0.007706097985176464,167,5,50,1000,274
LINC02604,SSA,0.25,1.0,0.0034491928288920776,167,5,50,1000,275
ZC3H7B,SSA,0.25,1.0,0.01212238222934649,167,5,50,1000,276
CLDN8,SSA,0.25,1.0,0.021451059847317426,167,5,50,1000,277
BCORP1,SSA,0.25,1.0,0.004993676741442383,167,5,50,1000,278
BCRP2,SSA,0.25,1.0,0.003310517909628954,167,5,50,1000,279
ZHX3,SSA,0.25,1.0,0.0032646532949123356,167,5,50,1000,280
ALDH3A1,SSA,0.25,1.0,0.008450196420121237,167,5,50,1000,281
ITGA2B,SSA,0.25,1.0,0.04292087842521311,167,5,50,1000,282
HHAT,SSA,0.25,1.0,0.017850251272925395,167,5,50,1000,283
LINC00593,SSA,0.25,1.0,0.01242237150974512,167,5,50,1000,284
ZNF204P,SSA,0.25,1.0,0.01018273264142971,167,5,50,1000,285
ZNF320,SSA,0.25,1.0,0.011109892237934191,167,5,50,1000,286
LINC01925,SSA,0.25,1.0,0.014469709015741771,167,5,50,1000,287
LOC105371267,SSA,0.25,1.0,0.0071517302521369236,167,5,50,1000,288
CLEC17A,SSA,0.25,2.0,0.045934623530687425,167,5,50,1000,289
FAM47E,SSA,0.25,1.0,0.02315916989423497,167,5,50,1000,290
FTMT,SSA,0.25,1.0,0.03808621910942931,167,5,50,1000,291
LINC00391,SSA,0.25,2.0,0.01717560015366388,167,5,50,1000,292
ZNF529-AS1,SSA,0.25,1.0,0.013414563974825827,167,5,50,1000,293
EVC,SSA,0.25,1.0,0.009600698307999167,167,5,50,1000,294
HHIPL2,SSA,0.25,1.0,0.018003110432919134,167,5,50,1000,295
GRM1,SSA,0.25,1.0,0.032835306520496786,167,5,50,1000,296
EVI2B,SSA,0.25,1.0,0.09164459377286738,167,5,50,1000,297
ZNF717,SSA,0.25,2.0,0.016586319065783627,167,5,50,1000,298
ITGA9-AS1,SSA,0.25,1.0,0.018286324491922173,167,5,50,1000,299
ZNF718,SSA,0.25,1.0,0.02322138388876189,167,5,50,1000,300
ZNF845,SSA,0.25,1.0,1.2058916444185227e-05,167,5,50,1000,301
LOC100506869,SSA,0.25,1.0,0.023058291154160117,167,5,50,1000,302
LINC01089,SSA,0.25,1.0,0.0390178550826184,167,5,50,1000,303
ZSWIM6,SSA,0.25,1.0,0.0025427642723161157,167,5,50,1000,304
LPO,SSA,0.25,1.0,0.013931075842363165,167,5,50,1000,305
BEX1,SSA,0.25,1.0,0.03871248506854121,167,5,50,1000,306
AASDHPPT,SSA,0.25,1.0,3.271346191086926e-05,167,5,50,1000,307
CRBN,SSA,0.25,1.0,0.000495750817554895,167,5,50,1000,308
LINC01093,SSA,0.25,2.0,0.017841590155198365,167,5,50,1000,309
INPP4B,SSA,0.25,1.0,0.001964852306021585,167,5,50,1000,310
BFSP2-AS1,SSA,0.25,1.0,0.009073339396353639,167,5,50,1000,311
CREB3L1,SSA,0.25,1.0,0.01790164922998812,167,5,50,1000,312
FUT2,SSA,0.25,1.0,0.0014126874572122322,167,5,50,1000,313
LINC01806,SSA,0.25,1.0,0.007593404714907498,167,5,50,1000,314
CCDC50,SSA,0.25,1.0,0.012714187114910085,167,5,50,1000,315
LINC01685,SSA,0.25,1.0,0.004767490256914752,167,5,50,1000,316
CRELD2,SSA,0.25,1.0,0.0022265600013085395,167,5,50,1000,317
LINC01560,SSA,0.25,1.0,0.0011360000006676218,167,5,50,1000,318
C5orf47,SSA,0.25,1.0,0.002667727009832273,167,5,50,1000,319
LOC105371566,SSA,0.25,2.0,0.0011355060513737877,167,5,50,1000,320
LOC101928068,SSA,0.25,1.0,0.017785843920145195,167,5,50,1000,321
EXOSC10-AS1,SSA,0.25,1.0,0.0016838000708968449,167,5,50,1000,322
IFI35,SSA,0.25,1.0,0.04582822202876958,167,5,50,1000,323
C6orf136,SSA,0.25,2.0,0.03462957783486036,167,5,50,1000,324
IFI6,SSA,0.25,6.0,0.08652376864589094,167,5,50,1000,325
LINC02397,SSA,0.25,1.0,0.07042381260625546,167,5,50,1000,326
INSIG1,SSA,0.25,1.0,0.007082798314539022,167,5,50,1000,327
LAMA4,SSA,0.25,1.0,5.712337928058675e-05,167,5,50,1000,328
ACAA1,SSA,0.25,1.0,0.030147291110463065,167,5,50,1000,329
CLPP,SSA,0.25,1.0,0.0017879325630342309,167,5,50,1000,330
BLK,SSA,0.25,1.0,0.020826044217857092,167,5,50,1000,331
CEP170,SSA,0.25,1.0,0.005787018174279333,167,5,50,1000,332
ACAD8,SSA,0.25,1.0,0.031229666878282093,167,5,50,1000,333
IFIT3,SSA,0.25,1.0,0.04073093056571884,167,5,50,1000,334
ACADVL,SSA,0.25,1.0,0.033798347127301155,167,5,50,1000,335
DIP2C,SSA,0.25,1.0,0.008723351883128281,167,5,50,1000,336
DIPK1B,SSA,0.25,1.0,0.00026704866866015723,167,5,50,1000,337
IFIT5,SSA,0.25,1.0,0.012393770438872374,167,5,50,1000,338
AMPH,SSA,0.25,1.0,0.0028063342387126527,167,5,50,1000,339
KIAA0895L,SSA,0.25,1.0,0.019237560194960555,167,5,50,1000,340
FAM90A1,SSA,0.25,1.0,0.026850673670425762,167,5,50,1000,341
LINC02521,SSA,0.25,1.0,0.007813003082074636,167,5,50,1000,342
DAP,SSA,0.25,1.0,0.024932706864974234,167,5,50,1000,343
GSS,SSA,0.25,1.0,0.0241011423465792,167,5,50,1000,344
KRT87P,SSA,0.25,1.0,0.010718960501311119,167,5,50,1000,345
BMPR1B,SSA,0.25,1.0,0.028929383935216647,167,5,50,1000,346
IKBKB-DT,SSA,0.25,1.0,0.018782666874263842,167,5,50,1000,347
ACOT1,SSA,0.25,1.0,0.006310600333474696,167,5,50,1000,348
BMS1P14,SSA,0.25,2.0,0.045391972992700536,167,5,50,1000,349
CRYBB2P1,SSA,0.25,2.0,0.004061810250320992,167,5,50,1000,350
CMAS,SSA,0.25,1.0,0.04131013409223002,167,5,50,1000,351
HLA-DOB,SSA,0.25,1.0,0.0629226749313779,167,5,50,1000,352
CCL23,SSA,0.25,3.0,0.005713654598436386,167,5,50,1000,353
HLA-DPB1,SSA,0.25,1.0,0.039992248912392156,167,5,50,1000,354
ACP5,SSA,0.25,1.0,0.02710694201776717,167,5,50,1000,355
ACP6,SSA,0.25,1.0,0.02157089793737868,167,5,50,1000,356
ITM2C,SSA,0.25,1.0,0.05159647327182899,167,5,50,1000,357
CCL4,SSA,0.25,1.0,0.051275885768366974,167,5,50,1000,358
CMPK2,SSA,0.25,1.0,0.04168764610493935,167,5,50,1000,359
LINC01703,SSA,0.25,1.0,0.010770401029495152,167,5,50,1000,360
CCL8,SSA,0.25,1.0,0.008352307601639637,167,5,50,1000,361
BOLA2-SMG1P6,SSA,0.25,2.0,0.010641263550790092,167,5,50,1000,362
ASPM,SSA,0.25,1.0,0.013998483989250382,167,5,50,1000,363
CA9,SSA,0.25,1.0,0.005465587044534414,167,5,50,1000,364
HAUS2,SSA,0.25,1.0,0.00012167404965828416,167,5,50,1000,365
ASRGL1,SSA,0.25,1.0,0.09238815740966799,167,5,50,1000,366
GSTZ1,SSA,0.25,1.0,0.007895669426127854,167,5,50,1000,367
DBNDD1,SSA,0.25,1.0,0.013843802983342554,167,5,50,1000,368
HLA-F,SSA,0.25,1.0,0.10708668303814095,167,5,50,1000,369
LINC03010,SSA,0.25,1.0,0.02527768342304683,167,5,50,1000,370
LINC02865,SSA,0.25,1.0,0.0055659831727359055,167,5,50,1000,371
HLA-H,SSA,0.25,1.0,0.05422757027980318,167,5,50,1000,372
KLK1,SSA,0.25,1.0,0.04839960862348555,167,5,50,1000,373
ITPR1,SSA,0.25,1.0,0.00925661620378718,167,5,50,1000,374
CCNE2,SSA,0.25,1.0,0.03404904357829733,167,5,50,1000,375
LOC100128288,SSA,0.25,1.0,0.01803042521464915,167,5,50,1000,376
HBA2,SSA,0.25,3.0,0.014182328897223777,167,5,50,1000,377
LERFS,SSA,0.25,2.0,0.005798018312638198,167,5,50,1000,378
LINC00458,SSA,0.25,1.0,0.0152123970928298,167,5,50,1000,379
LPAL2,SSA,0.25,1.0,0.01063958463061602,167,5,50,1000,380
HM13-AS1,SSA,0.25,1.0,0.0017861520576641717,167,5,50,1000,381
LOC100132078,SSA,0.25,1.0,0.004083183720001397,167,5,50,1000,382
DYNLL2,SSA,0.25,1.0,0.016719291249495272,167,5,50,1000,383
CCNT2-AS1,SSA,0.25,1.0,0.011766053495376808,167,5,50,1000,384
ENO2,SSA,0.25,1.0,0.04040179308159519,167,5,50,1000,385
HBZ,SSA,0.25,1.0,0.015223575094441857,167,5,50,1000,386
LINC03015,SSA,0.25,1.0,0.026264800870604028,167,5,50,1000,387
LINC02085,SSA,0.25,1.0,0.009300903022884676,167,5,50,1000,388
LOC730668,SSA,0.25,1.0,0.008721647613559392,167,5,50,1000,389
LOC105371910,SSA,0.25,1.0,0.0067690764014907735,167,5,50,1000,390
KCNJ2,SSA,0.25,1.0,0.0020012376871265313,167,5,50,1000,391
CCR5,SSA,0.25,1.0,0.03967470270422773,167,5,50,1000,392
CSNK2A3,SSA,0.25,1.0,0.002874765644105101,167,5,50,1000,393
CFAP73,SSA,0.25,1.0,0.024381891628369817,167,5,50,1000,394
BRINP3-DT,SSA,0.25,1.0,0.013898953581928953,167,5,50,1000,395
MAFF,SSA,0.25,2.0,0.008756477430146448,167,5,50,1000,396
KLRB1,SSA,0.25,2.0,0.06815098714749004,167,5,50,1000,397
GPR141,SSA,0.25,1.0,0.00689890477750176,167,5,50,1000,398
FMR1,SSA,0.25,1.0,0.004353268836350867,167,5,50,1000,399
E2F3,SSA,0.25,1.0,0.01930742886475684,167,5,50,1000,400
CNTD1,SSA,0.25,1.0,0.00472883517866217,167,5,50,1000,401
LARP1B,SSA,0.25,1.0,0.007325520518538416,167,5,50,1000,402
DCST1,SSA,0.25,1.0,0.019677763429033497,167,5,50,1000,403
CALCB,SSA,0.25,1.0,0.005276312135517912,167,5,50,1000,404
CST6,SSA,0.25,1.0,0.019773056011192336,167,5,50,1000,405
BSPRY,SSA,0.25,1.0,0.030932622828096314,167,5,50,1000,406
GPR15,SSA,0.25,3.0,0.013739308338100402,167,5,50,1000,407
LOC101927789,SSA,0.25,1.0,0.028161573180370183,167,5,50,1000,408
LOC105377975,SSA,0.25,1.0,0.03145885510210626,167,5,50,1000,409
FNDC1-AS1,SSA,0.25,1.0,0.03461046286860824,167,5,50,1000,410
GLDC,SSA,0.25,1.0,0.017159201952998707,167,5,50,1000,411
CGAS,SSA,0.25,1.0,0.006218405790000384,167,5,50,1000,412
KCNK15,SSA,0.25,1.0,0.013998483989250382,167,5,50,1000,413
KLRG1,SSA,0.25,1.0,0.01856359611742948,167,5,50,1000,414
LARP7,SSA,0.25,1.0,0.0016029596336325936,167,5,50,1000,415
GALNT18,SSA,0.25,1.0,0.02643848581902721,167,5,50,1000,416
LINC01482,SSA,0.25,2.0,0.033759157579477644,167,5,50,1000,417
JAKMIP2,SSA,0.25,1.0,0.007766499085161329,167,5,50,1000,418
DDC,SSA,0.25,1.0,0.0004628961093069693,167,5,50,1000,419
KCNK3,SSA,0.25,1.0,0.013276282058598946,167,5,50,1000,420
ANXA2P2,SSA,0.25,1.0,3.1049585646650906e-05,167,5,50,1000,421
ADAMTSL3,SSA,0.25,1.0,0.018121705022289825,167,5,50,1000,422
ATP5ME,SSA,0.25,1.0,0.004516502335069387,167,5,50,1000,423
CAMK4,SSA,0.25,1.0,0.011386386025277423,167,5,50,1000,424
ANXA8,SSA,0.25,1.0,0.010547579601343945,167,5,50,1000,425
BTN2A2,SSA,0.25,1.0,0.01952192530072914,167,5,50,1000,426
ECI2-DT,SSA,0.25,1.0,0.006277160791887978,167,5,50,1000,427
CHCHD6,SSA,0.25,1.0,0.0024235083944454056,167,5,50,1000,428
LOC101927314,SSA,0.25,2.0,0.01561451835173606,167,5,50,1000,429
CAMSAP3,SSA,0.25,1.0,0.004795234382983425,167,5,50,1000,430
FBXO3-DT,SSA,0.25,1.0,0.008228856164078839,167,5,50,1000,431
LINC02897,SSA,0.25,1.0,0.0076826856024941464,167,5,50,1000,432
HDAC11-AS1,SSA,0.25,1.0,0.02383779508570285,167,5,50,1000,433
LOC102724751,SSA,0.25,1.0,0.0003997550437178921,167,5,50,1000,434
LINC01003,SSA,0.25,1.0,0.019464885374157512,167,5,50,1000,435
CD38,SSA,0.25,1.0,0.07763171560117935,167,5,50,1000,436
GAPDH,SSA,0.25,1.0,0.01001849771020371,167,5,50,1000,437
LINC01488,SSA,0.25,1.0,0.016502901879790477,167,5,50,1000,438
LINC00299,SSA,0.25,1.0,0.01765368406606562,167,5,50,1000,439
KIF3A,SSA,0.25,1.0,1.0681946746406291e-05,167,5,50,1000,440
LOC285762,SSA,0.25,1.0,0.0013424248881312593,167,5,50,1000,441
ATP6V1C2,SSA,0.25,1.0,0.010645293262046414,167,5,50,1000,442
CTDSPL,SSA,0.25,1.0,0.029302082074153663,167,5,50,1000,443
DNAJB7,SSA,0.25,1.0,0.002361145243818821,167,5,50,1000,444
LINC01490,SSA,0.25,1.0,0.007213062777425493,167,5,50,1000,445
CD48,SSA,0.25,1.0,0.08461170017828422,167,5,50,1000,446
DNAJB9,SSA,0.25,1.0,0.02819383009921401,167,5,50,1000,447
CHIT1,SSA,0.25,2.0,0.03718140701686458,167,5,50,1000,448
CTLA4,SSA,0.25,1.0,0.04759168156786872,167,5,50,1000,449
GLS2,SSA,0.25,1.0,0.007674833843379296,167,5,50,1000,450
CHKB-DT,SSA,0.25,1.0,0.019896154388635602,167,5,50,1000,451
CD68,SSA,0.25,1.0,0.04582822202876958,167,5,50,1000,452
CD69,SSA,0.25,1.0,0.04594887194661485,167,5,50,1000,453
CD70,SSA,0.25,1.0,0.06165626892380485,167,5,50,1000,454
CD72,SSA,0.25,1.0,0.0413012354341086,167,5,50,1000,455
ADGRF5-AS1,SSA,0.25,1.0,0.051712992889463495,167,5,50,1000,456
C11orf52,SSA,0.25,1.0,0.046003305812159896,167,5,50,1000,457
GLTP,SSA,0.25,1.0,0.05012236462082491,167,5,50,1000,458
FAM171B,SSA,0.25,1.0,0.033798347127301155,167,5,50,1000,459
CD8B,SSA,0.25,1.0,0.04007399084081484,167,5,50,1000,460
GUSBP2,SSA,0.25,1.0,0.0016071337057346384,167,5,50,1000,461
GLUD1P2,SSA,0.25,1.0,0.021786216831948542,167,5,50,1000,462
KCNN1,SSA,0.25,1.0,0.006517407419815109,167,5,50,1000,463
LINC01873,SSA,0.25,1.0,0.01837873799658548,167,5,50,1000,464
LINC02449,SSA,0.25,1.0,0.011694462367568546,167,5,50,1000,465
HDHD3,SSA,0.25,1.0,0.05012236462082491,167,5,50,1000,466
FBXW5,SSA,0.25,1.0,0.028745285599997245,167,5,50,1000,467
CDA,SSA,0.25,1.0,0.0011071081109806052,167,5,50,1000,468
KCNN4,SSA,0.25,1.0,0.029059922950900395,167,5,50,1000,469
GXYLT2,SSA,0.25,1.0,0.004061810250320992,167,5,50,1000,470
AURKA,SSA,0.25,1.0,0.002441501257709773,167,5,50,1000,471
GPR65,SSA,0.25,1.0,0.03577934753250577,167,5,50,1000,472
DDX53,SSA,0.25,1.0,0.0005171299288946348,167,5,50,1000,473
LOC100996664,SSA,0.25,1.0,0.0031098234729020095,167,5,50,1000,474
FCER1G,SSA,0.25,2.0,0.03180086481207765,167,5,50,1000,475
CDC25B,SSA,0.25,1.0,0.005140728598062503,167,5,50,1000,476
C14orf39,SSA,0.25,1.0,0.025462342535513275,167,5,50,1000,477
MDM4,SSA,0.25,1.0,0.0010684259189777572,167,5,50,1000,478
LHFPL4,SSA,0.25,1.0,0.01414131593783124,167,5,50,1000,479
APOE,SSA,0.25,1.0,0.021691069838275755,167,5,50,1000,480
EFCAB12,SSA,0.25,1.0,0.02251372094899834,167,5,50,1000,481
CTSV,SSA,0.25,1.0,0.02946337203031571,167,5,50,1000,482
JPH4,SSA,0.25,1.0,8.533313106220786e-05,167,5,50,1000,483
APOLD1,SSA,0.25,1.0,0.018452437109099693,167,5,50,1000,484
ADRB3,SSA,0.25,1.0,0.016454649036102668,167,5,50,1000,485
GASK1B,SSA,0.25,1.0,3.271346191086926e-05,167,5,50,1000,486
LINC02458,SSA,0.25,2.0,0.017021961119692855,167,5,50,1000,487
MCUB,SSA,0.25,1.0,0.04452573387373415,167,5,50,1000,488
CDC6,SSA,0.25,1.0,0.027990430622009576,167,5,50,1000,489
FOXO6,SSA,0.25,1.0,0.022032801098880225,167,5,50,1000,490
LOC100286922,SSA,0.25,1.0,0.0005171299288946348,167,5,50,1000,491
LOC100996842,SSA,0.25,1.0,0.006810408672505659,167,5,50,1000,492
CHST1,SSA,0.25,1.0,0.019773205132730707,167,5,50,1000,493
HOOK2,SSA,0.25,1.0,0.026504955901710908,167,5,50,1000,494
DNMT3A,SSA,0.25,1.0,0.006057039342402668,167,5,50,1000,495
LINC01886,SSA,0.25,1.0,0.01124260355029586,167,5,50,1000,496
MEG3,SSA,0.25,1.0,0.016666507411080413,167,5,50,1000,497
DNPH1,SSA,0.25,1.0,0.006379166798973984,167,5,50,1000,498
LZIC,SSA,0.25,1.0,0.006676216716503932,167,5,50,1000,499
GATD1-DT,SSA,0.25,1.0,0.028537863891886357,167,5,50,1000,500
KRTAP5-11,SSA,0.25,1.0,0.003425405292141097,167,5,50,1000,501
ERI3,SSA,0.25,1.0,0.0071517302521369236,167,5,50,1000,502
GNAL,SSA,0.25,1.0,0.003932667183211119,167,5,50,1000,503
LOC105378305,SSA,0.25,1.0,0.012192536857382938,167,5,50,1000,504
MAMLD1,SSA,0.25,1.0,0.02816794933086386,167,5,50,1000,505
MACO1,SSA,0.25,3.0,0.01906794256400688,167,5,50,1000,506
KCTD17,SSA,0.25,1.0,0.02522121302757725,167,5,50,1000,507
CXCL10,SSA,0.25,1.0,0.07381507381507382,167,5,50,1000,508
GBP1,SSA,0.25,1.0,0.029372057170613527,167,5,50,1000,509
CORO1A,SSA,0.25,1.0,0.05085674845964034,167,5,50,1000,510
HEMK1,SSA,0.25,1.0,0.018679945599154448,167,5,50,1000,511
BABAM2-AS1,SSA,0.25,1.0,0.028981921990777933,167,5,50,1000,512
ARFIP2,SSA,0.25,1.0,0.01873096052524134,167,5,50,1000,513
FRG1CP,SSA,0.25,1.0,0.0012488280631765382,167,5,50,1000,514
BAG1,SSA,0.25,1.0,0.017792493086673276,167,5,50,1000,515
ILF3-DT,SSA,0.25,1.0,0.01790164922998812,167,5,50,1000,516
AGPAT2,SSA,0.25,1.0,0.02223597430140591,167,5,50,1000,517
COTL1,SSA,0.25,1.0,0.016195208237249716,167,5,50,1000,518
LOC100287808,SSA,0.25,1.0,0.02042880586180932,167,5,50,1000,519
FERMT1,SSA,0.25,1.0,0.020129211583808548,167,5,50,1000,520
CXCR2,SSA,0.25,1.0,0.0035282751961960507,167,5,50,1000,521
CIDECP1,SSA,0.25,1.0,0.010810505644553471,167,5,50,1000,522
LOC101926908,SSA,0.25,1.0,0.004064404640312497,167,5,50,1000,523
CXCR6,SSA,0.25,1.0,0.0461887202436078,167,5,50,1000,524
DOLK,SSA,0.25,1.0,0.02353370565203084,167,5,50,1000,525
FAM227B,SSA,0.25,1.0,0.0027473528495795705,167,5,50,1000,526
KRT12,SSA,0.25,1.0,0.020455806657490295,167,5,50,1000,527
CDK20,SSA,0.25,1.0,0.013137846977046204,167,5,50,1000,528
AHDC1,SSA,0.25,1.0,0.010660260923155926,167,5,50,1000,529
C1orf35,SSA,0.25,1.0,0.026905528904701145,167,5,50,1000,530
LINC02961,SSA,0.25,1.0,0.01361117620207969,167,5,50,1000,531
GRAPL,SSA,0.25,1.0,0.0011382628901691577,167,5,50,1000,532
ARHGAP27P2,SSA,0.25,1.0,0.00029779850608518027,167,5,50,1000,533
DENND1B,SSA,0.25,1.0,0.0122603543618196,167,5,50,1000,534
DPEP2,SSA,0.25,1.0,0.010155619335018596,167,5,50,1000,535
ARHGAP30,SSA,0.25,1.0,0.04887119945715552,167,5,50,1000,536
AHSP,SSA,0.25,1.0,0.015897310091127975,167,5,50,1000,537
HOXB-AS3,SSA,0.25,1.0,0.00014746532033256622,167,5,50,1000,538
MALT1-AS1,SSA,0.25,1.0,0.006245717403460219,167,5,50,1000,539
LINC02025,SSA,0.25,1.0,0.004064404640312497,167,5,50,1000,540
BAX,SSA,0.25,1.0,0.006844165293278484,167,5,50,1000,541
ARHGAP4,SSA,0.25,1.0,0.0354709063202033,167,5,50,1000,542
HERC6,SSA,0.25,1.0,0.014350404691140928,167,5,50,1000,543
H2BC13,SSA,0.25,1.0,0.021780401282435052,167,5,50,1000,544
CCDC103,SSA,0.25,1.0,0.0005915270403589281,167,5,50,1000,545
LINC01530,SSA,0.25,1.0,0.014676207264945675,167,5,50,1000,546
DPP10,SSA,0.25,1.0,0.0022772131794688184,167,5,50,1000,547
DPP10-AS1,SSA,0.25,1.0,0.004833826751634972,167,5,50,1000,548
H2BC20P,SSA,0.25,1.0,8.884037922150446e-05,167,5,50,1000,549
HES6,SSA,0.25,2.0,0.010515208233911605,167,5,50,1000,550
LINC02983,SSA,0.25,1.0,0.019923541462581337,167,5,50,1000,551
H2BC4,SSA,0.25,1.0,0.012899118317957247,167,5,50,1000,552
DPP7,SSA,0.25,1.0,0.01952192530072914,167,5,50,1000,553
DERL2,SSA,0.25,1.0,0.0022265600013085395,167,5,50,1000,554
KLF2,SSA,0.25,1.0,0.005053228432721825,167,5,50,1000,555
MGARP,SSA,0.25,1.0,0.031576379118702286,167,5,50,1000,556
MIOX,SSA,0.25,1.0,0.0307445202670883,167,5,50,1000,557
MIP,SSA,0.25,1.0,0.013200454488237704,167,5,50,1000,558
MIR155,SSA,0.25,1.0,0.10829328403058565,167,5,50,1000,559
MIR155HG,SSA,0.25,1.0,0.08120718648555585,167,5,50,1000,560
MIR217,SSA,0.25,1.0,0.022952013323150475,167,5,50,1000,561
MIR3681,SSA,0.25,1.0,0.022688637924094986,167,5,50,1000,562
MIR378D2HG,SSA,0.25,1.0,0.023674699142438266,167,5,50,1000,563
MIR4261,SSA,0.25,1.0,0.07729060265332048,167,5,50,1000,564
MIR4464,SSA,0.25,1.0,0.02118165235574142,167,5,50,1000,565
MIR4499,SSA,0.25,1.0,0.025066998274658626,167,5,50,1000,566
MIR4652,SSA,0.25,1.0,0.02182054878843954,167,5,50,1000,567
MIR4778,SSA,0.25,1.0,0.07237390285245116,167,5,50,1000,568
MIR5090,SSA,0.25,1.0,0.04024430192540037,167,5,50,1000,569
MIR543,SSA,0.25,1.0,0.02916238223936082,167,5,50,1000,570
MIR5692C2,SSA,0.25,1.0,0.034761087800154,167,5,50,1000,571
MIR622,SSA,0.25,1.0,0.009151751923271346,167,5,50,1000,572
MIR653,SSA,0.25,1.0,0.014215571662380175,167,5,50,1000,573
MIR656,SSA,0.25,2.0,0.08491517880615627,167,5,50,1000,574
MKS1,SSA,0.25,1.0,0.01522244173530061,167,5,50,1000,575
MRM1,SSA,0.25,1.0,0.0052585638231088,167,5,50,1000,576
MRPL40,SSA,0.25,1.0,0.0007604628103642758,167,5,50,1000,577
MRS2P2,SSA,0.25,1.0,0.0007743942183700116,167,5,50,1000,578
MSR1,SSA,0.25,1.0,0.031220701579413465,167,5,50,1000,579
MSRA,SSA,0.25,1.0,0.005470356345016834,167,5,50,1000,580
MTERF1,SSA,0.25,1.0,0.004966479341761752,167,5,50,1000,581
MTMR6,SSA,0.25,1.0,1.5024739485624707e-06,167,5,50,1000,582
MUC1,SSA,0.25,1.0,0.003780449442074829,167,5,50,1000,583
NDRG2,SSA,0.25,1.0,0.05809977597537546,167,5,50,1000,584
NEURL3,SSA,0.25,2.0,0.026377808259449874,167,5,50,1000,585
NIPA1,SSA,0.25,1.0,0.002755983986927301,167,5,50,1000,586
NKAIN1,SSA,0.25,1.0,0.03711229841634816,167,5,50,1000,587
NLRP1,SSA,0.25,1.0,0.0038815941253298636,167,5,50,1000,588
NOSTRIN,SSA,0.25,1.0,0.020154872371808196,167,5,50,1000,589
NPM1,SSA,0.25,1.0,0.004880481325182285,167,5,50,1000,590
NR5A2,SSA,0.25,1.0,0.0062137060484948135,167,5,50,1000,591
NTPCR,SSA,0.25,2.0,0.028331193258156088,167,5,50,1000,592
NUDT17,SSA,0.25,1.0,0.010711587078976141,167,5,50,1000,593
NUDT9,SSA,0.25,1.0,0.06603939085142096,167,5,50,1000,594
NUP42,SSA,0.25,1.0,0.007220996000570651,167,5,50,1000,595
NUPR2,SSA,0.25,1.0,0.01656119009237756,167,5,50,1000,596
ODC1-DT,SSA,0.25,1.0,0.0019052360030736085,167,5,50,1000,597
OGFOD3,SSA,0.25,1.0,0.04591572219411026,167,5,50,1000,598
OPRD1,SSA,0.25,1.0,0.008603589996543204,167,5,50,1000,599
OPRPN,SSA,0.25,1.0,0.014380720721728387,167,5,50,1000,600
OR1L8,SSA,0.25,1.0,0.029089096957554017,167,5,50,1000,601
OR2A14,SSA,0.25,1.0,1.3625038928682657e-05,167,5,50,1000,602
OR8G5,SSA,0.25,1.0,0.00024318879232325643,167,5,50,1000,603
P2RY12,SSA,0.25,1.0,0.0035349595987025006,167,5,50,1000,604
PABPC1L2B,SSA,0.25,2.0,0.010447416897067036,167,5,50,1000,605
PAIP2B,SSA,0.25,1.0,0.030147291110463065,167,5,50,1000,606
PAPLN-AS1,SSA,0.25,1.0,0.001401012616392839,167,5,50,1000,607
PAXIP1-DT,SSA,0.25,1.0,0.04307227976819676,167,5,50,1000,608
PCBP4,SSA,0.25,1.0,0.004516502335069387,167,5,50,1000,609
PCDHGB1,SSA,0.25,1.0,0.008884443613371198,167,5,50,1000,610
PCED1B-AS1,SSA,0.25,4.0,0.08664398227314249,167,5,50,1000,611
PCLAF,SSA,0.25,3.0,0.007014200187776942,167,5,50,1000,612
PDGFC,SSA,0.25,1.0,0.0071662063923133,167,5,50,1000,613
PDZD3,SSA,0.25,1.0,0.026328537633829023,167,5,50,1000,614
PELO,SSA,0.25,1.0,0.0007946366946818803,167,5,50,1000,615
PGAP3,SSA,0.25,1.0,0.025778374891182884,167,5,50,1000,616
PGLS-DT,SSA,0.25,1.0,0.011161047685106375,167,5,50,1000,617
PHF3,SSA,0.25,1.0,0.0020564416541011235,167,5,50,1000,618
PHLDA1,SSA,0.25,1.0,0.04795125894461783,167,5,50,1000,619
PIK3R2,SSA,0.25,1.0,0.003019360736393381,167,5,50,1000,620
PIP4K2A,SSA,0.25,1.0,0.004453319225263863,167,5,50,1000,621
PIWIL2,SSA,0.25,1.0,0.027396426288393054,167,5,50,1000,622
PKD1-AS1,SSA,0.25,1.0,0.014234104305581169,167,5,50,1000,623
PKNOX2,SSA,0.25,1.0,0.002908789564416943,167,5,50,1000,624
PLA1A,SSA,0.25,1.0,0.031734920858436814,167,5,50,1000,625
PLA2G10,SSA,0.25,1.0,0.014446887443859517,167,5,50,1000,626
PLA2G12A,SSA,0.25,1.0,0.03718385662424029,167,5,50,1000,627
PLEKHJ1,SSA,0.25,1.0,0.013509366252200181,167,5,50,1000,628
PLXNC1,SSA,0.25,1.0,0.0378592272389265,167,5,50,1000,629
PMCH,SSA,0.25,1.0,0.08329752746769647,167,5,50,1000,630
POLRMT,SSA,0.25,1.0,0.0026080853148522333,167,5,50,1000,631
POU2F1,SSA,0.25,1.0,0.0008639202095816607,167,5,50,1000,632
POU3F3,SSA,0.25,1.0,0.024855075899079353,167,5,50,1000,633
PPFIBP1,SSA,0.25,1.0,0.016043077367976156,167,5,50,1000,634
PPIG,SSA,0.25,1.0,0.0031973290836510783,167,5,50,1000,635
PRDX6,SSA,0.25,1.0,0.007715202943009855,167,5,50,1000,636
PRELP,SSA,0.25,1.0,0.00017091114794250066,167,5,50,1000,637
PRICKLE2-AS2,SSA,0.25,1.0,0.03915036091727822,167,5,50,1000,638
PRKAG2-AS2,SSA,0.25,2.0,0.006331963706882486,167,5,50,1000,639
PSG8-AS1,SSA,0.25,1.0,0.003974105792748786,167,5,50,1000,640
PTPRU,SSA,0.25,1.0,0.01398838480160934,167,5,50,1000,641
PURG,SSA,0.25,1.0,0.0036407893649682338,167,5,50,1000,642
PWWP3B,SSA,0.25,1.0,0.005383280686924412,167,5,50,1000,643
RAB44,SSA,0.25,2.0,0.044492386848276576,167,5,50,1000,644
RAB5IF,SSA,0.25,1.0,0.006642877359275889,167,5,50,1000,645
RACK1,SSA,0.25,1.0,0.00033051445382142273,167,5,50,1000,646
RASD1,SSA,0.25,1.0,0.02944211571978234,167,5,50,1000,647
RASGEF1B,SSA,0.25,1.0,0.015323419513137738,167,5,50,1000,648
RASSF7,SSA,0.25,2.0,0.02663814642520516,167,5,50,1000,649
RCSD1,SSA,0.25,1.0,0.050764658395307076,167,5,50,1000,650
RELT,SSA,0.25,1.0,0.006962060619775551,167,5,50,1000,651
REPS2,SSA,0.25,1.0,0.0008886836077764218,167,5,50,1000,652
RGL2,SSA,0.25,1.0,0.015199785540944751,167,5,50,1000,653
RIBC2,SSA,0.25,2.0,0.019238513709986513,167,5,50,1000,654
RIMS4,SSA,0.25,1.0,0.007161372656717237,167,5,50,1000,655
RMC1,SSA,0.25,1.0,0.006743145789086883,167,5,50,1000,656
RNASE8,SSA,0.25,1.0,0.03316054672615088,167,5,50,1000,657
RNF122,SSA,0.25,1.0,1.9828752501865237e-05,167,5,50,1000,658
RNF185,SSA,0.25,1.0,0.0010024756663375432,167,5,50,1000,659
ROGDI,SSA,0.25,1.0,0.030076398034204692,167,5,50,1000,660
RORC,SSA,0.25,1.0,0.006676216716503932,167,5,50,1000,661
RPS25,SSA,0.25,1.0,6.008595044853537e-06,167,5,50,1000,662
RRAGD,SSA,0.25,1.0,0.06592968466684573,167,5,50,1000,663
RTL4,SSA,0.25,1.0,0.010489205423640489,167,5,50,1000,664
RTN3,SSA,0.25,1.0,0.028883984002282603,167,5,50,1000,665
RUNDC3A-AS1,SSA,0.25,1.0,0.037368541728857736,167,5,50,1000,666
SAMMSON,SSA,0.25,2.0,0.003804393570475442,167,5,50,1000,667
SCARNA13,SSA,0.25,1.0,0.009653764039728953,167,5,50,1000,668
SCARNA20,SSA,0.25,1.0,0.01173442330328155,167,5,50,1000,669
SCAT8,SSA,0.25,2.0,0.0001729793360814377,167,5,50,1000,670
SCUBE1-AS1,SSA,0.25,2.0,0.021931226120502488,167,5,50,1000,671
SDHAF3,SSA,0.25,1.0,0.011369763973624105,167,5,50,1000,672
SEMA3B-AS1,SSA,0.25,1.0,0.018684246679957522,167,5,50,1000,673
SETD6,SSA,0.25,1.0,0.01762938476701819,167,5,50,1000,674
SFI1,SSA,0.25,1.0,0.00103870436916166,167,5,50,1000,675
SFTA1P,SSA,0.25,1.0,6.839149975211112e-05,167,5,50,1000,676
SGIP1,SSA,0.25,1.0,0.007380740768668224,167,5,50,1000,677
SH2D4A,SSA,0.25,1.0,0.007466054880420824,167,5,50,1000,678
SH3GL2,SSA,0.25,1.0,0.0078035960002249515,167,5,50,1000,679
SHANK2-AS3,SSA,0.25,1.0,0.012121416464111768,167,5,50,1000,680
SHC2,SSA,0.25,2.0,0.008337301161924588,167,5,50,1000,681
SHISA8,SSA,0.25,1.0,0.003720395157760729,167,5,50,1000,682
SHLD2P3,SSA,0.25,2.0,9.218016736813732e-05,167,5,50,1000,683
SHMT1,SSA,0.25,1.0,0.0148478192651125,167,5,50,1000,684
SIGIRR,SSA,0.25,1.0,0.005867768598489783,167,5,50,1000,685
SIX4,SSA,0.25,1.0,0.00031454029935249633,167,5,50,1000,686
SLAMF6,SSA,0.25,1.0,0.058232407817256526,167,5,50,1000,687
SLC13A5,SSA,0.25,1.0,2.173152440124218e-06,167,5,50,1000,688
SLC16A11,SSA,0.25,1.0,0.014182328897223777,167,5,50,1000,689
SLC2A1-DT,SSA,0.25,1.0,0.013805736079256139,167,5,50,1000,690
SLC35B2,SSA,0.25,2.0,0.04452573387373415,167,5,50,1000,691
SLC43A1,SSA,0.25,1.0,0.004320095691874178,167,5,50,1000,692
SLC4A11,SSA,0.25,1.0,0.009184797016950503,167,5,50,1000,693
SLC8A1,SSA,0.25,1.0,0.00785940922408634,167,5,50,1000,694
SMG1P7,SSA,0.25,1.0,0.00879285316547472,167,5,50,1000,695
SNAP23,SSA,0.25,1.0,0.003780449442074829,167,5,50,1000,696
SNAP25-AS1,SSA,0.25,1.0,0.014491400733448161,167,5,50,1000,697
SNORA115,SSA,0.25,1.0,0.021770334928229666,167,5,50,1000,698
SNORA74A,SSA,0.25,1.0,0.00040230398855668666,167,5,50,1000,699
SNORA87,SSA,0.25,2.0,0.0028084959069270814,167,5,50,1000,700
SNORD142,SSA,0.25,1.0,0.03185565724265415,167,5,50,1000,701
SNORD14C,SSA,0.25,1.0,0.05119558723520552,167,5,50,1000,702
SNORD2,SSA,0.25,1.0,0.0035425101214574895,167,5,50,1000,703
SNORD99,SSA,0.25,1.0,0.006649222528669561,167,5,50,1000,704
SNRNP25,SSA,0.25,1.0,0.007048457524803503,167,5,50,1000,705
SNX20,SSA,0.25,1.0,0.08592395230026754,167,5,50,1000,706
SOX10,SSA,0.25,2.0,0.029793660256260755,167,5,50,1000,707
SOX2,SSA,0.25,1.0,0.027444299593723003,167,5,50,1000,708
SOX2-OT,SSA,0.25,1.0,0.032977214197525646,167,5,50,1000,709
SPINT2,SSA,0.25,1.0,0.0579029944876565,167,5,50,1000,710
SRD5A2,SSA,0.25,1.0,0.012164589916113537,167,5,50,1000,711
SREK1IP1,SSA,0.25,1.0,0.0018226488899600512,167,5,50,1000,712
ST8SIA4,SSA,0.25,1.0,0.028430767025230952,167,5,50,1000,713
TAPT1-AS1,SSA,0.25,1.0,0.014782837702710487,167,5,50,1000,714
TENM2-AS1,SSA,0.25,1.0,0.007784260802836656,167,5,50,1000,715
TEX41,SSA,0.25,1.0,6.761376720642558e-05,167,5,50,1000,716
THAP2,SSA,0.25,1.0,0.004326355337712461,167,5,50,1000,717
TLE5,SSA,0.25,1.0,0.016719291249495272,167,5,50,1000,718
TMC3-AS1,SSA,0.25,1.0,0.028045063863301724,167,5,50,1000,719
TMEM17_1,SSA,0.25,1.0,0.028331193258156088,167,5,50,1000,720
TMEM175,SSA,0.25,1.0,0.026504955901710908,167,5,50,1000,721
TMEM267,SSA,0.25,1.0,0.0025046244275509274,167,5,50,1000,722
TMPRSS4,SSA,0.25,1.0,0.011865269424608948,167,5,50,1000,723
TNFRSF11A,SSA,0.25,1.0,0.03162127137691048,167,5,50,1000,724
TNFRSF12A,SSA,0.25,1.0,0.024932706864974234,167,5,50,1000,725
TNFSF13B,SSA,0.25,1.0,0.05365825589930331,167,5,50,1000,726
TRAM2,SSA,0.25,1.0,0.006619650504652026,167,5,50,1000,727
TRMT10A,SSA,0.25,1.0,0.012668162945920687,167,5,50,1000,728
TRPM8,SSA,0.25,1.0,0.005627788080908835,167,5,50,1000,729
TSC22D1-AS1,SSA,0.25,1.0,0.010033699187943182,167,5,50,1000,730
TSPOAP1,SSA,0.25,1.0,0.014623585095830208,167,5,50,1000,731
TSSC2,SSA,0.25,1.0,0.003618155914337545,167,5,50,1000,732
TSSC4,SSA,0.25,1.0,0.005377734291498394,167,5,50,1000,733
TTC28,SSA,0.25,1.0,0.00879095008781103,167,5,50,1000,734
TTC41P,SSA,0.25,1.0,0.0005712661853140405,167,5,50,1000,735
TTC6,SSA,0.25,1.0,0.0008569511493488103,167,5,50,1000,736
TUSC3,SSA,0.25,1.0,0.009977647609169603,167,5,50,1000,737
TXNDC17,SSA,0.25,1.0,0.005930525035624921,167,5,50,1000,738
UBE2B,SSA,0.25,1.0,0.006743145789086883,167,5,50,1000,739
UBXN1,SSA,0.25,1.0,6.025285586644798e-05,167,5,50,1000,740
USP17L30,SSA,0.25,1.0,0.02150813401416975,167,5,50,1000,741
PLCXD2-AS1,SSA,0.23214285714285715,7.0,0.036583717637193355,167,5,50,1000,742
HSF4,SSA,0.1875,2.0,0.01762938476701819,167,5,50,1000,743
HLA-DQA1,SSA,0.1875,2.0,0.10910144006411844,167,5,50,1000,744
BAHCC1,SSA,0.1875,2.0,0.015874545175011533,167,5,50,1000,745
LINC02245,SSA,0.1875,2.0,0.01895235223902638,167,5,50,1000,746
RNF151,SSA,0.1875,2.0,0.020356864323694587,167,5,50,1000,747
IL15RA,SSA,0.1875,2.0,0.009295964156060073,167,5,50,1000,748
LINC02753,SSA,0.1875,2.0,0.018299689817713176,167,5,50,1000,749
ARHGEF10,SSA,0.1875,2.0,0.025629139211706745,167,5,50,1000,750
PSMB8-AS1,SSA,0.1875,2.0,0.09276106583963924,167,5,50,1000,751
MAGEA3,SSA,0.1875,2.0,0.015184815184815188,167,5,50,1000,752
ARHGAP23,SSA,0.1875,2.0,0.02469473204001834,167,5,50,1000,753
PIGQ,SSA,0.1875,2.0,0.04007399084081484,167,5,50,1000,754
LINC02861,SSA,0.1875,2.0,0.001962178368061707,167,5,50,1000,755
GPR37,SSA,0.1875,2.0,0.026145160983560768,167,5,50,1000,756
RTBDN,SSA,0.1875,2.0,0.0231031438461779,167,5,50,1000,757
FBXO27,SSA,0.16666666666666666,3.0,0.05012236462082491,167,5,50,1000,758
GMEB1,SSA,0.15625,2.0,0.006653301596542049,167,5,50,1000,759
IFI44,SSA,0.15625,2.0,0.08178365477717317,167,5,50,1000,760
HLA-B,SSA,0.15625,2.0,0.11484265262947596,167,5,50,1000,761
MIR6765,SSA,0.14583333333333334,3.0,0.0985730463021917,167,5,50,1000,762
ZP3,SSA,0.125,1.0,7.014200187776943e-05,167,5,50,1000,763
CST7,SSA,0.125,1.0,0.06954452220799681,167,5,50,1000,764
KTN1-AS1,SSA,0.125,1.0,0.011562198069651678,167,5,50,1000,765
CPNE5,SSA,0.125,1.0,0.08108415417070144,167,5,50,1000,766
C22orf39,SSA,0.125,1.0,0.0009767722319790032,167,5,50,1000,767
ING5,SSA,0.125,1.0,0.0001502148761213384,167,5,50,1000,768
CPO,SSA,0.125,1.0,0.009257759784075576,167,5,50,1000,769
ZSCAN2,SSA,0.125,1.0,0.0053179821518856835,167,5,50,1000,770
GDF9,SSA,0.125,1.0,0.006701353625159711,167,5,50,1000,771
IGLVIV-59,SSA,0.125,1.0,0.0911505537358461,167,5,50,1000,772
LINC00886,SSA,0.125,1.0,0.010666963191227662,167,5,50,1000,773
DGKE,SSA,0.125,1.0,0.0008045623977345175,167,5,50,1000,774
LINC01791,SSA,0.125,1.0,0.008789802422821142,167,5,50,1000,775
PRAMEF7,SSA,0.125,1.0,0.005031113464848406,167,5,50,1000,776
LOC441052,SSA,0.125,1.0,0.033581589023592096,167,5,50,1000,777
ID2-AS1,SSA,0.125,1.0,0.01076806994204919,167,5,50,1000,778
LOC105369147,SSA,0.125,1.0,3.3805663842655596e-06,167,5,50,1000,779
FGFRL1,SSA,0.125,2.0,0.041559615965654884,167,5,50,1000,780
KRT36,SSA,0.125,1.0,0.0695933525991206,167,5,50,1000,781
ZNF385D,SSA,0.125,1.0,2.0395671819312895e-05,167,5,50,1000,782
ZNF385D-AS1,SSA,0.125,1.0,0.0106512205006028,167,5,50,1000,783
CRAMP1,SSA,0.125,1.0,0.0021881717551886413,167,5,50,1000,784
LINC01550,SSA,0.125,1.0,0.009734299509853033,167,5,50,1000,785
GFI1,SSA,0.125,1.0,0.038006447656411375,167,5,50,1000,786
HTRA4,SSA,0.125,1.0,0.00914841041779146,167,5,50,1000,787
GLB1L,SSA,0.125,1.0,0.003479888686147577,167,5,50,1000,788
KIF1C,SSA,0.125,1.0,0.05913135081084195,167,5,50,1000,789
IQCK,SSA,0.125,1.0,0.018286324491922173,167,5,50,1000,790
PSMB8,SSA,0.125,1.0,0.07548401840983453,167,5,50,1000,791
ATP11A-AS1,SSA,0.125,1.0,0.0007402535727361557,167,5,50,1000,792
LOC100630923,SSA,0.125,1.0,0.006878005366760262,167,5,50,1000,793
PTENP1,SSA,0.125,1.0,0.019780308638550178,167,5,50,1000,794
PTGER4,SSA,0.125,1.0,0.009355817532509265,167,5,50,1000,795
ITPKB-IT1,SSA,0.125,1.0,9.716176342288988e-06,167,5,50,1000,796
LINC01975,SSA,0.125,1.0,0.010971560920434624,167,5,50,1000,797
PTPN22,SSA,0.125,1.0,0.04575283555021208,167,5,50,1000,798
CD79B,SSA,0.125,1.0,0.07946366946818803,167,5,50,1000,799
FAM170B,SSA,0.125,1.0,0.008730155101518292,167,5,50,1000,800
PWRN3,SSA,0.125,1.0,0.0006209587637383933,167,5,50,1000,801
ARAP1,SSA,0.125,1.0,0.00038455008287062637,167,5,50,1000,802
PYHIN1,SSA,0.125,1.0,0.027581658265282766,167,5,50,1000,803
RAB28,SSA,0.125,1.0,0.0028642638767980987,167,5,50,1000,804
LINC01169,SSA,0.125,1.0,2.041110246406095e-06,167,5,50,1000,805
HEPACAM2,SSA,0.125,1.0,0.01597779397722293,167,5,50,1000,806
LINC02872,SSA,0.125,1.0,0.012738992230200162,167,5,50,1000,807
ZNF556,SSA,0.125,1.0,0.037262677707849516,167,5,50,1000,808
FCHO1,SSA,0.125,1.0,0.025338556850457616,167,5,50,1000,809
DND1,SSA,0.125,1.0,0.0024252580936688878,167,5,50,1000,810
LINC00330,SSA,0.125,1.0,0.0019109001296813374,167,5,50,1000,811
LINC01833,SSA,0.125,1.0,0.00488464045433392,167,5,50,1000,812
RB1-DT,SSA,0.125,1.0,0.018855005713157194,167,5,50,1000,813
RBBP8NL,SSA,0.125,1.0,0.028468890227933967,167,5,50,1000,814
ZNF582-DT,SSA,0.125,1.0,0.006676698406021718,167,5,50,1000,815
RBPMS-AS1,SSA,0.125,2.0,0.020387538524378353,167,5,50,1000,816
DNAJC1,SSA,0.125,1.0,0.0075013971026638175,167,5,50,1000,817
FLRT3,SSA,0.125,1.0,0.03933104334425884,167,5,50,1000,818
CHID1,SSA,0.125,1.0,0.06986811008697486,167,5,50,1000,819
MYZAP,SSA,0.125,1.0,0.05663205145660655,167,5,50,1000,820
PRELID3A,SSA,0.125,1.0,0.021286440323394416,167,5,50,1000,821
HBA1,SSA,0.125,1.0,0.012212511155019295,167,5,50,1000,822
RHOB,SSA,0.125,1.0,0.012945559750491423,167,5,50,1000,823
NCF1,SSA,0.125,1.0,0.07992499604329845,167,5,50,1000,824
MRPL12,SSA,0.125,1.0,0.022296936505298483,167,5,50,1000,825
C10orf88,SSA,0.125,1.0,0.005962028433255924,167,5,50,1000,826
AKAP17A,SSA,0.125,1.0,6.008595044853537e-06,167,5,50,1000,827
C10orf71-AS1,SSA,0.125,1.0,0.024373503562060257,167,5,50,1000,828
ZNF740,SSA,0.125,1.0,6.676216716503931e-05,167,5,50,1000,829
MEIS1,SSA,0.125,1.0,0.009936880960844451,167,5,50,1000,830
RNF126P1,SSA,0.125,1.0,0.00014527590115496054,167,5,50,1000,831
RNF128,SSA,0.125,1.0,0.023283681335997758,167,5,50,1000,832
IGFLR1,SSA,0.125,1.0,0.0823688668987292,167,5,50,1000,833
GPC5-AS1,SSA,0.125,1.0,0.00037311853743175955,167,5,50,1000,834
CST5,SSA,0.125,1.0,3.677637862108941e-05,167,5,50,1000,835
NEURL1B,SSA,0.125,1.0,0.00010431588619537394,167,5,50,1000,836
NEURL2,SSA,0.125,1.0,0.003461200453681658,167,5,50,1000,837
ZYG11A,SSA,0.125,1.0,0.0012375634749956206,167,5,50,1000,838
RPL7A,SSA,0.125,1.0,0.002566337705824111,167,5,50,1000,839
RPS2,SSA,0.125,1.0,0.00017629384767018193,167,5,50,1000,840
CDK2AP2,SSA,0.125,1.0,0.003389223142487699,167,5,50,1000,841
GABPB1-IT1,SSA,0.125,1.0,2.670486686601573e-06,167,5,50,1000,842
COL26A1,SSA,0.125,1.0,0.004671484560504234,167,5,50,1000,843
GMFG,SSA,0.125,1.0,0.06540622754991736,167,5,50,1000,844
FAAHP1,SSA,0.125,1.0,0.0332698681511891,167,5,50,1000,845
BCAR3,SSA,0.125,1.0,0.01537403358111973,167,5,50,1000,846
IGFBPL1,SSA,0.125,1.0,0.0067533774409344865,167,5,50,1000,847
NLRC5,SSA,0.125,1.0,0.01578190498740281,167,5,50,1000,848
CCN1,SSA,0.125,1.0,0.017091114794250063,167,5,50,1000,849
SCAMP3,SSA,0.125,1.0,0.01823112052494759,167,5,50,1000,850
SCARB1,SSA,0.125,1.0,0.009335395561041925,167,5,50,1000,851
CDPF1,SSA,0.125,1.0,0.006444593722795721,167,5,50,1000,852
LINC00687,SSA,0.125,1.0,0.005031113464848406,167,5,50,1000,853
GPR183,SSA,0.125,1.0,0.09413482260812336,167,5,50,1000,854
ISG20,SSA,0.125,1.0,0.07392078226566512,167,5,50,1000,855
NPIPA7,SSA,0.125,1.0,0.026733733044759476,167,5,50,1000,856
LOC155060,SSA,0.125,1.0,0.00795078981169207,167,5,50,1000,857
SERPINB11,SSA,0.125,1.0,7.817898736601743e-05,167,5,50,1000,858
DLEU2,SSA,0.125,1.0,0.005546174655749387,167,5,50,1000,859
MFSD13A,SSA,0.125,1.0,0.009646342790654334,167,5,50,1000,860
HSPA5,SSA,0.125,1.0,4.0099026653501736e-05,167,5,50,1000,861
ANKLE1,SSA,0.125,1.0,2.2319609038083083e-05,167,5,50,1000,862
GAS8,SSA,0.125,1.0,0.018675088936595103,167,5,50,1000,863
CXCL3,SSA,0.125,1.0,0.01901294194527278,167,5,50,1000,864
SHANK2-AS1,SSA,0.125,1.0,0.009931568198917991,167,5,50,1000,865
MGC32805,SSA,0.125,1.0,0.0009009329397678913,167,5,50,1000,866
MIOS-DT,SSA,0.125,1.0,0.00898351721372769,167,5,50,1000,867
NXPH2,SSA,0.125,1.0,0.01897090359033679,167,5,50,1000,868
SHOX,SSA,0.125,1.0,0.0042239728730323455,167,5,50,1000,869
OAS1,SSA,0.125,1.0,0.05451335408162402,167,5,50,1000,870
FRG2,SSA,0.125,1.0,0.01505012829764337,167,5,50,1000,871
OGN,SSA,0.125,1.0,0.018452437109099693,167,5,50,1000,872
ECHDC3,SSA,0.125,1.0,0.014971457713114542,167,5,50,1000,873
SLC1A3,SSA,0.125,1.0,0.001459760775227356,167,5,50,1000,874
SLC1A4,SSA,0.125,2.0,0.027920105213837355,167,5,50,1000,875
SLC22A2,SSA,0.125,2.0,6.762572340504311e-05,167,5,50,1000,876
CERS4,SSA,0.125,1.0,0.037186539442178555,167,5,50,1000,877
IGHD3-22,SSA,0.125,2.0,0.047279186978435105,167,5,50,1000,878
CASD1,SSA,0.125,1.0,0.0028861702128991275,167,5,50,1000,879
FOLR1,SSA,0.125,1.0,0.022175095550222283,167,5,50,1000,880
SLC48A1,SSA,0.125,1.0,0.004219535870248396,167,5,50,1000,881
IFNA5,SSA,0.125,1.0,0.007133807230378935,167,5,50,1000,882
OR4F15,SSA,0.125,1.0,0.0006363857228131317,167,5,50,1000,883
SMPD1,SSA,0.125,1.0,0.0299348622398148,167,5,50,1000,884
LOC84773-CYHR1,SSA,0.125,1.0,0.013414563974825827,167,5,50,1000,885
LINC02453,SSA,0.125,1.0,0.006068480748423852,167,5,50,1000,886
GPR18,SSA,0.125,1.0,0.032866071216136335,167,5,50,1000,887
SNORA2C,SSA,0.125,1.0,0.0020081650667549376,167,5,50,1000,888
OXLD1,SSA,0.125,1.0,0.00898351721372769,167,5,50,1000,889
IQCC,SSA,0.125,1.0,0.023911245707349132,167,5,50,1000,890
LOC101927495,SSA,0.125,1.0,0.0054456671547936965,167,5,50,1000,891
MIR31HG,SSA,0.125,1.0,0.0205347710035543,167,5,50,1000,892
PARP14,SSA,0.125,1.0,0.045218057547235596,167,5,50,1000,893
MAP3K20,SSA,0.125,1.0,0.001650125773475411,167,5,50,1000,894
IGF2BP2-AS1,SSA,0.125,1.0,0.0014830896073959343,167,5,50,1000,895
SPATA32,SSA,0.125,1.0,0.006171309429454794,167,5,50,1000,896
GBP4,SSA,0.125,1.0,0.04007399084081484,167,5,50,1000,897
PCDHA13,SSA,0.125,1.0,0.01405330445582804,167,5,50,1000,898
ASIC2,SSA,0.125,1.0,0.015121688202712844,167,5,50,1000,899
ST3GAL5-AS1,SSA,0.125,1.0,0.004624943769680614,167,5,50,1000,900
PCDHGA5,SSA,0.125,1.0,0.002607897154884348,167,5,50,1000,901
SULT1E1,SSA,0.125,1.0,0.001184160666919288,167,5,50,1000,902
SULT2B1,SSA,0.125,1.0,0.013272986454081467,167,5,50,1000,903
SURF2,SSA,0.125,1.0,0.008944836883126443,167,5,50,1000,904
SYCE1L,SSA,0.125,1.0,0.00902228099703789,167,5,50,1000,905
C9orf153,SSA,0.125,1.0,0.008779445695912687,167,5,50,1000,906
G6PC3,SSA,0.125,1.0,0.02637209918905248,167,5,50,1000,907
DISP2,SSA,0.125,1.0,0.007895669426127854,167,5,50,1000,908
TEKT5,SSA,0.125,1.0,0.006880458014615857,167,5,50,1000,909
COPG2IT1,SSA,0.125,1.0,0.023069944202435837,167,5,50,1000,910
TFPI2,SSA,0.125,1.0,0.0495750817554895,167,5,50,1000,911
LINC02403,SSA,0.125,1.0,0.009598545271059893,167,5,50,1000,912
LINC01273,SSA,0.125,1.0,0.005040900143371226,167,5,50,1000,913
GLIDR,SSA,0.125,1.0,0.008869646278401245,167,5,50,1000,914
ASB4,SSA,0.125,1.0,0.02720159957002063,167,5,50,1000,915
ELOVL6,SSA,0.125,1.0,0.014673030825886817,167,5,50,1000,916
LOC100129066,SSA,0.125,1.0,0.011774624144298237,167,5,50,1000,917
TMBIM6,SSA,0.125,1.0,0.018899076007433804,167,5,50,1000,918
PDE4B-AS1,SSA,0.125,1.0,0.014451688025710669,167,5,50,1000,919
TMEM107,SSA,0.125,1.0,0.005558993575351477,167,5,50,1000,920
TMEM132A,SSA,0.125,1.0,0.007769684367428729,167,5,50,1000,921
TMEM150A,SSA,0.125,1.0,0.010875100254799507,167,5,50,1000,922
LINC00867,SSA,0.125,1.0,0.005403222975107959,167,5,50,1000,923
FNDC5,SSA,0.125,1.0,0.041642943495547736,167,5,50,1000,924
TMEM92-AS1,SSA,0.125,1.0,0.006192955918510344,167,5,50,1000,925
MIR4742,SSA,0.125,1.0,0.14004299233207304,167,5,50,1000,926
LINC01266,SSA,0.125,1.0,0.004332343709610663,167,5,50,1000,927
PEX2,SSA,0.125,1.0,0.009100058921785163,167,5,50,1000,928
PEX7,SSA,0.125,1.0,0.03316534134203308,167,5,50,1000,929
CARMN,SSA,0.125,1.0,0.013798762478985193,167,5,50,1000,930
GORASP1,SSA,0.125,1.0,0.01562835571166405,167,5,50,1000,931
TP53I3,SSA,0.125,1.0,0.005867768598489783,167,5,50,1000,932
ASAH2B,SSA,0.125,1.0,0.003271346191086926,167,5,50,1000,933
KPNB1-DT,SSA,0.125,1.0,0.0025456831603574274,167,5,50,1000,934
ASAH1-AS1,SSA,0.125,1.0,0.007397221808810025,167,5,50,1000,935
BLOC1S1-RDH5,SSA,0.125,1.0,0.005298616798778948,167,5,50,1000,936
TRIM54,SSA,0.125,1.0,0.009969383878285588,167,5,50,1000,937
CCDC85C,SSA,0.125,1.0,0.01768367075419426,167,5,50,1000,938
CARM1,SSA,0.125,1.0,0.004442068871400628,167,5,50,1000,939
HAGH,SSA,0.125,1.0,0.024932706864974234,167,5,50,1000,940
LCMT1-AS1,SSA,0.125,1.0,0.002359326364814438,167,5,50,1000,941
TSLP,SSA,0.125,1.0,0.011956064340564523,167,5,50,1000,942
PIAS4,SSA,0.125,1.0,0.004380265787698229,167,5,50,1000,943
AFDN,SSA,0.125,1.0,0.005620080958307488,167,5,50,1000,944
GRHPR,SSA,0.125,1.0,0.008078222226969757,167,5,50,1000,945
MIR600HG,SSA,0.125,1.0,0.018039994584617015,167,5,50,1000,946
TTYH1,SSA,0.125,1.0,0.009573736497821115,167,5,50,1000,947
EPN3,SSA,0.125,1.0,0.0074307961108867875,167,5,50,1000,948
TVP23A,SSA,0.125,1.0,0.009765193308715578,167,5,50,1000,949
ADH1B,SSA,0.125,1.0,0.00018176000010681952,167,5,50,1000,950
UNC5B-AS1,SSA,0.125,1.0,0.0011845220149391488,167,5,50,1000,951
UQCR11,SSA,0.125,1.0,0.0015382003314825055,167,5,50,1000,952
GGCT,SSA,0.125,1.0,0.03493434712796877,167,5,50,1000,953
CXCL5,SSA,0.125,1.0,0.027715687803248904,167,5,50,1000,954
HCG4,SSA,0.125,1.0,0.006073385678648839,167,5,50,1000,955
PLEKHO1,SSA,0.125,1.0,0.04064852101562448,167,5,50,1000,956
HINT1,SSA,0.125,1.0,0.004380265787698229,167,5,50,1000,957
FBXL18,SSA,0.125,1.0,0.02027103854267536,167,5,50,1000,958
PLPPR1,SSA,0.125,1.0,0.012185867068738991,167,5,50,1000,959
VTI1B,SSA,0.125,1.0,0.027783743487402753,167,5,50,1000,960
IFI27,SSA,0.125,1.0,0.025589905598563417,167,5,50,1000,961
MIR6816,SSA,0.125,1.0,0.05859319011707958,167,5,50,1000,962
ATXN10,SSA,0.125,1.0,0.011196182338995003,167,5,50,1000,963
WDR45,SSA,0.125,1.0,0.010981082981660143,167,5,50,1000,964
WDR53,SSA,0.125,1.0,0.0003379834712730115,167,5,50,1000,965
WIPF1,SSA,0.125,1.0,0.007536822777615766,167,5,50,1000,966
FBXO9,SSA,0.125,1.0,0.02429179006018986,167,5,50,1000,967
LOC107986794,SSA,0.125,1.0,0.008000007053280482,167,5,50,1000,968
POU2AF1,SSA,0.125,2.0,0.07130987115792148,167,5,50,1000,969
MIR941-3,SSA,0.125,1.0,0.06751257392397433,167,5,50,1000,970
FAM131B-AS2,SSA,0.125,1.0,0.0031555555574100612,167,5,50,1000,971
JRKL,SSA,0.125,1.0,0.011898520337571218,167,5,50,1000,972
DSG4,SSA,0.125,1.0,0.0023668833566712595,167,5,50,1000,973
FAM83E,SSA,0.125,1.0,0.007077941662926001,167,5,50,1000,974
ZBTB20-AS4,SSA,0.125,1.0,0.02103073587801548,167,5,50,1000,975
ZBTB32,SSA,0.125,1.0,0.04735199406845629,167,5,50,1000,976
LOC727751,SSA,0.125,1.0,0.006217059911826371,167,5,50,1000,977
PPARGC1B,SSA,0.125,1.0,0.008042124959418194,167,5,50,1000,978
MMP24OS,SSA,0.125,1.0,0.0210342552924352,167,5,50,1000,979
EXOC3L4,SSA,0.125,1.0,0.022977942433182536,167,5,50,1000,980
ZFYVE27,SSA,0.125,1.0,0.004571581122980543,167,5,50,1000,981
MPC2,SSA,0.125,1.0,0.021093548442148648,167,5,50,1000,982
LOC654780,SSA,0.125,1.0,0.011827478879502005,167,5,50,1000,983
TPTEP1,SSA,0.09375,2.0,0.03694789408966635,167,5,50,1000,984
CLCNKA,SSA,0.0625,1.0,0.015969006017250056,167,5,50,1000,985
CEACAM16,SSA,0.0625,1.0,0.00597017345664665,167,5,50,1000,986
C2orf50,SSA,0.0625,1.0,0.011283620306176701,167,5,50,1000,987
ABCC5,SSA,0.0625,1.0,0.006945935871850688,167,5,50,1000,988
LINC02382,SSA,0.0625,1.0,0.007213062777425493,167,5,50,1000,989
KLF12,SSA,0.0625,1.0,0.021932415072577368,167,5,50,1000,990
MANEAL,SSA,0.0625,1.0,0.007153278469105924,167,5,50,1000,991
IL12A,SSA,0.0625,1.0,0.03192869350977171,167,5,50,1000,992
RILPL1,SSA,0.0625,1.0,0.015987911708202265,167,5,50,1000,993
GDE1,SSA,0.0625,1.0,0.00634657851612655,167,5,50,1000,994
NDUFS6,SSA,0.0625,1.0,0.008151827516269212,167,5,50,1000,995
DBNDD2,SSA,0.0625,1.0,6.008595044853537e-06,167,5,50,1000,996
RPIA,SSA,0.0625,1.0,0.007082798314539022,167,5,50,1000,997
GCSH,SSA,0.0625,1.0,0.014623585095830208,167,5,50,1000,998
PIK3CG,SSA,0.0625,1.0,0.041319076970154446,167,5,50,1000,999
PARD6G,SSA,0.0625,1.0,0.0023239910390150183,167,5,50,1000,1000
IGHV7-4-1,SSB,1.0,2.0,0.06265983678782001,124,5,50,1000,1
PRND,SSB,1.0,12.0,0.024062142892196384,124,5,50,1000,2
BCL10-AS1,SSB,1.0,10.0,0.002308688552283349,124,5,50,1000,3
ICAM4,SSB,1.0,4.0,0.08912979710891861,124,5,50,1000,4
FAM110B,SSB,1.0,23.0,0.09432993003640275,124,5,50,1000,5
PCDHB9,SSB,1.0,3.0,0.0637541718791359,124,5,50,1000,6
MIR4778,SSB,1.0,3.0,0.05301564761179814,124,5,50,1000,7
IL12A,SSB,1.0,1.0,0.04688397844147112,124,5,50,1000,8
MIR1182,SSB,1.0,1.0,0.037397650463624074,124,5,50,1000,9
ELFN1-AS1,SSB,1.0,11.0,0.07221092385850973,124,5,50,1000,10
SLC22A17,SSB,1.0,14.0,0.10340807915216388,124,5,50,1000,11
SEC11C,SSB,1.0,1.0,0.006463004947010242,124,5,50,1000,12
SUGT1P3,SSB,1.0,9.0,0.032571598873261096,124,5,50,1000,13
MIR4428,SSB,1.0,12.0,0.13832027664999585,124,5,50,1000,14
HILPDA,SSB,1.0,3.0,0.038533283500756764,124,5,50,1000,15
ZBTB32,SSB,1.0,37.0,0.09931014580146384,124,5,50,1000,16
ENTPD1-AS1,SSB,1.0,7.0,0.007781938729040407,124,5,50,1000,17
GPR25,SSB,0.9758064516129032,31.0,0.12789368662134762,124,5,50,1000,18
MMP15,SSB,0.9318181818181818,11.0,0.07170000074656394,124,5,50,1000,19
IGLVIV-65,SSB,0.9270833333333334,12.0,0.12584263810492433,124,5,50,1000,20
LRRC51,SSB,0.875,4.0,0.055010930574631134,124,5,50,1000,21
ELK2AP,SSB,0.8541666666666666,6.0,0.08670339807957757,124,5,50,1000,22
CCL20,SSB,0.8333333333333334,3.0,0.06571689081376794,124,5,50,1000,23
MYBPC1,SSB,0.75,6.0,0.015931198858028125,124,5,50,1000,24
BNIPL,SSB,0.75,2.0,0.0465821673532913,124,5,50,1000,25
MIR494,SSB,0.7430555555555556,18.0,0.15659430282062736,124,5,50,1000,26
MIR155,SSB,0.7083333333333334,3.0,0.062382100723333854,124,5,50,1000,27
WDR17,SSB,0.6875,8.0,0.030657980283992085,124,5,50,1000,28
IGHJ1P,SSB,0.6666666666666666,3.0,0.11123512228246804,124,5,50,1000,29
MYL12-AS1,SSB,0.65625,4.0,0.009575255456325269,124,5,50,1000,30
IL26,SSB,0.625,21.0,0.042970568611461195,124,5,50,1000,31
MIR4742,SSB,0.625,2.0,0.07230003231807072,124,5,50,1000,32
ZNF2,SSB,0.625,2.0,0.03641814039810624,124,5,50,1000,33
MIR6724-2,SSB,0.5625,2.0,0.04278108421187616,124,5,50,1000,34
FAM227B,SSB,0.5625,2.0,0.04980447968505229,124,5,50,1000,35
CNEP1R1,SSB,0.5,1.0,0.00419678019417038,124,5,50,1000,36
CLIC6,SSB,0.5,1.0,0.008699531189984263,124,5,50,1000,37
FTO,SSB,0.5,1.0,0.01316420717314962,124,5,50,1000,38
CD81-AS1,SSB,0.5,1.0,0.0002609099811395364,124,5,50,1000,39
FRG1FP,SSB,0.5,1.0,0.018380590096857715,124,5,50,1000,40
LINC01180,SSB,0.5,1.0,0.011958200111510216,124,5,50,1000,41
FAM25A,SSB,0.5,1.0,0.020073167124750217,124,5,50,1000,42
DPY19L2P4,SSB,0.5,4.0,0.09008835650486684,124,5,50,1000,43
DYRK1B,SSB,0.5,1.0,3.4267511383667274e-05,124,5,50,1000,44
ST3GAL6-AS1,SSB,0.5,2.0,0.02131707470702825,124,5,50,1000,45
ST20-AS1,SSB,0.5,1.0,0.03029491686397137,124,5,50,1000,46
GCM2,SSB,0.5,5.0,0.007398681941364869,124,5,50,1000,47
LINC02315,SSB,0.5,1.0,0.00018595912116620177,124,5,50,1000,48
SRSF1,SSB,0.5,1.0,0.02280982627742429,124,5,50,1000,49
ERFE,SSB,0.5,1.0,0.02223857693551004,124,5,50,1000,50
LRP10,SSB,0.5,2.0,0.018338296791982192,124,5,50,1000,51
HYAL3,SSB,0.5,1.0,0.029888732629036983,124,5,50,1000,52
SRD5A1P1,SSB,0.5,1.0,0.015000366219878417,124,5,50,1000,53
SPSB4,SSB,0.5,2.0,0.002647894600878326,124,5,50,1000,54
CXorf49B,SSB,0.5,1.0,0.01330605222946376,124,5,50,1000,55
NRG2,SSB,0.5,1.0,0.005840498619297666,124,5,50,1000,56
KIF2A,SSB,0.5,1.0,0.0004278108421187617,124,5,50,1000,57
LOC105371046,SSB,0.5,1.0,0.00365519911356749,124,5,50,1000,58
SNORD19,SSB,0.5,1.0,0.03832861057702214,124,5,50,1000,59
EIF1AD,SSB,0.5,1.0,0.0022298250407478785,124,5,50,1000,60
CHROMR,SSB,0.5,2.0,0.005850758743622056,124,5,50,1000,61
HMMR,SSB,0.5,1.0,0.025073075346253783,124,5,50,1000,62
L1CAM-AS1,SSB,0.5,1.0,0.07928177254426953,124,5,50,1000,63
LINC02154,SSB,0.5,3.0,0.034421715184893786,124,5,50,1000,64
EIF1B,SSB,0.5,1.0,0.0030709782201789647,124,5,50,1000,65
HAUS4,SSB,0.5,1.0,0.04424636299864179,124,5,50,1000,66
NPIPA8,SSB,0.5,2.0,0.02895323215013448,124,5,50,1000,67
LINC01010,SSB,0.5,1.0,0.013605139657888263,124,5,50,1000,68
COL5A1,SSB,0.5,1.0,0.012544802867383513,124,5,50,1000,69
SLC38A7,SSB,0.5,1.0,0.0070400698387112,124,5,50,1000,70
NMB,SSB,0.5,2.0,0.03111550953657226,124,5,50,1000,71
LINC02547,SSB,0.5,1.0,5.993137608416027e-05,124,5,50,1000,72
MED29,SSB,0.5,1.0,0.008845739238554574,124,5,50,1000,73
LGALS7,SSB,0.5,1.0,0.0054305176256395785,124,5,50,1000,74
NHLH2,SSB,0.5,1.0,0.02621066258868763,124,5,50,1000,75
SLC35B2,SSB,0.5,3.0,0.04623844766041232,124,5,50,1000,76
HBA1,SSB,0.5,1.0,0.05409941477182559,124,5,50,1000,77
NDUFAF5,SSB,0.5,1.0,0.001100800910747062,124,5,50,1000,78
MED18,SSB,0.5,1.0,0.003947769611449064,124,5,50,1000,79
EIF2S1,SSB,0.5,1.0,3.898881295208367e-05,124,5,50,1000,80
NACC1,SSB,0.5,1.0,0.02112822447605732,124,5,50,1000,81
EIF2S3,SSB,0.5,2.0,0.017917948652342537,124,5,50,1000,82
FLJ45513,SSB,0.5,1.0,0.0019886849155141837,124,5,50,1000,83
SLC26A6,SSB,0.5,1.0,0.0002316483769535908,124,5,50,1000,84
KCNQ1-AS1,SSB,0.5,1.0,0.002474028183587409,124,5,50,1000,85
SHISA2,SSB,0.5,4.0,0.03264840954580165,124,5,50,1000,86
FGFBP3,SSB,0.5,1.0,0.0006336893813903011,124,5,50,1000,87
SGSH,SSB,0.5,1.0,0.006716432231198786,124,5,50,1000,88
CIB3,SSB,0.5,4.0,0.026613251639762775,124,5,50,1000,89
SERPINB2,SSB,0.5,1.0,0.006127320975122011,124,5,50,1000,90
COLGALT2,SSB,0.5,1.0,0.03807501264851921,124,5,50,1000,91
SERPINA3,SSB,0.5,1.0,0.03180771326652234,124,5,50,1000,92
SEPTIN7P13,SSB,0.5,1.0,0.0008339950770531644,124,5,50,1000,93
ABCD1,SSB,0.5,1.0,0.001346252850845819,124,5,50,1000,94
GNB3,SSB,0.5,1.0,0.004666024621678724,124,5,50,1000,95
LINC02607,SSB,0.5,6.0,0.05204979957057147,124,5,50,1000,96
EGFL7,SSB,0.5,1.0,0.044905517617612946,124,5,50,1000,97
SENP3,SSB,0.5,1.0,0.001304635664614301,124,5,50,1000,98
MAPK6,SSB,0.5,1.0,0.0003508993165687529,124,5,50,1000,99
IRS4,SSB,0.5,2.0,0.027987577911974724,124,5,50,1000,100
EMX2OS,SSB,0.5,1.0,0.01608669284399936,124,5,50,1000,101
DCDC1,SSB,0.5,2.0,0.007661302979949718,124,5,50,1000,102
LINC00944,SSB,0.5,1.0,0.03562394880689582,124,5,50,1000,103
SEMA4F,SSB,0.5,2.0,0.006844973473900187,124,5,50,1000,104
SEMA3C,SSB,0.5,1.0,0.016888400310326578,124,5,50,1000,105
SELENOO,SSB,0.5,1.0,0.0017112433684750468,124,5,50,1000,106
HBQ1,SSB,0.5,1.0,0.025258746881636183,124,5,50,1000,107
HSFX3,SSB,0.5,1.0,0.011118939839972202,124,5,50,1000,108
CFAP161,SSB,0.5,1.0,0.01544737444127688,124,5,50,1000,109
GJA4,SSB,0.5,1.0,0.007119715321259299,124,5,50,1000,110
MYC,SSB,0.5,1.0,0.009291673786694033,124,5,50,1000,111
LINC01068,SSB,0.5,1.0,0.015134112559962163,124,5,50,1000,112
H4-16,SSB,0.5,1.0,0.009577216468642727,124,5,50,1000,113
EIF4EBP1,SSB,0.5,1.0,7.4627024791097635e-06,124,5,50,1000,114
DCPS,SSB,0.5,1.0,0.014920683656651106,124,5,50,1000,115
ASB8,SSB,0.5,1.0,0.0007042354339470111,124,5,50,1000,116
LOC100134040,SSB,0.5,4.0,0.016436088363784292,124,5,50,1000,117
GPR89B,SSB,0.5,1.0,0.0007462702479109762,124,5,50,1000,118
MUC21,SSB,0.5,1.0,0.01779846714822423,124,5,50,1000,119
SCGB1D2,SSB,0.5,1.0,0.01962858282061521,124,5,50,1000,120
CEBPB,SSB,0.5,3.0,0.016185840176936105,124,5,50,1000,121
DCSTAMP,SSB,0.5,1.0,0.002169708528441052,124,5,50,1000,122
SBK1,SSB,0.5,1.0,0.006092800974848156,124,5,50,1000,123
GPRASP1,SSB,0.5,1.0,0.03421816616727479,124,5,50,1000,124
LOC105378479,SSB,0.5,1.0,0.0024584230749119377,124,5,50,1000,125
S100A5,SSB,0.5,1.0,0.023595876170401917,124,5,50,1000,126
LRRC4B,SSB,0.5,1.0,0.006550526436212082,124,5,50,1000,127
GEMIN8,SSB,0.5,2.0,0.032789591692702354,124,5,50,1000,128
LOC105369509,SSB,0.5,1.0,0.0045169237367563295,124,5,50,1000,129
CACNA1A,SSB,0.5,1.0,0.010118976762157242,124,5,50,1000,130
MTHFSD,SSB,0.5,1.0,0.02107865425258468,124,5,50,1000,131
COQ2,SSB,0.5,1.0,2.1931207285547055e-05,124,5,50,1000,132
MS4A6E,SSB,0.5,1.0,0.0001634387418443101,124,5,50,1000,133
RTKN2,SSB,0.5,1.0,0.010336474933835988,124,5,50,1000,134
MPPED1,SSB,0.5,1.0,0.022015123180224392,124,5,50,1000,135
MPDZ,SSB,0.5,1.0,0.03864033001972315,124,5,50,1000,136
CYGB,SSB,0.5,1.0,0.01962858282061521,124,5,50,1000,137
LOC105370203,SSB,0.5,1.0,0.0034725934535955448,124,5,50,1000,138
LAX1,SSB,0.5,1.0,0.044498809999809597,124,5,50,1000,139
LINC00485,SSB,0.5,1.0,0.0029839819095358712,124,5,50,1000,140
LIAS,SSB,0.5,1.0,0.04149932698607642,124,5,50,1000,141
RNF149,SSB,0.5,1.0,1.8428306121883295e-05,124,5,50,1000,142
LINC00486,SSB,0.5,2.0,0.005154320351318476,124,5,50,1000,143
LOC101927708,SSB,0.5,1.0,0.016850492719719497,124,5,50,1000,144
RNF126P1,SSB,0.5,7.0,0.014091785070097347,124,5,50,1000,145
RIPPLY3,SSB,0.5,1.0,0.037841551026610784,124,5,50,1000,146
GSTM4,SSB,0.5,1.0,0.023522590514204567,124,5,50,1000,147
CLCNKB,SSB,0.5,4.0,0.04070812822324019,124,5,50,1000,148
FNDC1-AS1,SSB,0.5,1.0,0.04047191975361368,124,5,50,1000,149
CACNG1,SSB,0.5,2.0,0.007116667805333514,124,5,50,1000,150
MANEA-DT,SSB,0.5,1.0,0.01933602169754711,124,5,50,1000,151
REG4,SSB,0.5,1.0,0.0023247475163165584,124,5,50,1000,152
BCL11A,SSB,0.5,1.0,0.013982515344991595,124,5,50,1000,153
FRK,SSB,0.5,1.0,0.016679609965033895,124,5,50,1000,154
METTL25B,SSB,0.5,1.0,0.01786809085889454,124,5,50,1000,155
GPR137,SSB,0.5,1.0,0.01135077047072595,124,5,50,1000,156
RBFOX1,SSB,0.5,1.0,0.01831990161144481,124,5,50,1000,157
LINC02714,SSB,0.5,1.0,0.0018899915543238409,124,5,50,1000,158
RAPGEFL1,SSB,0.5,2.0,0.0019408794967607117,124,5,50,1000,159
LILRB4,SSB,0.5,2.0,0.054281108732184315,124,5,50,1000,160
CENPS-CORT,SSB,0.5,1.0,0.002193983822111791,124,5,50,1000,161
ARHGAP42,SSB,0.5,1.0,0.02882021988396246,124,5,50,1000,162
MIR4468,SSB,0.5,1.0,0.02222423258289006,124,5,50,1000,163
GYPE,SSB,0.5,1.0,0.01682165355239172,124,5,50,1000,164
CALCB,SSB,0.5,1.0,0.05519907436820048,124,5,50,1000,165
RAMP1,SSB,0.5,1.0,0.02316787570686011,124,5,50,1000,166
NDUFAF4P1,SSB,0.5,2.0,0.028818977073664178,124,5,50,1000,167
DOCK1,SSB,0.5,2.0,0.02842284464206898,124,5,50,1000,168
PTN,SSB,0.5,1.0,0.0215315719527882,124,5,50,1000,169
ELN,SSB,0.5,2.0,0.058922452774038805,124,5,50,1000,170
CEP112,SSB,0.5,1.0,0.0071148361152897546,124,5,50,1000,171
LOC400627,SSB,0.5,1.0,0.00038721653508843565,124,5,50,1000,172
HOXB9,SSB,0.5,1.0,0.018046242887398863,124,5,50,1000,173
PPP4R1,SSB,0.5,1.0,0.001235250197640032,124,5,50,1000,174
CCDC122,SSB,0.5,3.0,0.018770902838055194,124,5,50,1000,175
PPP3CC,SSB,0.5,1.0,0.0340739380193622,124,5,50,1000,176
CFAP99,SSB,0.5,2.0,0.001219882381536803,124,5,50,1000,177
PPIG,SSB,0.5,1.0,0.024137072827448897,124,5,50,1000,178
PNMA8C,SSB,0.5,16.0,0.018134647529642778,124,5,50,1000,179
MGC16025,SSB,0.5,1.0,0.005711493401643821,124,5,50,1000,180
CLEC18C,SSB,0.5,1.0,0.012907766500025248,124,5,50,1000,181
PLAAT1,SSB,0.5,1.0,0.0007265295920035049,124,5,50,1000,182
KLHDC8B,SSB,0.5,1.0,0.027509196638555115,124,5,50,1000,183
PKN3,SSB,0.5,1.0,0.04569928024619141,124,5,50,1000,184
PITX1,SSB,0.5,1.0,0.03057430919235896,124,5,50,1000,185
HHATL,SSB,0.5,1.0,0.032624394057112344,124,5,50,1000,186
PIAS4,SSB,0.5,3.0,0.0002084987692632911,124,5,50,1000,187
KCNK15,SSB,0.5,2.0,0.03557657819225252,124,5,50,1000,188
BAAT,SSB,0.5,1.0,2.2836304729077573e-05,124,5,50,1000,189
GTF2H2C,SSB,0.5,1.0,0.009825790064127458,124,5,50,1000,190
MAPT,SSB,0.5,1.0,0.01909314421192787,124,5,50,1000,191
LOC105379477,SSB,0.5,2.0,0.02789828749351323,124,5,50,1000,192
FKBP1B,SSB,0.5,9.0,0.0144477919995565,124,5,50,1000,193
LOC728554,SSB,0.5,1.0,0.007459026971222094,124,5,50,1000,194
PGAP2,SSB,0.5,3.0,0.033643081176231555,124,5,50,1000,195
ASIC1,SSB,0.5,1.0,0.02714355827472785,124,5,50,1000,196
IFI30,SSB,0.5,1.0,0.04742075295317412,124,5,50,1000,197
FAM86C2P,SSB,0.5,1.0,0.024612297376205183,124,5,50,1000,198
PET100,SSB,0.5,1.0,0.008410770294057889,124,5,50,1000,199
GLDN,SSB,0.5,1.0,2.5318834968887997e-05,124,5,50,1000,200
LOC100128988,SSB,0.5,1.0,0.026477425039387537,124,5,50,1000,201
AGAP10P,SSB,0.5,1.0,4.5566528650714335e-07,124,5,50,1000,202
BDKRB1,SSB,0.5,1.0,0.01913403600387363,124,5,50,1000,203
PAX8-AS1,SSB,0.5,1.0,0.017612814571952993,124,5,50,1000,204
IFI44L,SSB,0.5,2.0,0.04556954583820312,124,5,50,1000,205
CFLAR-AS1,SSB,0.5,1.0,0.010946516500045989,124,5,50,1000,206
HTRA1,SSB,0.5,1.0,0.03746824924695239,124,5,50,1000,207
MAGEB5,SSB,0.5,1.0,0.0012743074139205345,124,5,50,1000,208
MAP3K4-AS1,SSB,0.5,2.0,0.040976928188854435,124,5,50,1000,209
HMGCR,SSB,0.5,1.0,1.523000505940768e-05,124,5,50,1000,210
PAM,SSB,0.5,1.0,0.033643081176231555,124,5,50,1000,211
OR52I1,SSB,0.5,2.0,0.011273905774277372,124,5,50,1000,212
LINC00639,SSB,0.5,1.0,0.01029977411798784,124,5,50,1000,213
KIF1B,SSB,0.5,1.0,0.02062508205165225,124,5,50,1000,214
SYNCRIP,SSB,0.5,1.0,0.0023417655779345244,124,5,50,1000,215
TAF12,SSB,0.5,3.0,0.023883084733960745,124,5,50,1000,216
TCEANC2,SSB,0.5,1.0,0.007438486771065305,124,5,50,1000,217
TDGF1P3,SSB,0.5,3.0,0.004298118782937101,124,5,50,1000,218
TRIP10,SSB,0.5,4.0,0.024003858674081852,124,5,50,1000,219
TSHB,SSB,0.5,2.0,0.011282982087215458,124,5,50,1000,220
UBE2L6,SSB,0.5,1.0,0.031947067812815914,124,5,50,1000,221
USF3,SSB,0.5,1.0,0.012197558752029014,124,5,50,1000,222
VPS9D1,SSB,0.5,1.0,0.01624004633325232,124,5,50,1000,223
VSNL1,SSB,0.5,1.0,0.015364885791715058,124,5,50,1000,224
STK32C,SSB,0.5,1.0,0.03597266275011856,124,5,50,1000,225
YARS1,SSB,0.5,1.0,0.0006434677137599744,124,5,50,1000,226
LOC101927066,SSB,0.5,1.0,0.005536728557109445,124,5,50,1000,227
ZFAND3,SSB,0.5,1.0,0.03351558303838261,124,5,50,1000,228
ZKSCAN2,SSB,0.5,1.0,0.01419816112592848,124,5,50,1000,229
LOC112268136,SSB,0.5,1.0,0.034318889211952495,124,5,50,1000,230
ZNF213,SSB,0.5,1.0,0.06378112643675003,124,5,50,1000,231
ZNF296,SSB,0.5,1.0,0.020401505577380154,124,5,50,1000,232
ZNF66,SSB,0.5,1.0,0.012598463301843364,124,5,50,1000,233
ZNF716,SSB,0.5,3.0,0.007331083701606442,124,5,50,1000,234
ZNF815P,SSB,0.5,1.0,0.006214451264440709,124,5,50,1000,235
ZSWIM1,SSB,0.5,1.0,0.062187308958624024,124,5,50,1000,236
CADPS,SSB,0.4583333333333333,6.0,0.0070802080293850085,124,5,50,1000,237
VWA1,SSB,0.4583333333333333,6.0,0.01941048914816449,124,5,50,1000,238
PCDHB15,SSB,0.45,5.0,0.040919416547106666,124,5,50,1000,239
LINC02210,SSB,0.45,5.0,0.04070812822324019,124,5,50,1000,240
SMR3A,SSB,0.4375,4.0,0.012553464359280498,124,5,50,1000,241
INE1,SSB,0.4375,4.0,0.010385364624621302,124,5,50,1000,242
C21orf62-AS1,SSB,0.4375,6.0,0.046949161842574555,124,5,50,1000,243
ULK1,SSB,0.4166666666666667,3.0,0.008531513122617858,124,5,50,1000,244
AARD,SSB,0.4166666666666667,3.0,0.032931078439704255,124,5,50,1000,245
KRT16P2,SSB,0.4166666666666667,3.0,0.008918261282621662,124,5,50,1000,246
SNPH,SSB,0.4166666666666667,3.0,0.04560542737035918,124,5,50,1000,247
YBEY,SSB,0.4166666666666667,3.0,0.038380221949909726,124,5,50,1000,248
C11orf16,SSB,0.4166666666666667,6.0,0.04471606741625302,124,5,50,1000,249
EGOT,SSB,0.4166666666666667,3.0,0.04456776101281688,124,5,50,1000,250
STARD5,SSB,0.4125,5.0,0.023762615393940825,124,5,50,1000,251
KLK12,SSB,0.40625,4.0,0.0005667084882605599,124,5,50,1000,252
QPCT,SSB,0.4,5.0,0.08272466618113411,124,5,50,1000,253
FAM86FP,SSB,0.375,2.0,0.049135651522863436,124,5,50,1000,254
MYADML,SSB,0.375,3.0,0.02359192064827052,124,5,50,1000,255
RPL3L,SSB,0.375,2.0,0.0218541628061691,124,5,50,1000,256
H1-3,SSB,0.375,2.0,0.08649460717156629,124,5,50,1000,257
LOC107986163,SSB,0.375,2.0,0.04391861328976333,124,5,50,1000,258
OSTN-AS1,SSB,0.375,2.0,0.12575275422448692,124,5,50,1000,259
MEFV,SSB,0.375,2.0,0.0018610859618157485,124,5,50,1000,260
LDLR,SSB,0.375,2.0,2.9850809916439054e-05,124,5,50,1000,261
SLC9A3R1,SSB,0.375,2.0,0.041340478033306795,124,5,50,1000,262
LRP11,SSB,0.375,2.0,0.03106352337121569,124,5,50,1000,263
RBM24,SSB,0.375,2.0,0.020979218113956456,124,5,50,1000,264
NT5C1B,SSB,0.375,2.0,0.024156705943804188,124,5,50,1000,265
COL24A1,SSB,0.375,2.0,9.727304738948322e-05,124,5,50,1000,266
FAM88D,SSB,0.375,2.0,0.019685878029740485,124,5,50,1000,267
LMF1,SSB,0.375,2.0,0.017605885848675278,124,5,50,1000,268
LINC02384,SSB,0.375,2.0,0.08176921464302163,124,5,50,1000,269
ZNF722,SSB,0.375,2.0,0.013825494639538452,124,5,50,1000,270
HESX1,SSB,0.375,2.0,0.0013841478607372808,124,5,50,1000,271
LOC101928682,SSB,0.3541666666666667,3.0,0.05117418172373406,124,5,50,1000,272
LINC01847,SSB,0.35,5.0,0.03751744600279137,124,5,50,1000,273
SNORA41,SSB,0.3333333333333333,3.0,0.02284239441033866,124,5,50,1000,274
DCHS1,SSB,0.3333333333333333,3.0,0.022692098338315064,124,5,50,1000,275
FARP1,SSB,0.3333333333333333,3.0,0.005332773353243737,124,5,50,1000,276
TNFRSF18,SSB,0.3125,2.0,0.05519414753549581,124,5,50,1000,277
MAB21L4,SSB,0.3125,4.0,0.05276261531207495,124,5,50,1000,278
GFRAL,SSB,0.3125,2.0,0.0020387348739244974,124,5,50,1000,279
STS,SSB,0.3125,2.0,0.025228351080858222,124,5,50,1000,280
FAM81A,SSB,0.3125,2.0,0.01450521917618098,124,5,50,1000,281
LINC01968,SSB,0.28125,4.0,0.00614940314960584,124,5,50,1000,282
GDI1,SSB,0.25,1.0,0.013434235162852918,124,5,50,1000,283
BRINP1,SSB,0.25,2.0,0.011184899810115684,124,5,50,1000,284
AQP11,SSB,0.25,1.0,0.000715192613118482,124,5,50,1000,285
LINC01206,SSB,0.25,1.0,0.008519244896112572,124,5,50,1000,286
GDPD2,SSB,0.25,2.0,0.0012388695315524588,124,5,50,1000,287
FZD1,SSB,0.25,1.0,0.052120884814557934,124,5,50,1000,288
FAM189B,SSB,0.25,1.0,0.011526760374465386,124,5,50,1000,289
LINC00589,SSB,0.25,1.0,0.009462180123220343,124,5,50,1000,290
FZD2,SSB,0.25,1.0,0.002437463109994097,124,5,50,1000,291
GUCY1A2,SSB,0.25,1.0,0.021951562457131882,124,5,50,1000,292
HCAR1,SSB,0.25,1.0,0.0361208506993466,124,5,50,1000,293
FAM200A,SSB,0.25,1.0,0.0008454142152662743,124,5,50,1000,294
LAG3,SSB,0.25,1.0,0.007656868054687641,124,5,50,1000,295
BRWD3,SSB,0.25,1.0,0.015215086404110794,124,5,50,1000,296
BSG,SSB,0.25,1.0,0.039458049407964005,124,5,50,1000,297
COIL,SSB,0.25,1.0,0.007237907604432906,124,5,50,1000,298
CIZ1,SSB,0.25,1.0,0.0017436832792515852,124,5,50,1000,299
DCTN1,SSB,0.25,1.0,0.01941048914816449,124,5,50,1000,300
CKM,SSB,0.25,1.0,0.009269438526056578,124,5,50,1000,301
KCNIP1-OT1,SSB,0.25,1.0,0.02256543229884126,124,5,50,1000,302
LINC01055,SSB,0.25,1.0,0.007435675263782119,124,5,50,1000,303
IGHJ5,SSB,0.25,1.0,0.010906601613822665,124,5,50,1000,304
HCG11,SSB,0.25,1.0,0.02128985660268799,124,5,50,1000,305
MCUR1,SSB,0.25,1.0,4.9345216392480875e-05,124,5,50,1000,306
HCG15,SSB,0.25,1.0,0.022818802989851453,124,5,50,1000,307
LOC101409256,SSB,0.25,1.0,0.00037693124684321584,124,5,50,1000,308
HPYR1,SSB,0.25,1.0,0.0007888407888407887,124,5,50,1000,309
CCER2,SSB,0.25,1.0,0.029049756009552244,124,5,50,1000,310
MBOAT1,SSB,0.25,2.0,0.043871383455116895,124,5,50,1000,311
LOC101927964,SSB,0.25,2.0,0.019574150830652972,124,5,50,1000,312
CTRC,SSB,0.25,1.0,0.022353718611077735,124,5,50,1000,313
MAFIP,SSB,0.25,1.0,0.0033812134232390992,124,5,50,1000,314
LINGO2,SSB,0.25,1.0,0.018554409625099993,124,5,50,1000,315
KLK11,SSB,0.25,1.0,9.518753162129799e-05,124,5,50,1000,316
CACNG2-DT,SSB,0.25,1.0,0.025426086089919295,124,5,50,1000,317
DDIAS,SSB,0.25,1.0,0.014313151129430532,124,5,50,1000,318
CCL25,SSB,0.25,1.0,0.12201652876995646,124,5,50,1000,319
DLX6-AS1,SSB,0.25,1.0,0.04717421801167727,124,5,50,1000,320
DDN-AS1,SSB,0.25,1.0,0.00010385364624621302,124,5,50,1000,321
CTSV,SSB,0.25,1.0,0.013002762080441937,124,5,50,1000,322
ALDH8A1,SSB,0.25,1.0,0.0003557981901546748,124,5,50,1000,323
CLDN2,SSB,0.25,2.0,0.03838218214114915,124,5,50,1000,324
DDR1,SSB,0.25,1.0,0.0454030818829038,124,5,50,1000,325
ETNK1,SSB,0.25,1.0,0.0006238210072333387,124,5,50,1000,326
CCN2,SSB,0.25,1.0,0.014074961475702204,124,5,50,1000,327
CCN5,SSB,0.25,1.0,0.020401505577380154,124,5,50,1000,328
CCN6,SSB,0.25,1.0,0.005581588254863166,124,5,50,1000,329
FNDC7,SSB,0.25,1.0,0.02848412472913378,124,5,50,1000,330
C10orf82,SSB,0.25,1.0,0.044158688812963025,124,5,50,1000,331
FAM228B,SSB,0.25,1.0,0.028291409698406295,124,5,50,1000,332
GABRB2,SSB,0.25,1.0,0.02163142288554481,124,5,50,1000,333
HCRTR1,SSB,0.25,1.0,0.016862390846130684,124,5,50,1000,334
B4GALNT1,SSB,0.25,1.0,0.02166843374333792,124,5,50,1000,335
CALM1,SSB,0.25,1.0,0.007710190061325138,124,5,50,1000,336
DUT,SSB,0.25,1.0,0.04149932698607642,124,5,50,1000,337
ARHGEF19,SSB,0.25,1.0,0.003659008715522694,124,5,50,1000,338
IL3RA_1,SSB,0.25,1.0,0.00206888691879311,124,5,50,1000,339
LINC00908,SSB,0.25,1.0,0.028329823637799418,124,5,50,1000,340
LINC01762,SSB,0.25,1.0,0.03303674372379878,124,5,50,1000,341
IGHV3-25,SSB,0.25,1.0,0.008772482914218822,124,5,50,1000,342
C11orf94,SSB,0.25,1.0,0.00015539826876616203,124,5,50,1000,343
DMXL1-DT,SSB,0.25,1.0,0.012170047053590509,124,5,50,1000,344
CAMK1,SSB,0.25,1.0,0.02783743645398983,124,5,50,1000,345
LINC02447,SSB,0.25,1.0,0.002818050331512479,124,5,50,1000,346
BACE1-AS,SSB,0.25,1.0,0.0066369763835382,124,5,50,1000,347
LOC100289230,SSB,0.25,1.0,0.023465851754536273,124,5,50,1000,348
KCNK3,SSB,0.25,1.0,0.03798637791777834,124,5,50,1000,349
LOC100130691,SSB,0.25,1.0,0.018338296791982192,124,5,50,1000,350
EMC1,SSB,0.25,1.0,0.004611036331786269,124,5,50,1000,351
LRRN4CL,SSB,0.25,1.0,0.027509196638555115,124,5,50,1000,352
CCR3,SSB,0.25,1.0,0.0036180097363283665,124,5,50,1000,353
GOLGA7B-DT,SSB,0.25,1.0,0.009639846299531456,124,5,50,1000,354
CCR5,SSB,0.25,1.0,0.017925000186640984,124,5,50,1000,355
CXCL13,SSB,0.25,1.0,0.09022163210536406,124,5,50,1000,356
EMC3-AS1,SSB,0.25,1.0,0.002417915603231563,124,5,50,1000,357
CLEC9A,SSB,0.25,1.0,0.034376222212775906,124,5,50,1000,358
ARL14EPL,SSB,0.25,2.0,0.0007314307836955922,124,5,50,1000,359
ACTN3,SSB,0.25,1.0,0.0021503235440517667,124,5,50,1000,360
HDGFL3,SSB,0.25,1.0,0.01638504864311316,124,5,50,1000,361
CERK,SSB,0.25,1.0,9.716623776882027e-05,124,5,50,1000,362
LRIT2,SSB,0.25,1.0,0.014668713013660748,124,5,50,1000,363
MED15,SSB,0.25,1.0,0.013080047022143146,124,5,50,1000,364
LRP1,SSB,0.25,1.0,0.01069527105296904,124,5,50,1000,365
LINC01537,SSB,0.25,1.0,0.010618881699021074,124,5,50,1000,366
LRRTM4,SSB,0.25,1.0,0.02828842693806162,124,5,50,1000,367
CPSF4L,SSB,0.25,1.0,0.0,124,5,50,1000,368
CD164L2,SSB,0.25,1.0,0.02712220220999557,124,5,50,1000,369
LOC101928135,SSB,0.25,1.0,7.413447994662318e-06,124,5,50,1000,370
LINC00472,SSB,0.25,1.0,0.034376222212775906,124,5,50,1000,371
ARMH2,SSB,0.25,1.0,0.005687121186564565,124,5,50,1000,372
LINC02266,SSB,0.25,1.0,0.004047110583021565,124,5,50,1000,373
ANK2,SSB,0.25,1.0,0.003114383734598276,124,5,50,1000,374
IGLV6-57,SSB,0.25,1.0,0.055745626018696946,124,5,50,1000,375
LOC100126584,SSB,0.25,1.0,0.0013521061241103657,124,5,50,1000,376
FAM53A,SSB,0.25,1.0,0.01650776796774736,124,5,50,1000,377
LIX1L-AS1,SSB,0.25,1.0,0.01645876503302451,124,5,50,1000,378
GP2,SSB,0.25,1.0,0.017411857879342907,124,5,50,1000,379
LINC01926,SSB,0.25,1.0,0.08650726901357683,124,5,50,1000,380
FGF11,SSB,0.25,1.0,0.05350798375812779,124,5,50,1000,381
MATN4,SSB,0.25,1.0,0.03953921715497406,124,5,50,1000,382
ENPP6,SSB,0.25,1.0,0.026610474039999474,124,5,50,1000,383
C1orf167,SSB,0.25,1.0,0.00014272690455673486,124,5,50,1000,384
GRTP1,SSB,0.25,1.0,0.019738086556992357,124,5,50,1000,385
DNALI1,SSB,0.25,1.0,0.05158768233742806,124,5,50,1000,386
LINC02056,SSB,0.25,1.0,0.005879891341889117,124,5,50,1000,387
LOC100507634,SSB,0.25,1.0,0.005672407394071669,124,5,50,1000,388
LINC02180,SSB,0.25,1.0,0.01587301587301587,124,5,50,1000,389
FGF17,SSB,0.25,1.0,0.010478834339335387,124,5,50,1000,390
LOC105371414,SSB,0.25,1.0,0.018833161961931955,124,5,50,1000,391
H3C13,SSB,0.25,1.0,0.0032062719285286226,124,5,50,1000,392
LINC02065,SSB,0.25,1.0,0.03000650190673136,124,5,50,1000,393
LINC02067,SSB,0.25,1.0,0.005790900776843526,124,5,50,1000,394
CRISPLD2,SSB,0.25,1.0,0.010938798833868968,124,5,50,1000,395
CASTOR1,SSB,0.25,1.0,0.0689811096155246,124,5,50,1000,396
LINC00518,SSB,0.25,1.0,0.005057576974604555,124,5,50,1000,397
C1QL3,SSB,0.25,1.0,0.0011136569797776852,124,5,50,1000,398
H3C8,SSB,0.25,1.0,0.005445370801903348,124,5,50,1000,399
LINC01697,SSB,0.25,1.0,0.03030683930272146,124,5,50,1000,400
GPCPD1,SSB,0.25,1.0,3.80750126485192e-06,124,5,50,1000,401
H3P6,SSB,0.25,1.0,0.017732855337256864,124,5,50,1000,402
FRG2,SSB,0.25,1.0,0.012763996812113964,124,5,50,1000,403
MAGEC2,SSB,0.25,2.0,0.03831454488114901,124,5,50,1000,404
LINC00693,SSB,0.25,1.0,0.02466229989819095,124,5,50,1000,405
KATNIP,SSB,0.25,1.0,0.0009670609727256655,124,5,50,1000,406
EEF1AKMT2,SSB,0.25,1.0,0.051057221261208895,124,5,50,1000,407
ADGRB3,SSB,0.25,1.0,0.02757757849241256,124,5,50,1000,408
ASCC2,SSB,0.25,1.0,0.024490000435578137,124,5,50,1000,409
CRTAC1,SSB,0.25,1.0,0.0681958504646142,124,5,50,1000,410
BEX2,SSB,0.25,1.0,0.0368663594470046,124,5,50,1000,411
CDA,SSB,0.25,1.0,0.005807200929152149,124,5,50,1000,412
INPP5D,SSB,0.25,1.0,0.011484882987187575,124,5,50,1000,413
CYP4F24P,SSB,0.25,1.0,1.3993255250969029e-05,124,5,50,1000,414
ANKRD65,SSB,0.25,1.0,0.0014035972662750115,124,5,50,1000,415
C20orf204,SSB,0.25,1.0,0.041050150433381706,124,5,50,1000,416
ASIC2,SSB,0.25,1.0,0.009661174730145498,124,5,50,1000,417
LOC101928212,SSB,0.25,1.0,0.001144410271082183,124,5,50,1000,418
CRYBG1,SSB,0.25,1.0,0.002534425141936032,124,5,50,1000,419
ADGRV1,SSB,0.25,1.0,0.0036517840261459096,124,5,50,1000,420
BICC1,SSB,0.25,1.0,0.013384215474807809,124,5,50,1000,421
FHL2,SSB,0.25,1.0,0.028029453611384484,124,5,50,1000,422
EFCAB13-DT,SSB,0.25,1.0,0.017597056088381215,124,5,50,1000,423
ADH6,SSB,0.25,1.0,0.03642410211936383,124,5,50,1000,424
CBWD5,SSB,0.25,1.0,0.007573729215992843,124,5,50,1000,425
ADI1,SSB,0.25,1.0,0.02622987621356487,124,5,50,1000,426
CHDH,SSB,0.25,1.0,0.018127513521959987,124,5,50,1000,427
FAM120B,SSB,0.25,1.0,0.011940323966575619,124,5,50,1000,428
LINC01011,SSB,0.25,1.0,0.0006044789008078907,124,5,50,1000,429
GSTO2,SSB,0.25,1.0,0.007710190061325138,124,5,50,1000,430
GSTP1,SSB,0.25,1.0,0.0016791080577996966,124,5,50,1000,431
C2orf66,SSB,0.25,1.0,0.003450863432796586,124,5,50,1000,432
HOXA7,SSB,0.25,2.0,0.0426679550068319,124,5,50,1000,433
ANXA11,SSB,0.25,1.0,0.013982515344991595,124,5,50,1000,434
ADORA1,SSB,0.25,1.0,0.03436269891528858,124,5,50,1000,435
GLTP,SSB,0.25,1.0,0.023283784034873054,124,5,50,1000,436
CYTL1,SSB,0.25,1.0,0.024003858674081852,124,5,50,1000,437
KRT18P55,SSB,0.25,1.0,5.934605903535531e-05,124,5,50,1000,438
CC2D2B,SSB,0.25,1.0,0.01664699986042912,124,5,50,1000,439
FGF13,SSB,0.25,1.0,0.014260767537426973,124,5,50,1000,440
FILIP1L,SSB,0.25,1.0,0.0018094769011082264,124,5,50,1000,441
EPOP,SSB,0.25,1.0,0.020208283906222615,124,5,50,1000,442
CNTNAP1,SSB,0.25,1.0,0.03703094263753117,124,5,50,1000,443
DAAM2-AS1,SSB,0.25,1.0,0.0031456707153283228,124,5,50,1000,444
BLOC1S5-TXNDC5,SSB,0.25,1.0,0.002209052790378838,124,5,50,1000,445
CNTNAP4,SSB,0.25,1.0,0.003788588534472726,124,5,50,1000,446
GLYAT,SSB,0.25,1.0,0.03373744670936872,124,5,50,1000,447
EFNB3,SSB,0.25,1.0,0.028716562432487828,124,5,50,1000,448
KLHDC1,SSB,0.25,1.0,0.010614704326204776,124,5,50,1000,449
LINC02204,SSB,0.25,1.0,0.003347190307239946,124,5,50,1000,450
IGHA1,SSB,0.25,1.0,0.03914857570515684,124,5,50,1000,451
BMP7-AS1,SSB,0.25,1.0,0.01587301587301587,124,5,50,1000,452
C4BPA,SSB,0.25,1.0,0.005140999155893197,124,5,50,1000,453
LINC02539,SSB,0.25,1.0,0.026593233674272236,124,5,50,1000,454
HOXC-AS1,SSB,0.25,1.0,0.004723840755814522,124,5,50,1000,455
LMNB1,SSB,0.25,1.0,0.014527132833216995,124,5,50,1000,456
ATL1,SSB,0.25,1.0,0.015889311978429434,124,5,50,1000,457
ERBB4,SSB,0.25,1.0,0.009156723182589832,124,5,50,1000,458
COG8,SSB,0.25,1.0,0.04165848053894724,124,5,50,1000,459
MIR1285-2,SSB,0.25,2.0,0.044905517617612946,124,5,50,1000,460
MIR181A1,SSB,0.25,1.0,1.2693335364266992e-05,124,5,50,1000,461
MIR1914,SSB,0.25,1.0,0.01587301587301587,124,5,50,1000,462
MIR23AHG,SSB,0.25,1.0,0.00998113611573342,124,5,50,1000,463
MIR4434,SSB,0.25,1.0,0.02163142288554481,124,5,50,1000,464
MIR558,SSB,0.25,1.0,0.07037538752777854,124,5,50,1000,465
MIR6724-4,SSB,0.25,1.0,0.04040967772358333,124,5,50,1000,466
MIR924HG,SSB,0.25,1.0,0.0033063511463001342,124,5,50,1000,467
MIR99A,SSB,0.25,1.0,0.03914857570515684,124,5,50,1000,468
MME,SSB,0.25,1.0,0.014825496125029812,124,5,50,1000,469
MRGPRX1,SSB,0.25,1.0,0.025997741786971812,124,5,50,1000,470
MROH8,SSB,0.25,1.0,0.007986766953203979,124,5,50,1000,471
MRPL45P2,SSB,0.25,1.0,0.010137700567744127,124,5,50,1000,472
MRPS9-AS2,SSB,0.25,1.0,0.04209243807206821,124,5,50,1000,473
MSRB2,SSB,0.25,1.0,0.017605885848675278,124,5,50,1000,474
MT1L,SSB,0.25,1.0,0.005970771183490186,124,5,50,1000,475
MTCH1,SSB,0.25,1.0,0.010857318306801141,124,5,50,1000,476
MTMR10,SSB,0.25,1.0,0.005962228311981221,124,5,50,1000,477
MTR,SSB,0.25,1.0,0.011895679163039734,124,5,50,1000,478
MTUS2-AS1,SSB,0.25,1.0,0.01186151679145971,124,5,50,1000,479
MYL10,SSB,0.25,1.0,0.009918887020984184,124,5,50,1000,480
MYL4,SSB,0.25,1.0,0.012550485270067956,124,5,50,1000,481
MYOZ2,SSB,0.25,1.0,0.021186328189812507,124,5,50,1000,482
NAGS,SSB,0.25,1.0,0.014317556531440212,124,5,50,1000,483
NAPB,SSB,0.25,1.0,0.0068774397512467505,124,5,50,1000,484
NBAS,SSB,0.25,1.0,0.01994213857899601,124,5,50,1000,485
NBPF18P,SSB,0.25,1.0,0.06474805337971935,124,5,50,1000,486
NBPF20,SSB,0.25,1.0,0.0049077892652462825,124,5,50,1000,487
NBR2,SSB,0.25,1.0,0.047761295866302476,124,5,50,1000,488
NDUFA12,SSB,0.25,1.0,2.9850809916439054e-05,124,5,50,1000,489
FAM133A,SSB,0.25,1.0,0.026101514814540244,124,5,50,1000,490
NECAB1,SSB,0.25,1.0,0.02179776113870561,124,5,50,1000,491
NEUROG2-AS1,SSB,0.25,1.0,0.034289213185018874,124,5,50,1000,492
NLK,SSB,0.25,1.0,0.0011596017367828152,124,5,50,1000,493
NOS1AP,SSB,0.25,1.0,0.04449822075787062,124,5,50,1000,494
NOSTRIN,SSB,0.25,1.0,0.008410770294057889,124,5,50,1000,495
NR2F1,SSB,0.25,1.0,0.003961213530143752,124,5,50,1000,496
NT5DC1,SSB,0.25,1.0,0.006092002023763071,124,5,50,1000,497
NUAK2,SSB,0.25,1.0,0.013235054221143032,124,5,50,1000,498
NUDT10,SSB,0.25,1.0,0.0024516719040345567,124,5,50,1000,499
OIP5-AS1,SSB,0.25,1.0,0.009903310789879842,124,5,50,1000,500
OOSP3,SSB,0.25,1.0,0.002922422575114494,124,5,50,1000,501
OR1N1,SSB,0.25,1.0,0.000290517167694868,124,5,50,1000,502
OR2AE1,SSB,0.25,1.0,0.08844033267918884,124,5,50,1000,503
OR4F15,SSB,0.25,1.0,0.009807751908862945,124,5,50,1000,504
OR5K2,SSB,0.25,2.0,0.0006646657697128597,124,5,50,1000,505
OR7D2,SSB,0.25,2.0,0.03132778825637971,124,5,50,1000,506
OSBPL2,SSB,0.25,1.0,0.0044534057794213995,124,5,50,1000,507
PAMR1,SSB,0.25,1.0,0.004401471462168819,124,5,50,1000,508
PARAL1,SSB,0.25,1.0,0.012775842044134726,124,5,50,1000,509
PARD3,SSB,0.25,1.0,0.04359208198128964,124,5,50,1000,510
PARVG,SSB,0.25,1.0,0.013524853692956397,124,5,50,1000,511
PBX4,SSB,0.25,1.0,0.0036073414051702507,124,5,50,1000,512
PCBP2,SSB,0.25,1.0,0.027509196638555115,124,5,50,1000,513
PCBP2-OT1,SSB,0.25,1.0,0.002975362956678227,124,5,50,1000,514
PCDH19,SSB,0.25,1.0,0.00525797491535006,124,5,50,1000,515
PCDHB8,SSB,0.25,1.0,0.007355262780217571,124,5,50,1000,516
PDE4C,SSB,0.25,1.0,0.02842559820290467,124,5,50,1000,517
PDPN,SSB,0.25,1.0,0.022183545654354177,124,5,50,1000,518
PEX5L-AS2,SSB,0.25,1.0,0.007643048560165878,124,5,50,1000,519
PFKM,SSB,0.25,1.0,0.012025764294958899,124,5,50,1000,520
PGAP3,SSB,0.25,1.0,0.02737989389560075,124,5,50,1000,521
PGC,SSB,0.25,1.0,0.0058150319628534905,124,5,50,1000,522
PGGHG,SSB,0.25,1.0,0.0006423666017631901,124,5,50,1000,523
PHEX,SSB,0.25,5.0,0.006472838793766302,124,5,50,1000,524
PHEX-AS1,SSB,0.25,1.0,0.003563232818179265,124,5,50,1000,525
PIN4,SSB,0.25,1.0,0.004298516627967222,124,5,50,1000,526
PITPNC1,SSB,0.25,2.0,0.018232752856920498,124,5,50,1000,527
PKIA-AS1,SSB,0.25,1.0,0.0037693913819970937,124,5,50,1000,528
PLCE1-AS2,SSB,0.25,1.0,0.022428728654098767,124,5,50,1000,529
POFUT2,SSB,0.25,1.0,0.02699381326734476,124,5,50,1000,530
POLR2D,SSB,0.25,1.0,0.0015845297263807749,124,5,50,1000,531
POU3F2,SSB,0.25,1.0,0.06601459352197622,124,5,50,1000,532
POU6F1,SSB,0.25,1.0,0.0018094769011082264,124,5,50,1000,533
PROKR2,SSB,0.25,1.0,0.005324069064411438,124,5,50,1000,534
PRR4,SSB,0.25,2.0,0.019958007830050195,124,5,50,1000,535
PRRT1,SSB,0.25,1.0,0.019973722796845516,124,5,50,1000,536
PRRT3-AS1,SSB,0.25,3.0,0.00532578046922427,124,5,50,1000,537
PRSS1,SSB,0.25,1.0,0.01618844233208626,124,5,50,1000,538
PTOV1-AS2,SSB,0.25,1.0,0.0012336304098120223,124,5,50,1000,539
RAB12,SSB,0.25,1.0,0.02648014312194429,124,5,50,1000,540
RAMACL,SSB,0.25,1.0,0.006408574082843115,124,5,50,1000,541
RASSF10,SSB,0.25,1.0,0.010137700567744127,124,5,50,1000,542
RBBP8NL,SSB,0.25,1.0,0.03777102174753342,124,5,50,1000,543
RD3,SSB,0.25,1.0,0.017787408526277058,124,5,50,1000,544
REG1A,SSB,0.25,1.0,0.012595386874766032,124,5,50,1000,545
REPS2,SSB,0.25,1.0,0.014140911353454905,124,5,50,1000,546
RGS11,SSB,0.25,1.0,0.04093976461799519,124,5,50,1000,547
RIPK2,SSB,0.25,1.0,0.002859644608140015,124,5,50,1000,548
RNF26,SSB,0.25,1.0,0.010216439693901267,124,5,50,1000,549
RPS19BP1,SSB,0.25,1.0,0.00015595525180833468,124,5,50,1000,550
RSPH1-DT,SSB,0.25,1.0,0.017334928146722835,124,5,50,1000,551
RTL5,SSB,0.25,1.0,0.03807501264851921,124,5,50,1000,552
RTN3,SSB,0.25,1.0,0.02842284464206898,124,5,50,1000,553
RTN4,SSB,0.25,1.0,0.03641814039810624,124,5,50,1000,554
SCARNA10,SSB,0.25,1.0,0.007824010952324845,124,5,50,1000,555
SCEL,SSB,0.25,1.0,0.004718908281907045,124,5,50,1000,556
SCGB2A2,SSB,0.25,1.0,0.03378639552384059,124,5,50,1000,557
SDCCAG8,SSB,0.25,1.0,0.02141719461479205,124,5,50,1000,558
SDHAF1,SSB,0.25,1.0,0.006589109388902138,124,5,50,1000,559
SDHAF4,SSB,0.25,1.0,0.015208073852122129,124,5,50,1000,560
SEPTIN7P11,SSB,0.25,1.0,7.188453324065575e-05,124,5,50,1000,561
SERPINB6,SSB,0.25,1.0,0.011102673688308199,124,5,50,1000,562
SFRP1,SSB,0.25,1.0,0.02622987621356487,124,5,50,1000,563
SH2B3,SSB,0.25,1.0,0.0017764277901293113,124,5,50,1000,564
SH3RF3-AS1,SSB,0.25,1.0,0.008494114791894188,124,5,50,1000,565
SHLD2P1,SSB,0.25,1.0,0.007009219060868989,124,5,50,1000,566
SIDT2,SSB,0.25,1.0,0.009903310789879842,124,5,50,1000,567
SIGLEC10-AS1,SSB,0.25,1.0,0.021152094842997623,124,5,50,1000,568
SIRT1,SSB,0.25,1.0,0.0007251005408783997,124,5,50,1000,569
SIRT5,SSB,0.25,1.0,0.020962731263819322,124,5,50,1000,570
SKIDA1,SSB,0.25,1.0,0.01110064367809744,124,5,50,1000,571
SLC1A7,SSB,0.25,1.0,0.029421051120870283,124,5,50,1000,572
SLC22A20P,SSB,0.25,1.0,0.004124432478091014,124,5,50,1000,573
SLC24A3-AS1,SSB,0.25,1.0,0.004606641472393785,124,5,50,1000,574
SLC2A12,SSB,0.25,1.0,9.553831483864419e-05,124,5,50,1000,575
SLC39A4,SSB,0.25,1.0,0.0006044789008078907,124,5,50,1000,576
SLC4A9,SSB,0.25,1.0,0.003450863432796586,124,5,50,1000,577
SLC8A3,SSB,0.25,1.0,0.005786054667607019,124,5,50,1000,578
SLC9A3R2,SSB,0.25,1.0,0.010454484672979804,124,5,50,1000,579
SMIM44,SSB,0.25,1.0,0.034289213185018874,124,5,50,1000,580
SNORD36A,SSB,0.25,1.0,0.008522039297798588,124,5,50,1000,581
SOCS4,SSB,0.25,1.0,0.004825474803022728,124,5,50,1000,582
SOWAHC,SSB,0.25,1.0,0.08272466618113411,124,5,50,1000,583
SOX12,SSB,0.25,1.0,0.0054980318264461715,124,5,50,1000,584
SP2-DT,SSB,0.25,1.0,0.0022668339530422395,124,5,50,1000,585
SPACA6,SSB,0.25,1.0,0.016485109776353462,124,5,50,1000,586
SPRY4-IT1,SSB,0.25,1.0,0.0009896295074531471,124,5,50,1000,587
SRD5A3,SSB,0.25,1.0,0.019958007830050195,124,5,50,1000,588
ST13P4,SSB,0.25,1.0,2.041165758685287e-05,124,5,50,1000,589
ST6GALNAC2,SSB,0.25,1.0,0.02737989389560075,124,5,50,1000,590
STIMATE-MUSTN1,SSB,0.25,1.0,0.013315269610669126,124,5,50,1000,591
STMN2,SSB,0.25,1.0,0.04014887551472917,124,5,50,1000,592
GTF2IP1,SSB,0.25,1.0,0.01638504864311316,124,5,50,1000,593
SUGCT,SSB,0.25,1.0,0.03176314088787682,124,5,50,1000,594
FAM157B,SSB,0.25,1.0,0.022000782216176584,124,5,50,1000,595
LINC02542,SSB,0.25,1.0,0.02737989389560075,124,5,50,1000,596
RBM48,SSB,0.25,1.0,1.5230005059407683e-07,124,5,50,1000,597
TAF11L3,SSB,0.25,2.0,0.001104682563580486,124,5,50,1000,598
CDK11B,SSB,0.25,1.0,2.5738708550398977e-05,124,5,50,1000,599
TAF3,SSB,0.25,1.0,0.0014102546446130748,124,5,50,1000,600
TAGAP,SSB,0.25,1.0,0.026483303497753425,124,5,50,1000,601
TAGLN3,SSB,0.25,1.0,0.0018362490742876564,124,5,50,1000,602
FAM162A,SSB,0.25,1.0,0.015208073852122129,124,5,50,1000,603
TCTN2,SSB,0.25,1.0,0.014947515311142677,124,5,50,1000,604
KHDC3L,SSB,0.25,1.0,0.016862390846130684,124,5,50,1000,605
TENM3,SSB,0.25,1.0,0.007535691660256119,124,5,50,1000,606
TEX53,SSB,0.25,1.0,0.005250128176957447,124,5,50,1000,607
THRB-AS1,SSB,0.25,1.0,0.02588817143840373,124,5,50,1000,608
TLE5,SSB,0.25,1.0,0.013343921232850631,124,5,50,1000,609
TMCO1-AS1,SSB,0.25,1.0,0.00022657866747132855,124,5,50,1000,610
TMEM119,SSB,0.25,1.0,2.0317521769322e-05,124,5,50,1000,611
TMEM200A,SSB,0.25,1.0,0.01860054508579186,124,5,50,1000,612
TMEM51-AS2,SSB,0.25,1.0,0.014818273521366238,124,5,50,1000,613
TMEM79,SSB,0.25,1.0,0.025476904763427764,124,5,50,1000,614
TMSB15A,SSB,0.25,2.0,0.03181188476990156,124,5,50,1000,615
TNFRSF13B,SSB,0.25,1.0,0.016347994610429788,124,5,50,1000,616
BNIP2,SSB,0.25,1.0,0.0034725934535955448,124,5,50,1000,617
TNNT3,SSB,0.25,2.0,0.014997891828121498,124,5,50,1000,618
TNS1,SSB,0.25,1.0,0.007815773245253625,124,5,50,1000,619
TPM1-AS,SSB,0.25,2.0,0.026356437555608552,124,5,50,1000,620
TPM4,SSB,0.25,1.0,0.019738086556992357,124,5,50,1000,621
TPTEP1,SSB,0.25,1.0,0.04070812822324019,124,5,50,1000,622
TRG-GCC1-5,SSB,0.25,1.0,0.020179147503512795,124,5,50,1000,623
TRIB2,SSB,0.25,1.0,0.008699531189984263,124,5,50,1000,624
TRIM74,SSB,0.25,1.0,0.0016937669376693766,124,5,50,1000,625
CDK16,SSB,0.25,1.0,0.01316420717314962,124,5,50,1000,626
TRMT9B,SSB,0.25,1.0,0.010454484672979804,124,5,50,1000,627
TRPS1,SSB,0.25,1.0,0.02424632035462762,124,5,50,1000,628
CCDC166,SSB,0.25,1.0,0.0025707190724029174,124,5,50,1000,629
TSPAN6,SSB,0.25,1.0,0.023164837695359076,124,5,50,1000,630
TSPEAR-AS1,SSB,0.25,1.0,0.0021773102543257536,124,5,50,1000,631
TTLL5,SSB,0.25,1.0,0.004349841745017427,124,5,50,1000,632
TUFM,SSB,0.25,1.0,0.003518740368925551,124,5,50,1000,633
TULP4,SSB,0.25,1.0,1.9464579291618007e-05,124,5,50,1000,634
UBA1,SSB,0.25,1.0,0.0002519910403185665,124,5,50,1000,635
LINC02878,SSB,0.25,1.0,0.020994453530541135,124,5,50,1000,636
UGT1A3,SSB,0.25,1.0,0.004441885155146071,124,5,50,1000,637
UGT2B11,SSB,0.25,1.0,0.043130156719006905,124,5,50,1000,638
FUNDC1,SSB,0.25,1.0,0.05930198450011925,124,5,50,1000,639
UNC5B-AS1,SSB,0.25,1.0,0.01834982454344856,124,5,50,1000,640
IGHD4-11,SSB,0.25,1.0,0.024496878514095155,124,5,50,1000,641
VAT1L,SSB,0.25,1.0,3.917374012814098e-05,124,5,50,1000,642
VPS4B,SSB,0.25,1.0,0.0009992406319477378,124,5,50,1000,643
AATBC,SSB,0.25,1.0,0.0010019998762963122,124,5,50,1000,644
DRAIC,SSB,0.25,1.0,0.027304602681704496,124,5,50,1000,645
CCDC18-AS1,SSB,0.25,1.0,0.003947769611449064,124,5,50,1000,646
DBNL,SSB,0.25,1.0,0.0030709782201789647,124,5,50,1000,647
WDR20,SSB,0.25,1.0,0.0012890676282282657,124,5,50,1000,648
WDR64,SSB,0.25,1.0,0.001904924217831353,124,5,50,1000,649
WWTR1,SSB,0.25,1.0,0.014730613193509701,124,5,50,1000,650
XNDC1N,SSB,0.25,1.0,0.008268217446701833,124,5,50,1000,651
XPNPEP3,SSB,0.25,1.0,0.018022578787100667,124,5,50,1000,652
HYDIN2,SSB,0.25,1.0,0.0070468090554173775,124,5,50,1000,653
DRD1,SSB,0.25,1.0,0.005939569056761205,124,5,50,1000,654
ZBED2,SSB,0.25,1.0,0.0433281066193698,124,5,50,1000,655
ABCA6,SSB,0.25,1.0,0.011601608654054395,124,5,50,1000,656
ZC3H15,SSB,0.25,1.0,0.003947769611449064,124,5,50,1000,657
ZDHHC2,SSB,0.25,1.0,0.0045522054130375505,124,5,50,1000,658
ZDHHC3,SSB,0.25,1.0,0.04844603689377344,124,5,50,1000,659
MAP6,SSB,0.25,1.0,0.018712245512477802,124,5,50,1000,660
ZHX2,SSB,0.25,1.0,0.00998899527802927,124,5,50,1000,661
LOC729296,SSB,0.25,1.0,0.005323182243779642,124,5,50,1000,662
ZNF181,SSB,0.25,1.0,0.029193008194427023,124,5,50,1000,663
KLHL24,SSB,0.25,1.0,0.011102673688308199,124,5,50,1000,664
MEPCE,SSB,0.25,2.0,0.012370571609503885,124,5,50,1000,665
ZNF273,SSB,0.25,1.0,0.04844603689377344,124,5,50,1000,666
DRP2,SSB,0.25,1.0,3.146759124171116e-05,124,5,50,1000,667
ZNF501,SSB,0.25,1.0,0.0091211585415645,124,5,50,1000,668
ZNF644,SSB,0.25,1.0,0.003566594950820481,124,5,50,1000,669
LRRC57,SSB,0.25,1.0,0.001649416283562625,124,5,50,1000,670
ZNF669,SSB,0.25,1.0,0.02118935373910331,124,5,50,1000,671
ZNF674-AS1,SSB,0.25,1.0,0.017502474114321896,124,5,50,1000,672
GDF3,SSB,0.25,2.0,0.06049527461886032,124,5,50,1000,673
CT66,SSB,0.25,1.0,0.007225887760397361,124,5,50,1000,674
ZNF812P,SSB,0.25,1.0,0.022701028719400593,124,5,50,1000,675
ATP6V0C,SSB,0.25,1.0,0.00899316568752964,124,5,50,1000,676
ZNF826P,SSB,0.25,1.0,0.003781315432642222,124,5,50,1000,677
CCDC51,SSB,0.25,1.0,0.0002948528979501327,124,5,50,1000,678
SYT10,SSB,0.25,3.0,0.01842776580436629,124,5,50,1000,679
UBE2QL1,SSB,0.20833333333333334,3.0,0.022052855073492975,124,5,50,1000,680
TDGF1,SSB,0.1875,2.0,0.01882116042597477,124,5,50,1000,681
PGM5P2,SSB,0.1875,2.0,0.02335438008999423,124,5,50,1000,682
CCM2,SSB,0.1875,2.0,0.037016374996839775,124,5,50,1000,683
GPR156,SSB,0.1875,2.0,0.021809265711704738,124,5,50,1000,684
LINC00626,SSB,0.1875,2.0,0.01286724532503144,124,5,50,1000,685
AGBL5-AS1,SSB,0.1875,2.0,0.00866015316579177,124,5,50,1000,686
LOC728485,SSB,0.16666666666666666,3.0,0.0037853055570496895,124,5,50,1000,687
MED26,SSB,0.15625,2.0,0.01678712077668152,124,5,50,1000,688
PBX3-DT,SSB,0.15625,2.0,0.03187560738581146,124,5,50,1000,689
TMEM183A,SSB,0.15625,2.0,0.03307286978680733,124,5,50,1000,690
ANAPC1P4,SSB,0.125,1.0,0.004670313247250119,124,5,50,1000,691
RUNDC3A-AS1,SSB,0.125,1.0,0.0235411122390189,124,5,50,1000,692
ABL2,SSB,0.125,1.0,0.017744504828346892,124,5,50,1000,693
DLG2,SSB,0.125,1.0,0.028809431486397745,124,5,50,1000,694
NIM1K,SSB,0.125,1.0,0.02264973056763187,124,5,50,1000,695
NIPAL4,SSB,0.125,1.0,0.00593918276845106,124,5,50,1000,696
HLA-B,SSB,0.125,1.0,0.062187308958624024,124,5,50,1000,697
HMOX2,SSB,0.125,1.0,0.003246427878463341,124,5,50,1000,698
FANK1,SSB,0.125,1.0,0.02655033224805316,124,5,50,1000,699
MIR3914-1,SSB,0.125,1.0,0.020911930794184786,124,5,50,1000,700
CDC42BPA,SSB,0.125,1.0,0.0030318529850964773,124,5,50,1000,701
LINC01616,SSB,0.125,1.0,0.03187560738581146,124,5,50,1000,702
LINC01665,SSB,0.125,2.0,0.006624757131479651,124,5,50,1000,703
ERP29,SSB,0.125,1.0,0.048274394736753934,124,5,50,1000,704
FAM184B,SSB,0.125,1.0,0.0022903092036587742,124,5,50,1000,705
LINC01258,SSB,0.125,1.0,0.0014394611017500322,124,5,50,1000,706
LINC02556,SSB,0.125,1.0,0.003253220694428354,124,5,50,1000,707
KIAA0895L,SSB,0.125,1.0,0.024003858674081852,124,5,50,1000,708
MECOM-AS1,SSB,0.125,1.0,0.0010984669583634088,124,5,50,1000,709
CAPN8,SSB,0.125,1.0,0.007515355076330687,124,5,50,1000,710
EIF3B,SSB,0.125,1.0,0.009748573938476264,124,5,50,1000,711
LTK,SSB,0.125,1.0,0.0031440907629415285,124,5,50,1000,712
LINC01151,SSB,0.125,1.0,0.003450863432796586,124,5,50,1000,713
CDRT15P1,SSB,0.125,1.0,0.004702416362142715,124,5,50,1000,714
SHLD2,SSB,0.125,1.0,0.0020848353925823175,124,5,50,1000,715
NTSR1,SSB,0.125,2.0,0.014896041933442421,124,5,50,1000,716
LOC122526780,SSB,0.125,1.0,0.009256133690432222,124,5,50,1000,717
MIR4671,SSB,0.125,1.0,0.044410694753232796,124,5,50,1000,718
LOC100132077,SSB,0.125,1.0,0.017758504437678922,124,5,50,1000,719
OLIG2,SSB,0.125,1.0,0.004035218423412726,124,5,50,1000,720
SIX3-AS1,SSB,0.125,1.0,0.02274848474625826,124,5,50,1000,721
ZSCAN31,SSB,0.125,1.0,0.006313387233595328,124,5,50,1000,722
OR13A1,SSB,0.125,1.0,2.7613085446720552e-05,124,5,50,1000,723
COLCA2,SSB,0.125,1.0,0.02052929359439826,124,5,50,1000,724
LOC100419583,SSB,0.125,1.0,0.0130748070434509,124,5,50,1000,725
CHMP6,SSB,0.125,1.0,0.0016472773472255345,124,5,50,1000,726
ANKRD20A11P,SSB,0.125,1.0,0.009268486576776837,124,5,50,1000,727
LOC728158,SSB,0.125,1.0,0.0072848191006743,124,5,50,1000,728
LINC01857,SSB,0.125,2.0,0.03801921089058548,124,5,50,1000,729
KLHL2,SSB,0.125,1.0,0.009146495093068847,124,5,50,1000,730
SLC39A13,SSB,0.125,1.0,0.003305375033532902,124,5,50,1000,731
FOXD3-AS1,SSB,0.125,1.0,0.01769330656801825,124,5,50,1000,732
SLC41A1,SSB,0.125,1.0,0.002150231770709069,124,5,50,1000,733
CCDC13-AS1,SSB,0.125,1.0,0.006075874333135745,124,5,50,1000,734
MIR6792,SSB,0.125,1.0,0.025600077429345728,124,5,50,1000,735
FAM172BP,SSB,0.125,1.0,0.005908764468801993,124,5,50,1000,736
MIR6838,SSB,0.125,1.0,0.04570030086875602,124,5,50,1000,737
SLCO1A2,SSB,0.125,1.0,0.007410697138467446,124,5,50,1000,738
SMARCA5-AS1,SSB,0.125,1.0,0.009904609584737533,124,5,50,1000,739
LINC00638,SSB,0.125,1.0,0.0003871862333783687,124,5,50,1000,740
LIME1,SSB,0.125,1.0,0.016888400310326578,124,5,50,1000,741
SNHG29,SSB,0.125,1.0,0.013524853692956397,124,5,50,1000,742
COL4A1,SSB,0.125,1.0,0.015791078445796258,124,5,50,1000,743
OTUD3,SSB,0.125,1.0,0.00016560696989334156,124,5,50,1000,744
SNORD76,SSB,0.125,1.0,0.010539140468477147,124,5,50,1000,745
SNX20,SSB,0.125,1.0,0.05158768233742806,124,5,50,1000,746
PABPN1,SSB,0.125,1.0,0.016585475509694955,124,5,50,1000,747
CANX,SSB,0.125,1.0,0.00302787730586084,124,5,50,1000,748
KRTAP5-9,SSB,0.125,1.0,0.009862277955629448,124,5,50,1000,749
LINC03019,SSB,0.125,1.0,0.012198295285060577,124,5,50,1000,750
KLF3-AS1,SSB,0.125,1.0,0.0007251005408783997,124,5,50,1000,751
SPDYE5,SSB,0.125,1.0,5.128437184186314e-05,124,5,50,1000,752
LGR4-AS1,SSB,0.125,1.0,0.022370569255225885,124,5,50,1000,753
GPR27,SSB,0.125,1.0,0.018882073359552443,124,5,50,1000,754
CEP83-DT,SSB,0.125,1.0,0.012429280721963646,124,5,50,1000,755
FUCA2,SSB,0.125,1.0,0.0013457232470492624,124,5,50,1000,756
KHDRBS2,SSB,0.125,1.0,0.007775856770764303,124,5,50,1000,757
MOCOS,SSB,0.125,1.0,0.0006634190203877985,124,5,50,1000,758
AGAP7P,SSB,0.125,1.0,0.001346252850845819,124,5,50,1000,759
CYFIP2,SSB,0.125,1.0,0.0038109756097560983,124,5,50,1000,760
ATOH7,SSB,0.125,1.0,0.0005686436352867791,124,5,50,1000,761
GJB5,SSB,0.125,1.0,0.030338421168967077,124,5,50,1000,762
STRADA,SSB,0.125,1.0,0.0011265589002494238,124,5,50,1000,763
MREG,SSB,0.125,1.0,0.02084987692632911,124,5,50,1000,764
SUB1,SSB,0.125,1.0,0.0215315719527882,124,5,50,1000,765
SUFU,SSB,0.125,1.0,0.008094886143666631,124,5,50,1000,766
PCDHB13,SSB,0.125,1.0,0.006955860847532399,124,5,50,1000,767
EXD2,SSB,0.125,1.0,0.003361203325194106,124,5,50,1000,768
SULF1,SSB,0.125,1.0,0.0020615141987250047,124,5,50,1000,769
SYN3,SSB,0.125,1.0,0.03454964118277571,124,5,50,1000,770
PCDHB4,SSB,0.125,1.0,0.02258355916892502,124,5,50,1000,771
PCDHB7,SSB,0.125,1.0,0.022926595379966976,124,5,50,1000,772
LCMT1-AS2,SSB,0.125,1.0,0.005885488372113757,124,5,50,1000,773
DNAAF9,SSB,0.125,1.0,0.002739721653475739,124,5,50,1000,774
MRLN,SSB,0.125,1.0,0.009309820777647575,124,5,50,1000,775
LINC01949,SSB,0.125,1.0,8.115200875766705e-05,124,5,50,1000,776
PELP1,SSB,0.125,1.0,0.017296564445918705,124,5,50,1000,777
TCEAL4,SSB,0.125,1.0,0.03671664849727062,124,5,50,1000,778
CCR1,SSB,0.125,1.0,0.027509196638555115,124,5,50,1000,779
ADPGK-AS1,SSB,0.125,1.0,0.00270644801659021,124,5,50,1000,780
TEC,SSB,0.125,1.0,0.0011809601889536305,124,5,50,1000,781
KRT13,SSB,0.125,1.0,0.0105358237657318,124,5,50,1000,782
TENM3-AS1,SSB,0.125,1.0,0.026153917540559006,124,5,50,1000,783
LETM1,SSB,0.125,1.0,0.010628641700582676,124,5,50,1000,784
TGFBI,SSB,0.125,1.0,0.0007251005408783997,124,5,50,1000,785
LINC00484,SSB,0.125,1.0,0.004843115540789959,124,5,50,1000,786
TIPARP-AS1,SSB,0.125,1.0,0.0009996338789496852,124,5,50,1000,787
MSANTD2,SSB,0.125,1.0,0.0019792914575206223,124,5,50,1000,788
C4orf3,SSB,0.125,1.0,0.03056722935443359,124,5,50,1000,789
TMEM167A,SSB,0.125,1.0,0.008126882999750533,124,5,50,1000,790
GASK1B-AS1,SSB,0.125,1.0,0.023962286726354327,124,5,50,1000,791
LINC00324,SSB,0.125,1.0,0.028029453611384484,124,5,50,1000,792
PIP5KL1,SSB,0.125,1.0,0.0026790874080259465,124,5,50,1000,793
FAM135A-AS1,SSB,0.125,1.0,0.0002316828248888253,124,5,50,1000,794
C11orf97,SSB,0.125,1.0,0.02364217194174332,124,5,50,1000,795
ATF1,SSB,0.125,1.0,0.012457534938393104,124,5,50,1000,796
GGT6,SSB,0.125,1.0,0.05265682869259848,124,5,50,1000,797
MEGF6,SSB,0.125,1.0,0.009012555090077484,124,5,50,1000,798
PLBD1,SSB,0.125,1.0,0.008845739238554574,124,5,50,1000,799
ITGAL,SSB,0.125,1.0,0.01189145773636021,124,5,50,1000,800
PLGLB1,SSB,0.125,1.0,0.0003233555062823355,124,5,50,1000,801
CEP170P1,SSB,0.125,1.0,0.0005127078297810006,124,5,50,1000,802
EYA3,SSB,0.125,1.0,0.008056672676426664,124,5,50,1000,803
TSC22D4,SSB,0.125,1.0,0.016185840176936105,124,5,50,1000,804
MVD,SSB,0.125,1.0,0.0002686572892479514,124,5,50,1000,805
CRABP2,SSB,0.125,1.0,0.03378639552384059,124,5,50,1000,806
CRABP1,SSB,0.125,1.0,0.013617120744241791,124,5,50,1000,807
TTC3-AS1,SSB,0.125,1.0,6.070244873678204e-07,124,5,50,1000,808
TTLL11,SSB,0.125,1.0,0.014827440452390473,124,5,50,1000,809
PPFIA3,SSB,0.125,1.0,0.005008630944395251,124,5,50,1000,810
LINC01381,SSB,0.125,1.0,4.540803756831632e-05,124,5,50,1000,811
PPP2CB,SSB,0.125,1.0,0.037922864897975715,124,5,50,1000,812
TXNDC12-AS1,SSB,0.125,1.0,0.006710743682414642,124,5,50,1000,813
ETV5,SSB,0.125,1.0,0.03250753199900213,124,5,50,1000,814
CCND2-AS1,SSB,0.125,1.0,0.018451403943960165,124,5,50,1000,815
PROK2,SSB,0.125,1.0,0.04677637073845659,124,5,50,1000,816
ULBP2,SSB,0.125,1.0,0.0047032793402453634,124,5,50,1000,817
ANGPTL7,SSB,0.125,1.0,0.007339108399553785,124,5,50,1000,818
PRR16,SSB,0.125,1.0,0.005188413948256468,124,5,50,1000,819
PRR19,SSB,0.125,1.0,0.03971291138449754,124,5,50,1000,820
HORMAD2,SSB,0.125,1.0,0.007970929978277667,124,5,50,1000,821
LGALSL,SSB,0.125,1.0,0.02597766732978108,124,5,50,1000,822
FAM131B-AS2,SSB,0.125,1.0,0.012985711513853365,124,5,50,1000,823
VSIG8,SSB,0.125,1.0,0.05732241595998004,124,5,50,1000,824
LRRC46,SSB,0.125,1.0,0.014961336650508235,124,5,50,1000,825
KIF14,SSB,0.125,1.0,0.03245946370879803,124,5,50,1000,826
MYRF,SSB,0.125,1.0,0.03751744600279137,124,5,50,1000,827
PYGB,SSB,0.125,1.0,0.0033812134232390992,124,5,50,1000,828
PYGO2,SSB,0.125,1.0,0.017605885848675278,124,5,50,1000,829
WDR97,SSB,0.125,1.0,0.0018038249238843797,124,5,50,1000,830
WSB1,SSB,0.125,1.0,0.010137700567744127,124,5,50,1000,831
KMT2D,SSB,0.125,1.0,0.007847869307062183,124,5,50,1000,832
HSPB7,SSB,0.125,1.0,0.025293692046990723,124,5,50,1000,833
ELMO1-AS1,SSB,0.125,1.0,0.017110502737680437,124,5,50,1000,834
CTU1,SSB,0.125,2.0,0.00035452546212947934,124,5,50,1000,835
YWHAQ,SSB,0.125,1.0,0.01951938368433926,124,5,50,1000,836
NAPA,SSB,0.125,1.0,0.014636034862090776,124,5,50,1000,837
ZBTB3,SSB,0.125,1.0,0.008772482914218822,124,5,50,1000,838
INMT,SSB,0.125,1.0,0.019738086556992357,124,5,50,1000,839
ZCCHC18,SSB,0.125,1.0,0.003998503060416756,124,5,50,1000,840
RBM45,SSB,0.125,1.0,0.0009992406319477378,124,5,50,1000,841
GYG2P1,SSB,0.125,1.0,0.0030615235619440833,124,5,50,1000,842
HOXB2,SSB,0.125,1.0,0.03666443781359354,124,5,50,1000,843
MFSD4B,SSB,0.125,1.0,0.0019447193460357661,124,5,50,1000,844
ZNF14,SSB,0.125,1.0,0.0002816027935484479,124,5,50,1000,845
LOC730098,SSB,0.125,1.0,0.011940323966575619,124,5,50,1000,846
LOC100128317,SSB,0.125,1.0,0.005855999038496512,124,5,50,1000,847
MICB,SSB,0.125,1.0,0.02975784924125588,124,5,50,1000,848
ZNF236-DT,SSB,0.125,1.0,0.008197397923175588,124,5,50,1000,849
NCF1,SSB,0.125,1.0,0.04965606079574339,124,5,50,1000,850
ZNF302,SSB,0.125,1.0,0.00899316568752964,124,5,50,1000,851
LTBP1,SSB,0.125,1.0,0.01678712077668152,124,5,50,1000,852
ZNF503,SSB,0.125,1.0,0.02597766732978108,124,5,50,1000,853
HRH3,SSB,0.125,1.0,0.00647747882339523,124,5,50,1000,854
DUS1L,SSB,0.125,1.0,0.00031714082744156155,124,5,50,1000,855
H3-4,SSB,0.125,1.0,0.0025658483185817074,124,5,50,1000,856
RNFT1-DT,SSB,0.125,1.0,1.5230005059407683e-07,124,5,50,1000,857
ROR1,SSB,0.125,1.0,0.003965143925281755,124,5,50,1000,858
CTD-2350J17.1,SSB,0.0625,1.0,0.012595386874766032,124,5,50,1000,859
ATP6V1C1,SSB,0.0625,1.0,0.005100376394345039,124,5,50,1000,860
INHBA,SSB,0.0625,1.0,0.02979528410242551,124,5,50,1000,861
COLCA1,SSB,0.0625,1.0,0.023762615393940825,124,5,50,1000,862
LOC102724378,SSB,0.0625,1.0,0.002626017790386825,124,5,50,1000,863
RIPOR1,SSB,0.0625,1.0,0.005476918784734345,124,5,50,1000,864
SLC39A3,SSB,0.0625,1.0,0.0007677445550447412,124,5,50,1000,865
ETHE1,SSB,0.0625,1.0,0.0027756684220770498,124,5,50,1000,866
GABRA5,SSB,0.0625,1.0,0.001615783979761466,124,5,50,1000,867
APOA1,SSB,0.0625,1.0,0.005154252769278782,124,5,50,1000,868
THSD4,SSB,0.0625,1.0,0.03716941491525927,124,5,50,1000,869
GNA14,SSB,0.0625,1.0,0.01836237543798007,124,5,50,1000,870
ADAM7,SSB,0.0625,1.0,0.0039040006246401,124,5,50,1000,871
LRFN4,SSB,0.0625,1.0,0.0205717712914834,124,5,50,1000,872
ZNF761,SSB,0.0625,1.0,0.001049195048542595,124,5,50,1000,873
PIP5K1C,SSB,0.0625,1.0,0.0016069240927242935,124,5,50,1000,874
STEAP3,SSB,0.0625,1.0,0.023762615393940825,124,5,50,1000,875
LOC100287329,SSB,0.0625,1.0,0.0513475407179321,124,5,50,1000,876
ZBTB24,SSB,0.0625,1.0,0.0034267511383667274,124,5,50,1000,877
PELP1-DT,SSB,0.0625,1.0,0.006177051912407551,124,5,50,1000,878
GLRA3,SSB,0.0625,1.0,0.017933892080233545,124,5,50,1000,879
PLEKHG4B,SSB,0.03125,1.0,0.014074961475702204,124,5,50,1000,880
ADGRL2,SSB,0.0,0.0,0.010971810652685963,124,5,50,1000,881
ADGRL3,SSB,0.0,0.0,0.022300303147291135,124,5,50,1000,882
ADGRL3-AS1,SSB,0.0,0.0,0.004164187983343247,124,5,50,1000,883
ADGRL4,SSB,0.0,0.0,0.00015595525180833468,124,5,50,1000,884
ADH1A,SSB,0.0,0.0,0.03917713022190635,124,5,50,1000,885
ADH1B,SSB,0.0,0.0,0.008919300162991514,124,5,50,1000,886
ADH1C,SSB,0.0,0.0,0.03930316025650983,124,5,50,1000,887
ADH4,SSB,0.0,0.0,0.009421394003101805,124,5,50,1000,888
ADH5,SSB,0.0,0.0,0.012457534938393104,124,5,50,1000,889
ADH7,SSB,0.0,0.0,0.008067939163210691,124,5,50,1000,890
ADHFE1,SSB,0.0,0.0,0.01908563314024733,124,5,50,1000,891
ADIG,SSB,0.0,0.0,0.0013197640794750097,124,5,50,1000,892
ADIPOQ,SSB,0.0,0.0,0.013253911902949535,124,5,50,1000,893
ADIPOQ-AS1,SSB,0.0,0.0,0.0005989496287299818,124,5,50,1000,894
ADIPOR1,SSB,0.0,0.0,0.017605885848675278,124,5,50,1000,895
ADIPOR2,SSB,0.0,0.0,0.009865806058528968,124,5,50,1000,896
ADIRF,SSB,0.0,0.0,0.005556058145722515,124,5,50,1000,897
ADIRF-AS1,SSB,0.0,0.0,5.498031826446173e-05,124,5,50,1000,898
ADK,SSB,0.0,0.0,0.0018094769011082264,124,5,50,1000,899
ADM,SSB,0.0,0.0,0.003947769611449064,124,5,50,1000,900
ADM2,SSB,0.0,0.0,0.0006044789008078907,124,5,50,1000,901
ADM5,SSB,0.0,0.0,0.006402928480850559,124,5,50,1000,902
ADNP,SSB,0.0,0.0,0.008482503617887702,124,5,50,1000,903
ADNP-AS1,SSB,0.0,0.0,0.011517691326177058,124,5,50,1000,904
ADNP2,SSB,0.0,0.0,0.002460987334993534,124,5,50,1000,905
ADO,SSB,0.0,0.0,0.0014035972662750115,124,5,50,1000,906
ADORA2A,SSB,0.0,0.0,0.033482621193690616,124,5,50,1000,907
ADORA2A-AS1,SSB,0.0,0.0,0.016236109106653202,124,5,50,1000,908
ADORA2B,SSB,0.0,0.0,0.024274445550577957,124,5,50,1000,909
ADORA3,SSB,0.0,0.0,0.0004532607688822537,124,5,50,1000,910
ADPGK,SSB,0.0,0.0,9.766413335060768e-06,124,5,50,1000,911
ADPRH,SSB,0.0,0.0,0.0007357437977190076,124,5,50,1000,912
ADPRHL1,SSB,0.0,0.0,0.0070400698387112,124,5,50,1000,913
ADPRM,SSB,0.0,0.0,0.01118506801567959,124,5,50,1000,914
ADPRS,SSB,0.0,0.0,0.00023765731802517085,124,5,50,1000,915
ADRA1A,SSB,0.0,0.0,0.004664800746368119,124,5,50,1000,916
ADRA1B,SSB,0.0,0.0,0.00025447880040653043,124,5,50,1000,917
ADRA1D,SSB,0.0,0.0,0.021102578474256672,124,5,50,1000,918
ADRA2A,SSB,0.0,0.0,9.747203238020917e-06,124,5,50,1000,919
ADRA2B,SSB,0.0,0.0,0.0006073459944085607,124,5,50,1000,920
ADRA2C,SSB,0.0,0.0,0.0005890651830078257,124,5,50,1000,921
ADRB1,SSB,0.0,0.0,0.027967822394851582,124,5,50,1000,922
ADRB2,SSB,0.0,0.0,0.0017112433684750468,124,5,50,1000,923
ADRB3,SSB,0.0,0.0,0.002513471095529797,124,5,50,1000,924
ADRM1,SSB,0.0,0.0,0.0008566877845916818,124,5,50,1000,925
ADSL,SSB,0.0,0.0,0.005212469231582278,124,5,50,1000,926
ADSS1,SSB,0.0,0.0,0.0021234103397456553,124,5,50,1000,927
ADSS2,SSB,0.0,0.0,0.00538289298819705,124,5,50,1000,928
ADTRP,SSB,0.0,0.0,7.50700027775901e-06,124,5,50,1000,929
AEBP1,SSB,0.0,0.0,0.006154297547355711,124,5,50,1000,930
AEBP2,SSB,0.0,0.0,0.01211150922344336,124,5,50,1000,931
AEN,SSB,0.0,0.0,5.482801821386764e-06,124,5,50,1000,932
AFAP1,SSB,0.0,0.0,0.012657271682238753,124,5,50,1000,933
AFAP1-AS1,SSB,0.0,0.0,0.008340581695997714,124,5,50,1000,934
AFAP1L1,SSB,0.0,0.0,0.004473016875337501,124,5,50,1000,935
AFAP1L2,SSB,0.0,0.0,0.00302787730586084,124,5,50,1000,936
AFDN,SSB,0.0,0.0,0.01370700455346691,124,5,50,1000,937
AFDN-DT,SSB,0.0,0.0,0.012720252525667886,124,5,50,1000,938
AFF1,SSB,0.0,0.0,4.4136254267586355e-05,124,5,50,1000,939
AFF1-AS1,SSB,0.0,0.0,0.0034725934535955448,124,5,50,1000,940
AFF2,SSB,0.0,0.0,0.009375870747451148,124,5,50,1000,941
AFF3,SSB,0.0,0.0,0.003339446337365652,124,5,50,1000,942
AFF4,SSB,0.0,0.0,0.004719502977342699,124,5,50,1000,943
AFG1L,SSB,0.0,0.0,0.007868308527780952,124,5,50,1000,944
AFG3L1P,SSB,0.0,0.0,0.0011794115918005309,124,5,50,1000,945
AFG3L2,SSB,0.0,0.0,0.009596313855410214,124,5,50,1000,946
AFM,SSB,0.0,0.0,0.0018026025741306978,124,5,50,1000,947
AFMID,SSB,0.0,0.0,0.01280843425496186,124,5,50,1000,948
AFP,SSB,0.0,0.0,0.012040322912584178,124,5,50,1000,949
AFTPH,SSB,0.0,0.0,0.00014636034862090778,124,5,50,1000,950
AFTPH-DT,SSB,0.0,0.0,0.017246693132397246,124,5,50,1000,951
AGA,SSB,0.0,0.0,0.0011003678655422048,124,5,50,1000,952
AGAP1,SSB,0.0,0.0,0.02020626058239928,124,5,50,1000,953
AGAP1-IT1,SSB,0.0,0.0,0.0019818903171024507,124,5,50,1000,954
AGAP11,SSB,0.0,0.0,0.012283912880715859,124,5,50,1000,955
AGAP12P,SSB,0.0,0.0,0.006434571666650582,124,5,50,1000,956
AGAP13P,SSB,0.0,0.0,0.0004920514178125003,124,5,50,1000,957
AGAP14P,SSB,0.0,0.0,0.00433053868105187,124,5,50,1000,958
AGAP2,SSB,0.0,0.0,0.004935168789627006,124,5,50,1000,959
AGAP2-AS1,SSB,0.0,0.0,0.023164837695359076,124,5,50,1000,960
AGAP3,SSB,0.0,0.0,0.003114383734598276,124,5,50,1000,961
AGAP4,SSB,0.0,0.0,0.001996953599512575,124,5,50,1000,962
AGAP5,SSB,0.0,0.0,0.00020415386963735748,124,5,50,1000,963
AGAP6,SSB,0.0,0.0,6.154955939747907e-05,124,5,50,1000,964
AGAP9,SSB,0.0,0.0,0.0012296526231339645,124,5,50,1000,965
AGBL1,SSB,0.0,0.0,0.01140546552857819,124,5,50,1000,966
AGBL1-AS1,SSB,0.0,0.0,0.016862390846130684,124,5,50,1000,967
AGBL2,SSB,0.0,0.0,0.000314721848830004,124,5,50,1000,968
AGBL3,SSB,0.0,0.0,0.0009265935078143632,124,5,50,1000,969
AGBL4,SSB,0.0,0.0,0.047366818761486705,124,5,50,1000,970
AGBL4-AS1,SSB,0.0,0.0,,124,5,50,1000,971
AGBL4-IT1,SSB,0.0,0.0,0.001504145571942182,124,5,50,1000,972
AGBL5,SSB,0.0,0.0,0.012544802867383513,124,5,50,1000,973
AGER,SSB,0.0,0.0,9.537513022520279e-05,124,5,50,1000,974
AGFG1,SSB,0.0,0.0,0.004046460044234026,124,5,50,1000,975
AGFG2,SSB,0.0,0.0,0.01569314951326427,124,5,50,1000,976
AGGF1,SSB,0.0,0.0,0.010216439693901267,124,5,50,1000,977
AGK,SSB,0.0,0.0,0.0024564475160318644,124,5,50,1000,978
AGL,SSB,0.0,0.0,0.006685363949658231,124,5,50,1000,979
AGMAT,SSB,0.0,0.0,0.0038502975790688553,124,5,50,1000,980
AGMO,SSB,0.0,0.0,0.007491101768775316,124,5,50,1000,981
AGO1,SSB,0.0,0.0,0.01029548342015959,124,5,50,1000,982
AGO2,SSB,0.0,0.0,0.004881164156513691,124,5,50,1000,983
AGO3,SSB,0.0,0.0,0.0001286918572178381,124,5,50,1000,984
AGO4,SSB,0.0,0.0,0.003011179906249216,124,5,50,1000,985
AGPAT1,SSB,0.0,0.0,0.015401190316275421,124,5,50,1000,986
AGPAT2,SSB,0.0,0.0,0.010059266041688178,124,5,50,1000,987
AGPAT3,SSB,0.0,0.0,0.004897829033191999,124,5,50,1000,988
AGPAT4,SSB,0.0,0.0,0.029619466139586645,124,5,50,1000,989
AGPAT4-IT1,SSB,0.0,0.0,1.3030007624967425e-05,124,5,50,1000,990
AGPAT5,SSB,0.0,0.0,0.0010244685569360892,124,5,50,1000,991
AGPS,SSB,0.0,0.0,0.018229432521804746,124,5,50,1000,992
AGR2,SSB,0.0,0.0,0.0013745079566115429,124,5,50,1000,993
AGR3,SSB,0.0,0.0,0.0013745079566115429,124,5,50,1000,994
AGRN,SSB,0.0,0.0,0.0030738184333120528,124,5,50,1000,995
AGRP,SSB,0.0,0.0,0.02400171097070853,124,5,50,1000,996
AGT,SSB,0.0,0.0,0.022009329928900194,124,5,50,1000,997
AGTPBP1,SSB,0.0,0.0,0.0010254101640656264,124,5,50,1000,998
AGTR1,SSB,0.0,0.0,0.0033856530417044877,124,5,50,1000,999
AGTR2,SSB,0.0,0.0,0.0009896295074531471,124,5,50,1000,1000
LINC02384,ANA,1.0,1.0,0.11354293930597213,160,5,50,1000,1
CD27,ANA,1.0,1.0,0.11752819904956753,160,5,50,1000,2
CXCR3,ANA,1.0,4.0,0.1312695947841927,160,5,50,1000,3
NME8,ANA,1.0,2.0,0.06198935992956798,160,5,50,1000,4
TASL,ANA,1.0,2.0,0.09789268566547495,160,5,50,1000,5
MIR548O,ANA,1.0,2.0,0.13320007931926683,160,5,50,1000,6
MIR5006,ANA,1.0,9.0,0.08937890071380729,160,5,50,1000,7
MIR4429,ANA,1.0,2.0,0.11078375004551409,160,5,50,1000,8
LAMP3,ANA,1.0,7.0,0.09388502447856432,160,5,50,1000,9
SPIB,ANA,1.0,4.0,0.1348535652042131,160,5,50,1000,10
MIR3124,ANA,1.0,8.0,0.12651499160080656,160,5,50,1000,11
MIR494,ANA,1.0,99.0,0.20688243048154395,160,5,50,1000,12
MIR5692C2,ANA,1.0,11.0,0.09979180430665327,160,5,50,1000,13
MIR4742,ANA,1.0,13.0,0.13665159289448903,160,5,50,1000,14
XAF1,ANA,1.0,1.0,0.10125236304197432,160,5,50,1000,15
MIR4753,ANA,1.0,3.0,0.10610893709609329,160,5,50,1000,16
CD226,ANA,1.0,2.0,0.056512289436270804,160,5,50,1000,17
ELK2AP,ANA,0.9829545454545454,44.0,0.1284594379361508,160,5,50,1000,18
MIR758,ANA,0.9416666666666667,15.0,0.10934594083347854,160,5,50,1000,19
IL2RB,ANA,0.9166666666666666,6.0,0.1222704168967751,160,5,50,1000,20
IFI6,ANA,0.9027777777777778,9.0,0.07718973172769492,160,5,50,1000,21
B2M,ANA,0.78125,4.0,0.15897976862116442,160,5,50,1000,22
IFI35,ANA,0.625,2.0,0.09541012616995799,160,5,50,1000,23
POU2F2,ANA,0.625,2.0,0.08417438237854476,160,5,50,1000,24
CD70,ANA,0.625,2.0,0.11985290188262913,160,5,50,1000,25
LINC01623,ANA,0.5,1.0,0.0016361112500773184,160,5,50,1000,26
STOML1,ANA,0.5,1.0,0.0020779146972600034,160,5,50,1000,27
STAU2-AS1,ANA,0.5,1.0,0.00750909674440146,160,5,50,1000,28
CPEB2-DT,ANA,0.5,1.0,0.01757736961739572,160,5,50,1000,29
SRPK2,ANA,0.5,1.0,6.92100300725886e-05,160,5,50,1000,30
TMEM123-DT,ANA,0.5,1.0,0.030893203751355555,160,5,50,1000,31
MMP23A,ANA,0.5,5.0,0.011703458559375381,160,5,50,1000,32
TM4SF19-AS1,ANA,0.5,1.0,0.002680332229829432,160,5,50,1000,33
FAM47E,ANA,0.5,1.0,0.04886058568997874,160,5,50,1000,34
HHIPL1,ANA,0.5,1.0,7.700903417006667e-06,160,5,50,1000,35
LOC105378367,ANA,0.5,1.0,0.001354715754551472,160,5,50,1000,36
HOXB2,ANA,0.5,1.0,0.031230835752683993,160,5,50,1000,37
SPATA9,ANA,0.5,1.0,0.03864457144401793,160,5,50,1000,38
SMIM10L1,ANA,0.5,2.0,0.016983210961956135,160,5,50,1000,39
KRT6C,ANA,0.5,1.0,0.002104848545671118,160,5,50,1000,40
DDX24,ANA,0.5,1.0,0.013587811181014183,160,5,50,1000,41
CPLX1,ANA,0.5,1.0,0.028827064227428374,160,5,50,1000,42
TLR5,ANA,0.5,1.0,0.02939107505175054,160,5,50,1000,43
CYB5R4,ANA,0.5,1.0,0.0170990381521184,160,5,50,1000,44
DDX28,ANA,0.5,1.0,0.025189719918635587,160,5,50,1000,45
SMG1P2,ANA,0.5,1.0,0.001144310149197624,160,5,50,1000,46
CPM,ANA,0.5,1.0,0.05765803965678938,160,5,50,1000,47
MMP16,ANA,0.5,1.0,0.012132352167652606,160,5,50,1000,48
LOC105369306,ANA,0.5,1.0,0.004545193021900231,160,5,50,1000,49
SLC47A1P2,ANA,0.5,1.0,0.0010377970140188284,160,5,50,1000,50
THEMIS2,ANA,0.5,1.0,0.10295345803699979,160,5,50,1000,51
SLC39A2,ANA,0.5,1.0,0.023475332205638046,160,5,50,1000,52
GNMT,ANA,0.5,1.0,0.06909008919284484,160,5,50,1000,53
FAM153A,ANA,0.5,1.0,0.011269018596286854,160,5,50,1000,54
TGIF1,ANA,0.5,1.0,0.003468431432173192,160,5,50,1000,55
SLC11A2,ANA,0.5,2.0,0.0046223733453785755,160,5,50,1000,56
KIF27,ANA,0.5,1.0,0.014918337751249611,160,5,50,1000,57
FBXW4,ANA,0.5,1.0,9.310705207499934e-05,160,5,50,1000,58
ITPR1-DT,ANA,0.5,3.0,0.020569215638062462,160,5,50,1000,59
MKRN2OS,ANA,0.5,1.0,0.0633305213010828,160,5,50,1000,60
MISP3,ANA,0.5,1.0,0.028159304702269024,160,5,50,1000,61
SLC10A1,ANA,0.5,2.0,0.0007231587618544854,160,5,50,1000,62
SIGLEC16,ANA,0.5,1.0,0.005908986263525438,160,5,50,1000,63
PGR,ANA,0.5,1.0,0.0017302507518147147,160,5,50,1000,64
SHISA8,ANA,0.5,1.0,0.028122367537754045,160,5,50,1000,65
MIR941-3,ANA,0.5,1.0,0.06985414089585494,160,5,50,1000,66
NAALADL2-AS2,ANA,0.5,2.0,0.0060043544040498395,160,5,50,1000,67
CA5BP1,ANA,0.5,1.0,0.0020779146972600034,160,5,50,1000,68
HOXA10,ANA,0.5,2.0,0.04817976372614552,160,5,50,1000,69
AMER2,ANA,0.5,1.0,0.038957325524964635,160,5,50,1000,70
SFR1,ANA,0.5,1.0,0.009591035054208505,160,5,50,1000,71
SCN1B,ANA,0.5,1.0,0.042419727919273266,160,5,50,1000,72
LINC01995,ANA,0.5,1.0,0.0013172929413537606,160,5,50,1000,73
DDX5,ANA,0.5,1.0,0.004991406449124112,160,5,50,1000,74
SCGN,ANA,0.5,1.0,0.0005327864408816317,160,5,50,1000,75
SAFB,ANA,0.5,1.0,0.0006450821664506595,160,5,50,1000,76
MIR92A1,ANA,0.5,2.0,0.08373780719634726,160,5,50,1000,77
CMTM3,ANA,0.5,1.0,0.03405971514817762,160,5,50,1000,78
RRAGD,ANA,0.5,2.0,0.06078871969131119,160,5,50,1000,79
RPSAP58,ANA,0.5,2.0,0.016810208242920226,160,5,50,1000,80
RPP25,ANA,0.5,2.0,0.011645811375863664,160,5,50,1000,81
INHBB,ANA,0.5,1.0,0.032322883791967676,160,5,50,1000,82
BAP1,ANA,0.5,1.0,6.930813075306001e-05,160,5,50,1000,83
COLEC12,ANA,0.5,1.0,0.0023297850602742973,160,5,50,1000,84
ROPN1B,ANA,0.5,1.0,0.00577470918959573,160,5,50,1000,85
RNGTT,ANA,0.5,1.0,0.01931284313928097,160,5,50,1000,86
CARMN,ANA,0.5,1.0,0.024219314859582942,160,5,50,1000,87
FAM27E3,ANA,0.5,2.0,0.0024181313231318564,160,5,50,1000,88
B3GNT3,ANA,0.5,2.0,0.018278959995827467,160,5,50,1000,89
RHD,ANA,0.5,1.0,0.0515285929800117,160,5,50,1000,90
BTG2,ANA,0.5,5.0,0.05419621391717323,160,5,50,1000,91
IMPDH1,ANA,0.5,1.0,0.016070764311841828,160,5,50,1000,92
TDO2,ANA,0.5,1.0,0.041205985858441846,160,5,50,1000,93
BASP1-AS1,ANA,0.5,1.0,0.01004721512794232,160,5,50,1000,94
MYOCD,ANA,0.5,1.0,0.011651787723746794,160,5,50,1000,95
MIR6812,ANA,0.5,1.0,0.023560910307898267,160,5,50,1000,96
KIAA2013,ANA,0.5,1.0,0.005374610424053481,160,5,50,1000,97
MANEAL,ANA,0.5,2.0,0.0034954325748073993,160,5,50,1000,98
GVQW3,ANA,0.5,1.0,0.01590248521653386,160,5,50,1000,99
RCSD1,ANA,0.5,2.0,0.10352363878449354,160,5,50,1000,100
CRABP1,ANA,0.5,1.0,0.03938011855677283,160,5,50,1000,101
APBB1IP,ANA,0.5,1.0,0.026324085441741817,160,5,50,1000,102
ASAP1,ANA,0.5,1.0,0.021366788171319737,160,5,50,1000,103
FOXI1,ANA,0.5,3.0,0.0376290877796902,160,5,50,1000,104
MCL1,ANA,0.5,1.0,0.027862306860374608,160,5,50,1000,105
KCNC1,ANA,0.5,1.0,0.012915035044368707,160,5,50,1000,106
GABRA4,ANA,0.5,1.0,0.002092090285408316,160,5,50,1000,107
GCNT3,ANA,0.5,1.0,0.02238556037430782,160,5,50,1000,108
RCN2,ANA,0.5,1.0,0.003954669449668313,160,5,50,1000,109
ALDOC,ANA,0.5,1.0,0.0004029964503935861,160,5,50,1000,110
MAILR,ANA,0.5,1.0,0.01282317459005343,160,5,50,1000,111
RBP3,ANA,0.5,2.0,0.013982541962714739,160,5,50,1000,112
TBC1D30,ANA,0.5,1.0,0.00828612146055834,160,5,50,1000,113
RBMXL1,ANA,0.5,1.0,0.0067908118629873586,160,5,50,1000,114
BBOX1-AS1,ANA,0.5,1.0,0.00013240463876565073,160,5,50,1000,115
MAPK6-DT,ANA,0.5,2.0,0.007072304770663807,160,5,50,1000,116
LOC283194,ANA,0.5,2.0,0.010835830172681709,160,5,50,1000,117
ISG15,ANA,0.5,1.0,0.08347559559482727,160,5,50,1000,118
TBC1D17,ANA,0.5,1.0,0.001380491335594768,160,5,50,1000,119
C1QTNF7-AS1,ANA,0.5,1.0,0.017005209636764104,160,5,50,1000,120
DNAL1,ANA,0.5,1.0,0.00012056311499366741,160,5,50,1000,121
RASSF7,ANA,0.5,2.0,0.030128170117372215,160,5,50,1000,122
TAF1B,ANA,0.5,1.0,0.007580247478519815,160,5,50,1000,123
RAD21,ANA,0.5,1.0,0.009203993135000185,160,5,50,1000,124
RAB9A,ANA,0.5,1.0,0.007813771626569991,160,5,50,1000,125
LOC112543491,ANA,0.5,1.0,0.018854691104982592,160,5,50,1000,126
PSMD6,ANA,0.5,2.0,2.2744740294183357e-05,160,5,50,1000,127
PSEN2,ANA,0.5,1.0,0.0018328410845849022,160,5,50,1000,128
ARID3B,ANA,0.5,1.0,0.013614750743626338,160,5,50,1000,129
CREB5,ANA,0.5,1.0,0.005128210852893176,160,5,50,1000,130
GKAP1,ANA,0.5,1.0,0.013900958416184191,160,5,50,1000,131
PRMT9,ANA,0.5,1.0,0.003843861109716987,160,5,50,1000,132
LINC02982,ANA,0.5,1.0,0.00015168114188902302,160,5,50,1000,133
CLDN16,ANA,0.5,1.0,0.0006175474936232251,160,5,50,1000,134
ISG20L2,ANA,0.5,1.0,0.010389032237747856,160,5,50,1000,135
STT3A-AS1,ANA,0.5,1.0,0.0022304688737458857,160,5,50,1000,136
PPARGC1A,ANA,0.5,1.0,0.009257521045404575,160,5,50,1000,137
CRELD2,ANA,0.5,2.0,0.0017669428018370964,160,5,50,1000,138
EAF2,ANA,0.5,1.0,0.09942550156519242,160,5,50,1000,139
CFAP54,ANA,0.5,1.0,0.04469371683209325,160,5,50,1000,140
LINC01624,ANA,0.5,2.0,0.048319238989579245,160,5,50,1000,141
IRF6,ANA,0.5,1.0,0.0010705035284485163,160,5,50,1000,142
JMJD6,ANA,0.5,1.0,0.0013314837394173607,160,5,50,1000,143
HP,ANA,0.5,1.0,0.004349715516771801,160,5,50,1000,144
PODXL2,ANA,0.5,1.0,0.00994176411600826,160,5,50,1000,145
FENDRR,ANA,0.5,1.0,0.024964684051736494,160,5,50,1000,146
PLSCR2,ANA,0.5,4.0,0.013046931076190975,160,5,50,1000,147
ARHGAP11A-DT,ANA,0.5,1.0,0.01463008508248635,160,5,50,1000,148
PLIN5,ANA,0.5,1.0,0.06490319277600477,160,5,50,1000,149
COIL,ANA,0.5,2.0,0.0063591907448465775,160,5,50,1000,150
EPM2A,ANA,0.5,1.0,0.003121123252547721,160,5,50,1000,151
MAP2,ANA,0.5,2.0,0.004413648221900098,160,5,50,1000,152
LINC02984,ANA,0.5,1.0,0.00043944226397760964,160,5,50,1000,153
PLEKHM3,ANA,0.5,2.0,0.01206835525700025,160,5,50,1000,154
PLCXD1,ANA,0.5,1.0,0.0025518165732634824,160,5,50,1000,155
MIR329-1,ANA,0.5,1.0,0.0366883977960359,160,5,50,1000,156
CCL4L2,ANA,0.5,1.0,0.07047155524938675,160,5,50,1000,157
PIGN,ANA,0.5,1.0,0.007461373744111579,160,5,50,1000,158
LINC02542,ANA,0.5,1.0,0.04720771102050939,160,5,50,1000,159
EIF4E,ANA,0.5,1.0,0.0013477211959821646,160,5,50,1000,160
DBF4,ANA,0.5,1.0,0.010570694933618327,160,5,50,1000,161
AIRN,ANA,0.5,4.0,0.011398554492991065,160,5,50,1000,162
TMEM220,ANA,0.5,2.0,0.02589875552196535,160,5,50,1000,163
PGA4,ANA,0.5,1.0,0.004301505325016847,160,5,50,1000,164
DHRS4L2,ANA,0.5,1.0,0.0007504780208803853,160,5,50,1000,165
NFE2L1,ANA,0.5,1.0,0.00029834862020748426,160,5,50,1000,166
ACER3,ANA,0.5,1.0,0.0037626755709276876,160,5,50,1000,167
KPNA6,ANA,0.5,1.0,0.0002249835428704753,160,5,50,1000,168
C6orf141,ANA,0.5,1.0,0.04955852481207739,160,5,50,1000,169
BCOR,ANA,0.5,1.0,0.004731893233852748,160,5,50,1000,170
KCNG2,ANA,0.5,1.0,0.012601563324757939,160,5,50,1000,171
LINC01101,ANA,0.5,2.0,0.04842860301815366,160,5,50,1000,172
ECSIT,ANA,0.5,2.0,0.012873461500990486,160,5,50,1000,173
DMTF1-AS1,ANA,0.5,1.0,0.017629289596137885,160,5,50,1000,174
PABPC3,ANA,0.5,1.0,0.022296393128977198,160,5,50,1000,175
ITFG2-AS1,ANA,0.5,6.0,0.021082679384677182,160,5,50,1000,176
EMB,ANA,0.5,1.0,0.08447486568423682,160,5,50,1000,177
LINC01127,ANA,0.5,1.0,0.005018685038056386,160,5,50,1000,178
LINC01354,ANA,0.5,1.0,0.004182982858420807,160,5,50,1000,179
LOC105374344,ANA,0.5,1.0,0.015544904919309436,160,5,50,1000,180
P2RY8_1,ANA,0.5,1.0,0.07503295559400579,160,5,50,1000,181
OXNAD1,ANA,0.5,2.0,0.030825199843726787,160,5,50,1000,182
ERBB2,ANA,0.5,1.0,0.015347951472638906,160,5,50,1000,183
CAMKK1,ANA,0.5,1.0,0.05215029439000798,160,5,50,1000,184
FBXO24,ANA,0.5,2.0,0.020076567150577474,160,5,50,1000,185
H3P6,ANA,0.5,1.0,0.00605477062403279,160,5,50,1000,186
ILDR1,ANA,0.5,1.0,0.002894209657568827,160,5,50,1000,187
OPRPN,ANA,0.5,2.0,0.012549342221202082,160,5,50,1000,188
OMD,ANA,0.5,1.0,0.03137284496968516,160,5,50,1000,189
EZR,ANA,0.5,1.0,0.011265953301074924,160,5,50,1000,190
ITGA4,ANA,0.5,1.0,0.1072681930859926,160,5,50,1000,191
OLFM1,ANA,0.5,1.0,0.009853491397592333,160,5,50,1000,192
EDIL3,ANA,0.5,1.0,0.0009167889396350411,160,5,50,1000,193
LPAR6,ANA,0.5,1.0,0.005805739498055934,160,5,50,1000,194
HIVEP1,ANA,0.5,2.0,0.00013057808333398886,160,5,50,1000,195
LINC00336,ANA,0.5,1.0,0.025176936667415533,160,5,50,1000,196
CC2D2A,ANA,0.5,1.0,0.008535600377496263,160,5,50,1000,197
AGAP9,ANA,0.5,2.0,0.014701880832721368,160,5,50,1000,198
BRAT1,ANA,0.5,1.0,0.00232822541164188,160,5,50,1000,199
KRT36,ANA,0.5,2.0,0.0658842954558073,160,5,50,1000,200
MAGI3,ANA,0.5,1.0,0.012252911527973883,160,5,50,1000,201
LOC105370705,ANA,0.5,1.0,0.004046162972324049,160,5,50,1000,202
MAGIX,ANA,0.5,4.0,0.048079219598314855,160,5,50,1000,203
C8orf86,ANA,0.5,1.0,0.025646276046693322,160,5,50,1000,204
FAR2P2,ANA,0.5,1.0,0.0007263678581023433,160,5,50,1000,205
LOC105371880,ANA,0.5,2.0,0.020046402304868434,160,5,50,1000,206
HYDIN,ANA,0.5,1.0,3.519291625355083e-05,160,5,50,1000,207
ATP8B2,ANA,0.5,1.0,0.07138675997791707,160,5,50,1000,208
DSG2-AS1,ANA,0.5,2.0,0.024785885371083314,160,5,50,1000,209
CEBPZOS,ANA,0.5,2.0,0.01894469571498442,160,5,50,1000,210
NRL,ANA,0.5,1.0,0.003276728408602133,160,5,50,1000,211
KLK11,ANA,0.5,3.0,0.01906701788777261,160,5,50,1000,212
MAPK7,ANA,0.5,1.0,0.00048725091571636986,160,5,50,1000,213
NOC3L,ANA,0.5,1.0,0.017920850271952796,160,5,50,1000,214
ZNF844,ANA,0.5,1.0,0.010985192915745316,160,5,50,1000,215
ZNF625-ZNF20,ANA,0.5,1.0,0.025857608992840515,160,5,50,1000,216
ZNF37A,ANA,0.5,1.0,0.0041099249550319355,160,5,50,1000,217
ZNF335,ANA,0.5,1.0,0.00739009321108418,160,5,50,1000,218
ZMIZ2,ANA,0.5,2.0,0.00287313678821106,160,5,50,1000,219
CCDC126,ANA,0.5,1.0,0.0017856404790935368,160,5,50,1000,220
KLK12,ANA,0.5,2.0,0.028758024009785787,160,5,50,1000,221
NME5,ANA,0.5,2.0,0.03595586633987287,160,5,50,1000,222
MED15P9,ANA,0.5,1.0,0.013362578554978057,160,5,50,1000,223
LINC02343,ANA,0.5,2.0,0.05132721127529561,160,5,50,1000,224
ZBTB42,ANA,0.5,1.0,0.02332447899906414,160,5,50,1000,225
ZBTB25,ANA,0.5,1.0,0.008413081387052743,160,5,50,1000,226
LCN12,ANA,0.5,1.0,0.009844708939317577,160,5,50,1000,227
LOC101928441,ANA,0.5,8.0,0.006462280022217182,160,5,50,1000,228
YTHDF2,ANA,0.5,1.0,0.005604690263135365,160,5,50,1000,229
WDR75,ANA,0.5,1.0,0.0014136551105180342,160,5,50,1000,230
UVRAG,ANA,0.5,1.0,0.012826199637137659,160,5,50,1000,231
HOMER1,ANA,0.5,1.0,0.00021201597217464875,160,5,50,1000,232
UBE2G1,ANA,0.5,1.0,0.018883682241831828,160,5,50,1000,233
TSPAN13,ANA,0.5,2.0,0.04278600557584418,160,5,50,1000,234
DPYSL4,ANA,0.5,1.0,2.2750105885194012e-05,160,5,50,1000,235
GGTA1,ANA,0.5,3.0,0.034677314993864214,160,5,50,1000,236
TSGA13,ANA,0.5,2.0,0.0012215788794269955,160,5,50,1000,237
NINL,ANA,0.5,1.0,0.012424358215563952,160,5,50,1000,238
TSBP1,ANA,0.5,1.0,0.0024301909689117686,160,5,50,1000,239
NFATC2IP,ANA,0.5,1.0,0.0024799147582734767,160,5,50,1000,240
TRPC3,ANA,0.5,1.0,6.543599231923462e-05,160,5,50,1000,241
LINC02893,ANA,0.5,1.0,0.010435371965387883,160,5,50,1000,242
TRPC2,ANA,0.5,1.0,0.01584114397137792,160,5,50,1000,243
NCOA3,ANA,0.5,1.0,0.025685011548275932,160,5,50,1000,244
CCDC157,ANA,0.5,1.0,0.018278959995827467,160,5,50,1000,245
LOC100128164,ANA,0.5,1.0,0.004361675123676758,160,5,50,1000,246
TREX2,ANA,0.5,1.0,0.0032128640038540522,160,5,50,1000,247
CLXN,ANA,0.5,1.0,0.017865723362871188,160,5,50,1000,248
DCXR,ANA,0.5,1.0,0.02756688355972285,160,5,50,1000,249
TOP1P1,ANA,0.5,1.0,0.012231883814431192,160,5,50,1000,250
DNAJC11,ANA,0.5,1.0,0.0007628606354721006,160,5,50,1000,251
FGGY,ANA,0.5,1.0,0.01756628326587409,160,5,50,1000,252
TOMM20L,ANA,0.5,9.0,0.05309390979128753,160,5,50,1000,253
TNS4,ANA,0.5,1.0,0.014990381448417706,160,5,50,1000,254
AZGP1P1,ANA,0.5,7.0,0.0377151955038975,160,5,50,1000,255
TMEM87B,ANA,0.5,1.0,0.0014799623357823104,160,5,50,1000,256
TMEM253,ANA,0.5,4.0,0.03452042499953891,160,5,50,1000,257
IL17RC,ANA,0.5,5.0,0.030591970922159605,160,5,50,1000,258
NAT1,ANA,0.5,1.0,0.018701232275340034,160,5,50,1000,259
CRISP1,ANA,0.4852941176470588,17.0,0.06737700369369908,160,5,50,1000,260
OASL,ANA,0.4791666666666667,6.0,0.11752819904956753,160,5,50,1000,261
C1orf210,ANA,0.4583333333333333,6.0,0.0285327662032595,160,5,50,1000,262
TFAP2B,ANA,0.4583333333333333,6.0,0.07005299572088466,160,5,50,1000,263
LINC00327,ANA,0.45,5.0,0.03626474779293602,160,5,50,1000,264
HELZ-AS1,ANA,0.45,10.0,0.0434770315851603,160,5,50,1000,265
DNAH9,ANA,0.4375,4.0,0.0076124695356338925,160,5,50,1000,266
BAIAP2L1,ANA,0.4375,6.0,0.03626474779293602,160,5,50,1000,267
PRSS41,ANA,0.4375,8.0,0.04835332764890921,160,5,50,1000,268
CATSPER2P1,ANA,0.4375,4.0,0.022186872951251223,160,5,50,1000,269
POMC,ANA,0.42857142857142855,7.0,0.0005686185073545838,160,5,50,1000,270
EGFR-AS1,ANA,0.4166666666666667,3.0,0.0311644524358544,160,5,50,1000,271
OTOAP1,ANA,0.4166666666666667,3.0,0.026441380319703535,160,5,50,1000,272
OSTM1,ANA,0.4166666666666667,3.0,0.04672698389736354,160,5,50,1000,273
KCTD17,ANA,0.4166666666666667,3.0,0.02618851875157675,160,5,50,1000,274
MUSK,ANA,0.4166666666666667,3.0,0.10633143074840298,160,5,50,1000,275
ATG4D,ANA,0.4166666666666667,3.0,0.022785592258767983,160,5,50,1000,276
RSAD2,ANA,0.40625,4.0,0.07942738710149938,160,5,50,1000,277
FN3K,ANA,0.4,5.0,0.023256773725630286,160,5,50,1000,278
LINC02516,ANA,0.375,2.0,0.022746067390398136,160,5,50,1000,279
LOC100128988,ANA,0.375,2.0,0.020348060720848948,160,5,50,1000,280
LTB4R2,ANA,0.375,2.0,0.032029810311781634,160,5,50,1000,281
MAFTRR,ANA,0.375,2.0,0.005541324233234731,160,5,50,1000,282
MS4A7,ANA,0.375,2.0,0.09390870268626578,160,5,50,1000,283
MIR6820,ANA,0.375,2.0,0.020874419377168243,160,5,50,1000,284
RELN,ANA,0.375,2.0,0.00354725690313324,160,5,50,1000,285
MIR548S,ANA,0.375,2.0,0.008673324214724401,160,5,50,1000,286
GMDS,ANA,0.375,4.0,0.021596124758775363,160,5,50,1000,287
LOC84773,ANA,0.375,5.0,0.04223717954395382,160,5,50,1000,288
BLM,ANA,0.375,2.0,0.04369563232814888,160,5,50,1000,289
IL6R,ANA,0.375,4.0,0.08954928153508783,160,5,50,1000,290
PCNA-AS1,ANA,0.375,2.0,0.008619804721408589,160,5,50,1000,291
PHTF1,ANA,0.375,3.0,0.03224317264155865,160,5,50,1000,292
TFEC,ANA,0.375,2.0,0.031141688270846755,160,5,50,1000,293
OBSCN-AS1,ANA,0.375,4.0,0.0524657516279257,160,5,50,1000,294
TCEAL3,ANA,0.375,2.0,0.023732777225048195,160,5,50,1000,295
CMAHP,ANA,0.375,3.0,0.011645811375863664,160,5,50,1000,296
TOB2P1,ANA,0.375,2.0,0.0034725263925417553,160,5,50,1000,297
C1QTNF6,ANA,0.3625,5.0,0.008140247400001886,160,5,50,1000,298
XCL1,ANA,0.359375,8.0,0.07039539189190427,160,5,50,1000,299
RNASE1,ANA,0.35,5.0,0.10654292002609803,160,5,50,1000,300
SLC1A4,ANA,0.34375,4.0,0.0513429483678404,160,5,50,1000,301
GOLGA2P5,ANA,0.3333333333333333,3.0,0.020313486529952365,160,5,50,1000,302
PPP1R35,ANA,0.3333333333333333,3.0,0.016127054161266485,160,5,50,1000,303
PCAT19,ANA,0.325,5.0,0.039811303533172145,160,5,50,1000,304
GLYATL2,ANA,0.3125,2.0,0.033206201429093,160,5,50,1000,305
PCOTH,ANA,0.3125,2.0,0.021596124758775363,160,5,50,1000,306
PIK3R4,ANA,0.3125,2.0,0.007892400279874708,160,5,50,1000,307
NKX2-3,ANA,0.3125,2.0,0.03737135506003431,160,5,50,1000,308
IGHV3-22,ANA,0.3125,2.0,0.04473479559010363,160,5,50,1000,309
H4C12,ANA,0.3125,4.0,0.0016356858009181593,160,5,50,1000,310
GPR174,ANA,0.3125,2.0,0.08184368656744091,160,5,50,1000,311
NPL,ANA,0.3125,2.0,0.09120934854340178,160,5,50,1000,312
MANEA,ANA,0.3125,2.0,0.050425872896478215,160,5,50,1000,313
GNB1L,ANA,0.3125,2.0,0.01900580759696468,160,5,50,1000,314
CHMP4C,ANA,0.3125,2.0,0.02043854171894636,160,5,50,1000,315
B3GAT1-DT,ANA,0.3125,2.0,0.012310074057062014,160,5,50,1000,316
SGCB,ANA,0.3125,2.0,0.0009302709490252116,160,5,50,1000,317
MIR185,ANA,0.3125,2.0,0.10668777782042163,160,5,50,1000,318
CNTNAP3P2,ANA,0.3,5.0,0.0021187241094466507,160,5,50,1000,319
LHX9,ANA,0.3,10.0,0.027410478062400823,160,5,50,1000,320
TEN1-CDK3,ANA,0.2916666666666667,6.0,0.025549033325361566,160,5,50,1000,321
LINC01770,ANA,0.2916666666666667,3.0,0.04548860721002117,160,5,50,1000,322
EXOG,ANA,0.2916666666666667,3.0,0.004111541253976025,160,5,50,1000,323
SLFN12L,ANA,0.28125,2.0,0.04769089836434689,160,5,50,1000,324
NRIR,ANA,0.275,5.0,0.02067772546227647,160,5,50,1000,325
RETN,ANA,0.25,1.0,0.01336374018112207,160,5,50,1000,326
FBXO42,ANA,0.25,1.0,0.002528471502880834,160,5,50,1000,327
CHURC1-FNTB,ANA,0.25,1.0,0.0010084008086734405,160,5,50,1000,328
DIO2,ANA,0.25,1.0,0.007388350264572133,160,5,50,1000,329
RFFL,ANA,0.25,1.0,0.0010276428305231416,160,5,50,1000,330
LINC01686,ANA,0.25,1.0,0.0299512907505855,160,5,50,1000,331
MESTIT1,ANA,0.25,1.0,0.03369302989955412,160,5,50,1000,332
RHBDL1,ANA,0.25,2.0,0.010211352420955163,160,5,50,1000,333
ALMS1,ANA,0.25,1.0,0.004413648221900098,160,5,50,1000,334
MCRIP1,ANA,0.25,1.0,4.2820141137940636e-05,160,5,50,1000,335
CIB1,ANA,0.25,1.0,0.01169373647493675,160,5,50,1000,336
RHOBTB1,ANA,0.25,1.0,0.006911307787079783,160,5,50,1000,337
RHOH,ANA,0.25,1.0,0.05897127240168117,160,5,50,1000,338
RNASEH2A,ANA,0.25,1.0,0.020375166433929795,160,5,50,1000,339
RNF166,ANA,0.25,1.0,0.026041743548563288,160,5,50,1000,340
RPL23P8,ANA,0.25,1.0,0.0049274208479363315,160,5,50,1000,341
HLA-E,ANA,0.25,1.0,0.10814176824917904,160,5,50,1000,342
HLA-F,ANA,0.25,1.0,0.1482017385887584,160,5,50,1000,343
RPS6KC1,ANA,0.25,1.0,0.0023065029151171025,160,5,50,1000,344
GNL3L,ANA,0.25,1.0,0.005738329451105082,160,5,50,1000,345
RSL1D1,ANA,0.25,1.0,0.0004394077166298126,160,5,50,1000,346
RTBDN,ANA,0.25,1.0,0.03110463587422971,160,5,50,1000,347
CAPN5,ANA,0.25,1.0,0.0056718272178097676,160,5,50,1000,348
RTN4IP1,ANA,0.25,1.0,0.00761696884448065,160,5,50,1000,349
RUFY4,ANA,0.25,4.0,0.037571476717762536,160,5,50,1000,350
RWDD2B,ANA,0.25,1.0,6.919370695228846e-05,160,5,50,1000,351
SCAMP5,ANA,0.25,1.0,0.008785367417347568,160,5,50,1000,352
INSL3,ANA,0.25,1.0,0.01163916425798155,160,5,50,1000,353
SCUBE1-AS1,ANA,0.25,1.0,0.021663780471523286,160,5,50,1000,354
SERPINB2,ANA,0.25,1.0,0.0009038316747681819,160,5,50,1000,355
CDCA5,ANA,0.25,1.0,0.013045761776067618,160,5,50,1000,356
CDCA7,ANA,0.25,1.0,0.010298791342778614,160,5,50,1000,357
LINC00377,ANA,0.25,2.0,0.02804887893281669,160,5,50,1000,358
SERPINB4,ANA,0.25,1.0,0.010812474798855104,160,5,50,1000,359
GNRH1,ANA,0.25,1.0,0.00010647595131873714,160,5,50,1000,360
KRT74,ANA,0.25,1.0,0.007651888486292501,160,5,50,1000,361
SFSWAP,ANA,0.25,1.0,0.0006743544502609098,160,5,50,1000,362
HLF,ANA,0.25,1.0,0.000718868546133944,160,5,50,1000,363
HAMP,ANA,0.25,1.0,0.006893785067613666,160,5,50,1000,364
LINC01366,ANA,0.25,1.0,0.03937436140910064,160,5,50,1000,365
FPGT-TNNI3K,ANA,0.25,1.0,0.004610222534735539,160,5,50,1000,366
AMIGO2,ANA,0.25,1.0,0.014911409913114848,160,5,50,1000,367
SKAP1,ANA,0.25,1.0,0.05798262354671182,160,5,50,1000,368
CARD8,ANA,0.25,1.0,0.05204903170634019,160,5,50,1000,369
LOC101929626,ANA,0.25,1.0,0.004941631120812756,160,5,50,1000,370
EOMES,ANA,0.25,1.0,0.13044361190785678,160,5,50,1000,371
SLAMF6,ANA,0.25,2.0,0.11536500570791586,160,5,50,1000,372
MCRIP2,ANA,0.25,1.0,0.021465929879773936,160,5,50,1000,373
SLC35F3,ANA,0.25,2.0,0.040020000096024105,160,5,50,1000,374
CARMIL2,ANA,0.25,1.0,0.016700775970695816,160,5,50,1000,375
SLC36A2,ANA,0.25,1.0,0.004818551458293287,160,5,50,1000,376
LHX8,ANA,0.25,1.0,0.008605966609408953,160,5,50,1000,377
SLC39A11,ANA,0.25,1.0,0.0031370889094235314,160,5,50,1000,378
SLC39A4,ANA,0.25,1.0,0.00447279192732705,160,5,50,1000,379
SLC49A3,ANA,0.25,1.0,0.009161480521448698,160,5,50,1000,380
BTG2-DT,ANA,0.25,1.0,0.008200658320194763,160,5,50,1000,381
ATF4,ANA,0.25,1.0,0.003816405046798318,160,5,50,1000,382
SLC4A7,ANA,0.25,1.0,0.0015000556358431786,160,5,50,1000,383
LINC02572,ANA,0.25,1.0,0.007822841588283102,160,5,50,1000,384
GRPEL2,ANA,0.25,1.0,0.0030629870621914274,160,5,50,1000,385
SLC66A2,ANA,0.25,1.0,0.008993610259053075,160,5,50,1000,386
CASC16,ANA,0.25,1.0,0.0001006226978205681,160,5,50,1000,387
SLC7A5,ANA,0.25,1.0,0.005572790248683907,160,5,50,1000,388
SMG7-AS1,ANA,0.25,1.0,0.014183923552742112,160,5,50,1000,389
DLEU1-AS1,ANA,0.25,1.0,0.015232433471305363,160,5,50,1000,390
LINC02574,ANA,0.25,1.0,0.052682880491007424,160,5,50,1000,391
EPB41L4B,ANA,0.25,1.0,0.007049135035609234,160,5,50,1000,392
KLHDC3,ANA,0.25,1.0,0.01999698130921136,160,5,50,1000,393
BTNL8,ANA,0.25,1.0,0.004073779583983666,160,5,50,1000,394
SMIM5,ANA,0.25,1.0,0.007991867937665752,160,5,50,1000,395
SNAP25-AS1,ANA,0.25,1.0,0.014755333718141474,160,5,50,1000,396
SNORA70E,ANA,0.25,3.0,0.012619789459185885,160,5,50,1000,397
LASTR,ANA,0.25,1.0,0.01653199492592246,160,5,50,1000,398
BUB1B-PAK6,ANA,0.25,1.0,0.01261375965704405,160,5,50,1000,399
SNORD60,ANA,0.25,1.0,0.026471353213459944,160,5,50,1000,400
SNTN,ANA,0.25,1.0,0.002174883984400532,160,5,50,1000,401
SOCS3,ANA,0.25,1.0,0.04817654592887601,160,5,50,1000,402
ME2,ANA,0.25,3.0,0.03745716755775861,160,5,50,1000,403
SOX21-AS1,ANA,0.25,2.0,0.06714288617853395,160,5,50,1000,404
CASP12,ANA,0.25,1.0,0.0009680175451244019,160,5,50,1000,405
SOX30,ANA,0.25,2.0,0.012701787678865553,160,5,50,1000,406
SPAG1,ANA,0.25,1.0,0.0021079245864099564,160,5,50,1000,407
SPRED3,ANA,0.25,1.0,0.0006130711014538794,160,5,50,1000,408
SRC,ANA,0.25,1.0,0.005389780200362738,160,5,50,1000,409
DALRD3,ANA,0.25,1.0,0.01079998750207889,160,5,50,1000,410
FAM183A,ANA,0.25,1.0,1.7060595824248568e-05,160,5,50,1000,411
IGHV1-14,ANA,0.25,1.0,0.043423758060303255,160,5,50,1000,412
ATP11A,ANA,0.25,1.0,0.018120192838902392,160,5,50,1000,413
LST1,ANA,0.25,1.0,0.018822767177506892,160,5,50,1000,414
SRRM1,ANA,0.25,1.0,0.0017856404790935368,160,5,50,1000,415
STN1,ANA,0.25,2.0,0.0010705035284485163,160,5,50,1000,416
ABI3,ANA,0.25,1.0,0.03725292735192498,160,5,50,1000,417
STUB1-DT,ANA,0.25,1.0,0.002664290488596034,160,5,50,1000,418
CREBZF,ANA,0.25,1.0,3.455379961404058e-05,160,5,50,1000,419
DLK1,ANA,0.25,1.0,0.021206721027703074,160,5,50,1000,420
STX17-DT,ANA,0.25,1.0,0.001997809911540305,160,5,50,1000,421
FDXR,ANA,0.25,1.0,0.001997809911540305,160,5,50,1000,422
C10orf95-AS1,ANA,0.25,1.0,0.015402962007303908,160,5,50,1000,423
ABO,ANA,0.25,1.0,0.019251239213162383,160,5,50,1000,424
STX19,ANA,0.25,3.0,0.015155237101483629,160,5,50,1000,425
SUSD3,ANA,0.25,1.0,0.09639451178857211,160,5,50,1000,426
LINC00649,ANA,0.25,1.0,0.025330739768680218,160,5,50,1000,427
CDK8,ANA,0.25,1.0,0.0009167889396350411,160,5,50,1000,428
SYCE2,ANA,0.25,1.0,0.0040519029104951745,160,5,50,1000,429
TACC1,ANA,0.25,1.0,0.022253003683442428,160,5,50,1000,430
TAP1,ANA,0.25,2.0,0.12229030062912766,160,5,50,1000,431
LTA,ANA,0.25,1.0,0.11227680465807695,160,5,50,1000,432
ANKRD18CP,ANA,0.25,1.0,0.00667412692305409,160,5,50,1000,433
TBC1D3B,ANA,0.25,1.0,0.009735226786872863,160,5,50,1000,434
TBC1D7,ANA,0.25,1.0,0.014641769725311442,160,5,50,1000,435
TCP11X1,ANA,0.25,2.0,0.017478183329309206,160,5,50,1000,436
TEX53,ANA,0.25,1.0,0.0018498697264282256,160,5,50,1000,437
TLCD4-RWDD3,ANA,0.25,2.0,0.01608340850091488,160,5,50,1000,438
C11orf94,ANA,0.25,1.0,0.022992665472697963,160,5,50,1000,439
C11orf96,ANA,0.25,1.0,0.00918748283134874,160,5,50,1000,440
TMEM117,ANA,0.25,1.0,0.002854073162743986,160,5,50,1000,441
GSKIP,ANA,0.25,1.0,0.006113955946304208,160,5,50,1000,442
TMEM145,ANA,0.25,1.0,0.014307326530998506,160,5,50,1000,443
TMEM39B,ANA,0.25,1.0,0.0070135906474892975,160,5,50,1000,444
LINC02453,ANA,0.25,1.0,7.013658079792089e-05,160,5,50,1000,445
TMEM72-AS1,ANA,0.25,1.0,0.002532711649253003,160,5,50,1000,446
ECE1-AS1,ANA,0.25,1.0,0.012226538741357137,160,5,50,1000,447
ATP4B,ANA,0.25,1.0,0.017049698928233478,160,5,50,1000,448
TNFRSF10A-DT,ANA,0.25,1.0,0.06383893814234723,160,5,50,1000,449
TNFRSF10C,ANA,0.25,1.0,0.0026886537723456155,160,5,50,1000,450
EPN3,ANA,0.25,1.0,0.04196409504718212,160,5,50,1000,451
TNFRSF11A,ANA,0.25,1.0,0.028460114515792542,160,5,50,1000,452
TNRC18P1,ANA,0.25,1.0,0.0012503953059563933,160,5,50,1000,453
TP53TG3,ANA,0.25,2.0,0.008466461550139902,160,5,50,1000,454
LINC01213,ANA,0.25,1.0,0.035706551797325466,160,5,50,1000,455
TP53TG5,ANA,0.25,1.0,0.00030426423718891846,160,5,50,1000,456
LOC101926944,ANA,0.25,1.0,0.026929108732640723,160,5,50,1000,457
HTR4,ANA,0.25,1.0,0.06947582537943985,160,5,50,1000,458
TRAT1,ANA,0.25,1.0,0.12226556482650633,160,5,50,1000,459
CLEC4A,ANA,0.25,1.0,0.056255420731730885,160,5,50,1000,460
TRIM58,ANA,0.25,1.0,0.004867203515085395,160,5,50,1000,461
ACKR4,ANA,0.25,2.0,0.04418399079847422,160,5,50,1000,462
GOLPH3,ANA,0.25,1.0,0.0016568233236794276,160,5,50,1000,463
TRIM59-IFT80,ANA,0.25,1.0,3.22614794772152e-05,160,5,50,1000,464
GOLT1A,ANA,0.25,1.0,0.010913060955661356,160,5,50,1000,465
TRM-CAT7-1,ANA,0.25,1.0,0.04543481067980114,160,5,50,1000,466
GOLT1B,ANA,0.25,1.0,0.0010705035284485163,160,5,50,1000,467
LINC02605,ANA,0.25,1.0,0.018461154725770382,160,5,50,1000,468
TRPM6,ANA,0.25,1.0,0.021731838706744704,160,5,50,1000,469
TWIST2,ANA,0.25,1.0,0.011083614195448038,160,5,50,1000,470
HNF4G,ANA,0.25,1.0,0.016783918102578576,160,5,50,1000,471
MAOB,ANA,0.25,1.0,0.004039761771324967,160,5,50,1000,472
ANKRD44-IT1,ANA,0.25,1.0,0.014281131401081795,160,5,50,1000,473
UBE2J1,ANA,0.25,1.0,0.07657467655478568,160,5,50,1000,474
LINC01224,ANA,0.25,1.0,0.015337659196319325,160,5,50,1000,475
LOC118567325,ANA,0.25,1.0,0.0057410374876558645,160,5,50,1000,476
ATP6V0D2,ANA,0.25,1.0,0.005182459355840781,160,5,50,1000,477
UGT2A1,ANA,0.25,1.0,0.000433209836926398,160,5,50,1000,478
MEG9,ANA,0.25,1.0,0.01728723816395386,160,5,50,1000,479
UHMK1,ANA,0.25,1.0,0.013433112503924056,160,5,50,1000,480
LONRF1,ANA,0.25,1.0,0.002784528247948638,160,5,50,1000,481
ACP4,ANA,0.25,3.0,0.04455488694818899,160,5,50,1000,482
ACP5,ANA,0.25,1.0,0.033206201429093,160,5,50,1000,483
USP12-DT,ANA,0.25,1.0,0.003645037488929299,160,5,50,1000,484
UVRAG-DT,ANA,0.25,1.0,0.01730163602295255,160,5,50,1000,485
LOC101929130,ANA,0.25,1.0,0.00705745750908693,160,5,50,1000,486
ERCC1,ANA,0.25,2.0,0.017507533195757794,160,5,50,1000,487
VNN1,ANA,0.25,1.0,0.03664668640984767,160,5,50,1000,488
YWHAEP7,ANA,0.25,1.0,0.00294401465145322,160,5,50,1000,489
LINC01232,ANA,0.25,1.0,0.0002794107785501933,160,5,50,1000,490
ATP6V1E2,ANA,0.25,1.0,0.01323185185517591,160,5,50,1000,491
ZCCHC14-DT,ANA,0.25,1.0,0.008289458053732542,160,5,50,1000,492
ZFYVE9,ANA,0.25,1.0,0.0005111354508944872,160,5,50,1000,493
ZMAT4,ANA,0.25,1.0,0.030658375805021836,160,5,50,1000,494
ZMIZ1-AS1,ANA,0.25,1.0,0.013177249551993817,160,5,50,1000,495
ATP6V1G3,ANA,0.25,1.0,0.00560646262071311,160,5,50,1000,496
ZNF205-AS1,ANA,0.25,1.0,0.0006134577751224092,160,5,50,1000,497
DCDC1,ANA,0.25,2.0,0.002170288543745899,160,5,50,1000,498
ZNF267,ANA,0.25,1.0,0.023801171360275705,160,5,50,1000,499
LINC01239,ANA,0.25,1.0,0.029066430979665756,160,5,50,1000,500
ZNF32-AS1,ANA,0.25,1.0,0.004157225146445185,160,5,50,1000,501
DCK,ANA,0.25,1.0,0.029511985290708215,160,5,50,1000,502
ANO9,ANA,0.25,1.0,0.00693783465151958,160,5,50,1000,503
ZNF324B,ANA,0.25,2.0,5.147375424375595e-05,160,5,50,1000,504
DCLK2,ANA,0.25,1.0,0.0054259569451812545,160,5,50,1000,505
ZSCAN5A,ANA,0.25,1.0,1.1821360423315416e-05,160,5,50,1000,506
HNRNPH3,ANA,0.25,1.0,0.0025916087776737934,160,5,50,1000,507
HCLS1,ANA,0.25,1.0,0.08828552386463276,160,5,50,1000,508
ERI2,ANA,0.25,1.0,0.0027756546795987837,160,5,50,1000,509
IAH1,ANA,0.25,1.0,0.010753932170731445,160,5,50,1000,510
MAPRE2,ANA,0.25,1.0,0.013024912686767658,160,5,50,1000,511
LRRC7,ANA,0.25,1.0,0.0007632807790164205,160,5,50,1000,512
C1orf131,ANA,0.25,1.0,0.020820860014426738,160,5,50,1000,513
ICA1-AS1,ANA,0.25,1.0,0.015623988234240565,160,5,50,1000,514
AOX3P-AOX2P,ANA,0.25,1.0,0.04216783754526563,160,5,50,1000,515
C1orf50,ANA,0.25,1.0,0.0028697121246564305,160,5,50,1000,516
FXYD6-FXYD2,ANA,0.25,1.0,0.01650318761467422,160,5,50,1000,517
KBTBD11-OT1,ANA,0.25,1.0,0.008129140284893267,160,5,50,1000,518
C1QL3,ANA,0.25,1.0,0.027015005547421204,160,5,50,1000,519
IRF1-AS1,ANA,0.25,1.0,0.032084045567223565,160,5,50,1000,520
IL18RAP,ANA,0.25,1.0,0.015411476813565552,160,5,50,1000,521
LOC122526782,ANA,0.25,1.0,0.017157099360441033,160,5,50,1000,522
LOC101927243,ANA,0.25,1.0,0.006393792833002818,160,5,50,1000,523
CEP41,ANA,0.25,4.0,0.023256773725630286,160,5,50,1000,524
KC6,ANA,0.25,2.0,0.0008969280026724091,160,5,50,1000,525
LINC00506,ANA,0.25,1.0,2.7179547809839685e-05,160,5,50,1000,526
LINC01772,ANA,0.25,1.0,0.0011054668632347773,160,5,50,1000,527
FAM50A,ANA,0.25,1.0,0.011789881899565919,160,5,50,1000,528
FAM66A,ANA,0.25,1.0,0.024784982306025386,160,5,50,1000,529
APOBEC3G,ANA,0.25,1.0,0.11676897494412841,160,5,50,1000,530
ADAT3,ANA,0.25,1.0,0.0061835309874637,160,5,50,1000,531
IL20RA,ANA,0.25,1.0,0.035008559107786205,160,5,50,1000,532
ADCY10,ANA,0.25,1.0,0.0034295719995039013,160,5,50,1000,533
LDLRAD2,ANA,0.25,1.0,0.03936993994109249,160,5,50,1000,534
HOXB7,ANA,0.25,1.0,0.11320114775991184,160,5,50,1000,535
APOF,ANA,0.25,1.0,0.003854770838505209,160,5,50,1000,536
KMT2E-AS1,ANA,0.25,1.0,0.015679490813043893,160,5,50,1000,537
CTAGE15,ANA,0.25,1.0,0.006309365966943649,160,5,50,1000,538
EID3,ANA,0.25,1.0,0.02133612863608318,160,5,50,1000,539
CES4A,ANA,0.25,1.0,0.018403457612523173,160,5,50,1000,540
GPR157,ANA,0.25,1.0,0.02208372570403218,160,5,50,1000,541
KCNAB2,ANA,0.25,1.0,0.06624358359670597,160,5,50,1000,542
DDX60L,ANA,0.25,1.0,0.033576793926344176,160,5,50,1000,543
DEAF1,ANA,0.25,1.0,0.008060343614603156,160,5,50,1000,544
FAM83G,ANA,0.25,1.0,6.507283729379661e-06,160,5,50,1000,545
BAZ2B-AS1,ANA,0.25,1.0,0.05691475778143204,160,5,50,1000,546
GABRA5,ANA,0.25,1.0,0.009103390883001017,160,5,50,1000,547
GABRA6,ANA,0.25,1.0,0.0015716325766653662,160,5,50,1000,548
GK,ANA,0.25,1.0,0.004713303102141474,160,5,50,1000,549
IFI44L,ANA,0.25,1.0,0.10266895811621887,160,5,50,1000,550
BCAR3-AS1,ANA,0.25,1.0,0.02105835174953755,160,5,50,1000,551
IFIT1,ANA,0.25,1.0,0.05154419442041631,160,5,50,1000,552
HEPN1,ANA,0.25,1.0,1.3486212640231515e-07,160,5,50,1000,553
LINC00240,ANA,0.25,1.0,0.011209778949526189,160,5,50,1000,554
GZMK,ANA,0.25,2.0,0.13248339114995927,160,5,50,1000,555
DPEP2NB,ANA,0.25,1.0,0.024677703249131832,160,5,50,1000,556
LINC00525,ANA,0.25,1.0,0.07214344147884763,160,5,50,1000,557
LEFTY1,ANA,0.25,1.0,0.0012297892100455363,160,5,50,1000,558
LOC105372412,ANA,0.25,1.0,0.0024081764470882784,160,5,50,1000,559
ADPRHL1,ANA,0.25,1.0,0.007813771626569991,160,5,50,1000,560
CCL4,ANA,0.25,1.0,0.08915143257181593,160,5,50,1000,561
EXOC6,ANA,0.25,1.0,0.01025381850853549,160,5,50,1000,562
LOC285889,ANA,0.25,1.0,0.008414176185260525,160,5,50,1000,563
MAF,ANA,0.25,1.0,0.030669615487187673,160,5,50,1000,564
GAL3ST1,ANA,0.25,1.0,0.01658862361518855,160,5,50,1000,565
KTN1,ANA,0.25,1.0,0.007797854201875195,160,5,50,1000,566
GLMN,ANA,0.25,1.0,0.014281654058234722,160,5,50,1000,567
LINC01637,ANA,0.25,1.0,0.00693783465151958,160,5,50,1000,568
BDH1,ANA,0.25,1.0,0.04691897952013888,160,5,50,1000,569
GPR82,ANA,0.25,1.0,0.03900981112433805,160,5,50,1000,570
IFNG-AS1,ANA,0.25,1.0,0.03296136713592268,160,5,50,1000,571
LOC105372582,ANA,0.25,1.0,0.005805739498055934,160,5,50,1000,572
ARHGAP5-AS1,ANA,0.25,1.0,0.06057015368506617,160,5,50,1000,573
CCNK,ANA,0.25,1.0,0.00013561966562648537,160,5,50,1000,574
C8orf44-SGK3,ANA,0.25,1.0,0.018835269725351232,160,5,50,1000,575
L2HGDH,ANA,0.25,1.0,0.0010312374116526898,160,5,50,1000,576
LINC01497,ANA,0.25,1.0,2.1247967950585053e-08,160,5,50,1000,577
CUZD1,ANA,0.25,1.0,0.0063377614152140835,160,5,50,1000,578
GLTP,ANA,0.25,1.0,0.031530200685122266,160,5,50,1000,579
BEX2,ANA,0.25,1.0,0.027273034800313737,160,5,50,1000,580
BEX3,ANA,0.25,1.0,0.03626474779293602,160,5,50,1000,581
CCR5AS,ANA,0.25,2.0,0.048757616995113384,160,5,50,1000,582
ELMO1,ANA,0.25,1.0,0.03947663689699317,160,5,50,1000,583
CCSER1,ANA,0.25,2.0,0.017745382508996235,160,5,50,1000,584
AGTPBP1,ANA,0.25,1.0,0.014239402858494614,160,5,50,1000,585
MESP1,ANA,0.25,1.0,0.02654530151972753,160,5,50,1000,586
COMMD4P1,ANA,0.25,1.0,0.0022931827354627497,160,5,50,1000,587
H2BC18,ANA,0.25,1.0,9.83467603318036e-05,160,5,50,1000,588
ELOVL3,ANA,0.25,1.0,0.011718538589507945,160,5,50,1000,589
DROSHA,ANA,0.25,1.0,0.00447279192732705,160,5,50,1000,590
ITGB2-AS1,ANA,0.25,1.0,0.024461531578589466,160,5,50,1000,591
CD180,ANA,0.25,1.0,0.06755076855359923,160,5,50,1000,592
IGF1,ANA,0.25,1.0,0.043338374325530504,160,5,50,1000,593
FADD,ANA,0.25,1.0,0.0031869821850499277,160,5,50,1000,594
CD209,ANA,0.25,1.0,0.05337312248257918,160,5,50,1000,595
FOLR2,ANA,0.25,1.0,0.11571019436727552,160,5,50,1000,596
LINC02709,ANA,0.25,1.0,0.01607347086532019,160,5,50,1000,597
ARMC8,ANA,0.25,1.0,0.006609247575944555,160,5,50,1000,598
CD274,ANA,0.25,1.0,0.05632624852142639,160,5,50,1000,599
KIF9,ANA,0.25,1.0,0.01623992908659879,160,5,50,1000,600
LINC00920,ANA,0.25,1.0,0.012574204705888926,160,5,50,1000,601
LINC00582,ANA,0.25,1.0,0.09611449560720327,160,5,50,1000,602
BMPR1B,ANA,0.25,1.0,0.022683213409006437,160,5,50,1000,603
DSTNP2,ANA,0.25,1.0,0.008494662305187426,160,5,50,1000,604
CYFIP1,ANA,0.25,1.0,0.003087589269107797,160,5,50,1000,605
LINC01337,ANA,0.25,1.0,0.036989650607346956,160,5,50,1000,606
LOC112267859,ANA,0.25,1.0,2.0983153300821082e-05,160,5,50,1000,607
LINC02259,ANA,0.25,1.0,0.01727467416662889,160,5,50,1000,608
LOC100129034,ANA,0.25,1.0,0.004835920501412659,160,5,50,1000,609
EML1,ANA,0.25,1.0,0.005830951947514526,160,5,50,1000,610
MEF2C-AS1,ANA,0.25,1.0,0.026806844794600212,160,5,50,1000,611
KIR3DX1,ANA,0.25,1.0,0.09842775518337714,160,5,50,1000,612
LINC02995,ANA,0.25,1.0,0.000443552714768515,160,5,50,1000,613
BNIPL,ANA,0.25,1.0,0.02886734844743977,160,5,50,1000,614
ARSB,ANA,0.25,1.0,0.05114209595057516,160,5,50,1000,615
MAGED4,ANA,0.25,1.0,0.006011749316177218,160,5,50,1000,616
CALHM2,ANA,0.25,1.0,0.03859989272806185,160,5,50,1000,617
CALHM4,ANA,0.25,1.0,0.024788216433745923,160,5,50,1000,618
CD79A,ANA,0.25,1.0,0.14429963175416688,160,5,50,1000,619
LINC00939,ANA,0.25,1.0,0.01698142088398768,160,5,50,1000,620
CHST1,ANA,0.25,1.0,0.0022181519034141332,160,5,50,1000,621
DHX9-AS1,ANA,0.25,1.0,0.0018178731190247794,160,5,50,1000,622
LINC01987,ANA,0.25,1.0,0.01751818464841115,160,5,50,1000,623
LOC102724467,ANA,0.25,1.0,0.0009768005383253258,160,5,50,1000,624
CAMKV,ANA,0.25,3.0,0.04771055544794802,160,5,50,1000,625
HSH2D,ANA,0.25,2.0,0.06660960184772416,160,5,50,1000,626
MFSD3,ANA,0.25,2.0,0.03475997840910322,160,5,50,1000,627
MINDY2-DT,ANA,0.25,1.0,0.018227626957023072,160,5,50,1000,628
MIR2117HG,ANA,0.25,1.0,0.010231368994724307,160,5,50,1000,629
MIR30C2,ANA,0.25,1.0,0.05218339116512457,160,5,50,1000,630
MIR3147,ANA,0.25,1.0,0.06681776250385033,160,5,50,1000,631
MIR3914-1,ANA,0.25,1.0,0.09588143960929221,160,5,50,1000,632
MIR4284,ANA,0.25,1.0,0.05076356084421403,160,5,50,1000,633
MIR4327,ANA,0.25,1.0,2.1855502690872042e-05,160,5,50,1000,634
MIR4427,ANA,0.25,1.0,0.014084640632344146,160,5,50,1000,635
MIR4428,ANA,0.25,1.0,0.13387784167790992,160,5,50,1000,636
MIR4433B,ANA,0.25,1.0,0.05649219027543647,160,5,50,1000,637
MIR4677,ANA,0.25,1.0,0.06321892569051014,160,5,50,1000,638
MIR4712,ANA,0.25,1.0,0.014291237209419513,160,5,50,1000,639
MIR5090,ANA,0.25,4.0,0.07860943435076705,160,5,50,1000,640
MIR590,ANA,0.25,1.0,0.05019188627681391,160,5,50,1000,641
MIR6071,ANA,0.25,1.0,0.06435448813879736,160,5,50,1000,642
MIXL1,ANA,0.25,1.0,0.09235697426098685,160,5,50,1000,643
MOCS2,ANA,0.25,1.0,0.004897819654014243,160,5,50,1000,644
MSX2P1,ANA,0.25,1.0,0.018152009301514758,160,5,50,1000,645
MT1H,ANA,0.25,1.0,0.0020633255222096024,160,5,50,1000,646
MTPN,ANA,0.25,2.0,0.025685011548275932,160,5,50,1000,647
MYLIP,ANA,0.25,1.0,0.00029707543975140673,160,5,50,1000,648
MYO1H,ANA,0.25,1.0,0.001107622189104517,160,5,50,1000,649
N4BP2,ANA,0.25,1.0,0.0005342724178862421,160,5,50,1000,650
NAT16,ANA,0.25,1.0,0.0016640621337891436,160,5,50,1000,651
NCBP1,ANA,0.25,1.0,0.004805118538353364,160,5,50,1000,652
NCF1C,ANA,0.25,2.0,0.10872611986785662,160,5,50,1000,653
NECAP1,ANA,0.25,1.0,0.001997809911540305,160,5,50,1000,654
NEMP2,ANA,0.25,1.0,0.0026333179501827047,160,5,50,1000,655
CD3G,ANA,0.25,2.0,0.15443770316800906,160,5,50,1000,656
NFIA-AS2,ANA,0.25,1.0,0.004545193021900231,160,5,50,1000,657
NGFR-AS1,ANA,0.25,1.0,0.0007467754701587995,160,5,50,1000,658
NIPAL4-DT,ANA,0.25,1.0,0.03425617524687961,160,5,50,1000,659
NOC2LP2,ANA,0.25,1.0,0.019212028624855576,160,5,50,1000,660
NOP2,ANA,0.25,1.0,0.012672904310208247,160,5,50,1000,661
NPW,ANA,0.25,1.0,0.02491826499435885,160,5,50,1000,662
NT5C3A,ANA,0.25,1.0,0.011218913881450824,160,5,50,1000,663
NUP210,ANA,0.25,1.0,0.02005373716912398,160,5,50,1000,664
ODC1,ANA,0.25,1.0,0.008090694067620644,160,5,50,1000,665
OR10A6,ANA,0.25,1.0,0.0190892291696096,160,5,50,1000,666
OR1I1,ANA,0.25,1.0,0.0004404257108863662,160,5,50,1000,667
OR6J1,ANA,0.25,1.0,0.009435231462115229,160,5,50,1000,668
OSBPL10,ANA,0.25,1.0,0.004282662039844618,160,5,50,1000,669
OSTN-AS1,ANA,0.25,1.0,0.11107040237670647,160,5,50,1000,670
OVOL1-AS1,ANA,0.25,1.0,0.005215337950534053,160,5,50,1000,671
P2RY10,ANA,0.25,1.0,0.09415573639411137,160,5,50,1000,672
PAOX,ANA,0.25,1.0,0.012080679985317403,160,5,50,1000,673
PARD6G-AS1,ANA,0.25,1.0,0.003459296837187964,160,5,50,1000,674
PCYT2,ANA,0.25,2.0,0.022718674255955456,160,5,50,1000,675
PDIA2,ANA,0.25,1.0,0.005851802114522901,160,5,50,1000,676
PEAK3,ANA,0.25,1.0,0.011973202920700114,160,5,50,1000,677
PEG13,ANA,0.25,1.0,0.0015373643870495418,160,5,50,1000,678
PF4V1,ANA,0.25,1.0,0.025607439032568124,160,5,50,1000,679
PFKP-DT,ANA,0.25,1.0,0.010042734953535084,160,5,50,1000,680
PFN2,ANA,0.25,1.0,0.007198913271316091,160,5,50,1000,681
PGBP,ANA,0.25,1.0,0.01761476284886381,160,5,50,1000,682
PGM2,ANA,0.25,1.0,0.002459031101207168,160,5,50,1000,683
PGM5-AS1,ANA,0.25,1.0,0.02801959726733734,160,5,50,1000,684
PHETA2,ANA,0.25,1.0,0.011218913881450824,160,5,50,1000,685
PHLDA2,ANA,0.25,1.0,0.004123834224425268,160,5,50,1000,686
PICART1,ANA,0.25,1.0,0.010181903345863535,160,5,50,1000,687
PIP5KL1,ANA,0.25,1.0,0.01365567761778342,160,5,50,1000,688
PITPNM2,ANA,0.25,1.0,0.005874050644148844,160,5,50,1000,689
PLK3,ANA,0.25,1.0,0.003212076436104625,160,5,50,1000,690
PLPPR4,ANA,0.25,1.0,0.02900697171881042,160,5,50,1000,691
PLSCR1,ANA,0.25,1.0,0.026328900507691138,160,5,50,1000,692
PMFBP1,ANA,0.25,1.0,0.0048570643218140775,160,5,50,1000,693
PNP,ANA,0.25,1.0,0.018459343376938286,160,5,50,1000,694
POMZP3,ANA,0.25,1.0,0.00878329539673027,160,5,50,1000,695
POTEKP,ANA,0.25,1.0,0.04035133322533291,160,5,50,1000,696
PP12613,ANA,0.25,1.0,2.200455122388278e-05,160,5,50,1000,697
PPP4R1,ANA,0.25,1.0,0.0006567089500048331,160,5,50,1000,698
PPTC7,ANA,0.25,1.0,0.006148694262470122,160,5,50,1000,699
PRAF2,ANA,0.25,1.0,0.01815919645255858,160,5,50,1000,700
PRB2,ANA,0.25,1.0,0.032072178850162156,160,5,50,1000,701
PRELID2,ANA,0.25,1.0,0.001978963210391993,160,5,50,1000,702
PRSS55,ANA,0.25,1.0,0.007514143916897792,160,5,50,1000,703
PSG11,ANA,0.25,1.0,0.006379306293247777,160,5,50,1000,704
PSMD5,ANA,0.25,1.0,0.00025863070020833157,160,5,50,1000,705
PSMG3,ANA,0.25,1.0,0.008908471425520757,160,5,50,1000,706
PTGER3,ANA,0.25,1.0,0.012974330549347603,160,5,50,1000,707
PTPRC,ANA,0.25,1.0,0.09810347533932254,160,5,50,1000,708
PXMP4,ANA,0.25,1.0,0.05419621391717323,160,5,50,1000,709
PYY,ANA,0.25,1.0,0.013862660880484242,160,5,50,1000,710
QRFPR,ANA,0.25,1.0,0.0010379346346456834,160,5,50,1000,711
RAB11B-AS1,ANA,0.25,2.0,0.015402962007303908,160,5,50,1000,712
RAB4A,ANA,0.25,1.0,0.05265808394076183,160,5,50,1000,713
RALGAPA1P1,ANA,0.25,1.0,0.00018506096662199332,160,5,50,1000,714
RAP2A,ANA,0.25,1.0,0.02611338517510375,160,5,50,1000,715
RASSF2,ANA,0.25,1.0,0.04399074052670751,160,5,50,1000,716
RAX2,ANA,0.25,1.0,0.015406027041610471,160,5,50,1000,717
RB1-DT,ANA,0.25,1.0,0.005881060645573244,160,5,50,1000,718
REEP1,ANA,0.25,1.0,8.474896437786603e-05,160,5,50,1000,719
LINC02006,ANA,0.22916666666666666,6.0,0.012133318362838956,160,5,50,1000,720
LINC00426,ANA,0.22916666666666666,3.0,0.08500330402522005,160,5,50,1000,721
MIR4501,ANA,0.20833333333333334,3.0,0.06923008369937585,160,5,50,1000,722
OIT3,ANA,0.20833333333333334,3.0,0.0060830622223820175,160,5,50,1000,723
MIR548X2,ANA,0.19791666666666666,3.0,0.05402971718778915,160,5,50,1000,724
FAM174A,ANA,0.1875,2.0,0.032964115713035924,160,5,50,1000,725
CIB3,ANA,0.1875,2.0,0.007649671584241984,160,5,50,1000,726
KLRK1-AS1,ANA,0.1875,2.0,0.017215258977591328,160,5,50,1000,727
FCRLA,ANA,0.1875,2.0,0.12429588791478069,160,5,50,1000,728
SIX5,ANA,0.1875,2.0,0.04866465371409677,160,5,50,1000,729
RAPGEF6,ANA,0.1875,2.0,0.0014982867023103444,160,5,50,1000,730
PEAR1,ANA,0.1875,2.0,0.002151915594114141,160,5,50,1000,731
LOC100129603,ANA,0.1875,2.0,0.005413673966919207,160,5,50,1000,732
TAS2R1,ANA,0.1875,3.0,0.007916320697060383,160,5,50,1000,733
BST2,ANA,0.1875,2.0,0.11768033909713839,160,5,50,1000,734
SUPT20HL1,ANA,0.1875,2.0,0.06340166865880324,160,5,50,1000,735
SNORA6,ANA,0.1875,2.0,0.04359606499311324,160,5,50,1000,736
HEBP2,ANA,0.1875,2.0,0.0218576954227102,160,5,50,1000,737
OR14K1,ANA,0.1875,2.0,0.00037552808637145987,160,5,50,1000,738
RAB26,ANA,0.1875,2.0,0.07855151308492979,160,5,50,1000,739
MTG2,ANA,0.1875,2.0,2.4909734502823843e-05,160,5,50,1000,740
ACAP1,ANA,0.1875,2.0,0.07320216328907528,160,5,50,1000,741
MEDAG,ANA,0.1875,2.0,0.01646685984319538,160,5,50,1000,742
MAGEC2,ANA,0.16666666666666666,3.0,0.03560400548634515,160,5,50,1000,743
MREG,ANA,0.16666666666666666,3.0,0.017920850271952796,160,5,50,1000,744
MACROD1,ANA,0.15625,2.0,0.021206721027703074,160,5,50,1000,745
FOXF2,ANA,0.15625,2.0,0.02082070105754783,160,5,50,1000,746
TMEM273,ANA,0.15625,2.0,0.030825199843726787,160,5,50,1000,747
DEPDC4,ANA,0.14583333333333334,3.0,0.01851966798829723,160,5,50,1000,748
SLC6A12,ANA,0.14583333333333334,3.0,0.026232242650711557,160,5,50,1000,749
LINC00365,ANA,0.125,1.0,0.014674638403237013,160,5,50,1000,750
CIAO2A,ANA,0.125,1.0,0.011218913881450824,160,5,50,1000,751
FOXN3-AS1,ANA,0.125,1.0,0.00012056311499366741,160,5,50,1000,752
LHFPL6,ANA,0.125,1.0,0.00959178912568065,160,5,50,1000,753
TNFSF8,ANA,0.125,1.0,0.12447192592964364,160,5,50,1000,754
TNIK,ANA,0.125,1.0,0.012573216167783115,160,5,50,1000,755
LINC01841,ANA,0.125,1.0,0.0054129430748535165,160,5,50,1000,756
KIAA0513,ANA,0.125,1.0,0.0010705035284485163,160,5,50,1000,757
CDC42EP5,ANA,0.125,1.0,0.0137433955375533,160,5,50,1000,758
LSP1,ANA,0.125,1.0,0.036433912567692975,160,5,50,1000,759
ADAL,ANA,0.125,1.0,0.003468431432173192,160,5,50,1000,760
ENTPD1,ANA,0.125,1.0,0.01803982654460036,160,5,50,1000,761
LINC01449,ANA,0.125,1.0,0.00019571496358121692,160,5,50,1000,762
GRK7,ANA,0.125,1.0,0.05484908036290035,160,5,50,1000,763
TOR3A,ANA,0.125,1.0,0.010298791342778614,160,5,50,1000,764
LINC01844,ANA,0.125,1.0,0.0156968100518378,160,5,50,1000,765
CARD11,ANA,0.125,1.0,0.03685943885941041,160,5,50,1000,766
LOC644669,ANA,0.125,1.0,0.0009192720854141117,160,5,50,1000,767
FPR3,ANA,0.125,1.0,0.06702593002076652,160,5,50,1000,768
LHX6,ANA,0.125,1.0,0.01600377353816845,160,5,50,1000,769
BTD,ANA,0.125,1.0,0.0026827353520920247,160,5,50,1000,770
CKLF,ANA,0.125,1.0,0.022651854661970606,160,5,50,1000,771
NXNL1,ANA,0.125,1.0,3.81711176503248e-05,160,5,50,1000,772
TPM1-AS,ANA,0.125,1.0,0.03484274023316988,160,5,50,1000,773
CYTIP,ANA,0.125,1.0,0.06880283938990464,160,5,50,1000,774
CR1,ANA,0.125,1.0,0.08764833262825229,160,5,50,1000,775
TRAPPC14,ANA,0.125,1.0,0.013691435676545929,160,5,50,1000,776
BTN3A1,ANA,0.125,1.0,0.04842409921993924,160,5,50,1000,777
AVPR1A,ANA,0.125,1.0,0.002966261912876397,160,5,50,1000,778
LIFR-AS1,ANA,0.125,1.0,0.01282317459005343,160,5,50,1000,779
GCSAM,ANA,0.125,1.0,0.01778226728484741,160,5,50,1000,780
GS1-279B7.1,ANA,0.125,1.0,0.005860324414541284,160,5,50,1000,781
OAT,ANA,0.125,1.0,0.005213219946682098,160,5,50,1000,782
ANK1,ANA,0.125,1.0,0.03697283539832335,160,5,50,1000,783
GSC-DT,ANA,0.125,1.0,0.027663414623017742,160,5,50,1000,784
CDK17,ANA,0.125,1.0,0.02327419048700645,160,5,50,1000,785
LOC102724720,ANA,0.125,1.0,0.02212084062788769,160,5,50,1000,786
ANKHD1-EIF4EBP3,ANA,0.125,1.0,0.00744624650232142,160,5,50,1000,787
FRMD6,ANA,0.125,1.0,0.009897578552386467,160,5,50,1000,788
LOC100130987,ANA,0.125,1.0,0.02101334768134042,160,5,50,1000,789
LBP,ANA,0.125,1.0,0.011404609878367215,160,5,50,1000,790
LILRB1,ANA,0.125,1.0,0.10026660181524928,160,5,50,1000,791
BEST1,ANA,0.125,1.0,0.002648586592349695,160,5,50,1000,792
LINC02447,ANA,0.125,1.0,0.019352810689938344,160,5,50,1000,793
ATP1B1,ANA,0.125,1.0,0.0018423239638288521,160,5,50,1000,794
EBI3,ANA,0.125,1.0,0.09859569526683618,160,5,50,1000,795
CLDN8,ANA,0.125,1.0,0.011078386075544525,160,5,50,1000,796
ODAM,ANA,0.125,1.0,0.04634417355774483,160,5,50,1000,797
LOC101929767,ANA,0.125,2.0,0.024978928209776128,160,5,50,1000,798
CRISP3,ANA,0.125,1.0,0.020122649382140177,160,5,50,1000,799
HBB,ANA,0.125,1.0,0.009034533133760233,160,5,50,1000,800
MAPK12,ANA,0.125,1.0,0.00821278822455504,160,5,50,1000,801
TROAP,ANA,0.125,1.0,0.00809904574964816,160,5,50,1000,802
FERMT3,ANA,0.125,1.0,0.0759680539338522,160,5,50,1000,803
DPH5-DT,ANA,0.125,1.0,0.014695500945216794,160,5,50,1000,804
LNCATV,ANA,0.125,1.0,0.018310343153114955,160,5,50,1000,805
LOC101926948,ANA,0.125,1.0,0.02236071437424863,160,5,50,1000,806
ANKRD35,ANA,0.125,1.0,0.0493521377841678,160,5,50,1000,807
IGSF5,ANA,0.125,1.0,0.019987899093942486,160,5,50,1000,808
FGFR1OP2,ANA,0.125,1.0,0.019684533281373477,160,5,50,1000,809
CLEC6A,ANA,0.125,1.0,0.08515435282843901,160,5,50,1000,810
LY6G6F-LY6G6D,ANA,0.125,1.0,6.358147494119955e-05,160,5,50,1000,811
ACOT9,ANA,0.125,1.0,0.001189775027579074,160,5,50,1000,812
FGD5P1,ANA,0.125,1.0,0.021481190735558316,160,5,50,1000,813
ANKRD55,ANA,0.125,1.0,0.002614766149919421,160,5,50,1000,814
FADS3,ANA,0.125,1.0,0.010397206141947501,160,5,50,1000,815
TRPV6,ANA,0.125,1.0,0.09747671155093299,160,5,50,1000,816
AADACP1,ANA,0.125,1.0,0.001998281204277162,160,5,50,1000,817
FAM223A,ANA,0.125,1.0,0.003905095027972538,160,5,50,1000,818
GTF2A1-AS1,ANA,0.125,1.0,0.04527994441155235,160,5,50,1000,819
CLU,ANA,0.125,1.0,0.018399117174407016,160,5,50,1000,820
LINC00685_1,ANA,0.125,1.0,0.000358799060638122,160,5,50,1000,821
C17orf49,ANA,0.125,1.0,0.008659005047388773,160,5,50,1000,822
MAST4-AS1,ANA,0.125,3.0,0.05840614356470235,160,5,50,1000,823
TSPAN4,ANA,0.125,1.0,0.02793640870760671,160,5,50,1000,824
TTC39C,ANA,0.125,1.0,0.00019220474153413462,160,5,50,1000,825
CLTB,ANA,0.125,1.0,0.0038990684620373198,160,5,50,1000,826
CCDC117,ANA,0.125,1.0,0.0014811635662965515,160,5,50,1000,827
LINC00888,ANA,0.125,1.0,0.0137433955375533,160,5,50,1000,828
MAP3K3,ANA,0.125,1.0,0.002681193935004428,160,5,50,1000,829
P2RX4,ANA,0.125,1.0,0.007388350264572133,160,5,50,1000,830
UGT1A6,ANA,0.125,1.0,0.020527195325217688,160,5,50,1000,831
IL6ST,ANA,0.125,1.0,0.001585378514794291,160,5,50,1000,832
KCNG4,ANA,0.125,1.0,0.0017545506702133212,160,5,50,1000,833
PALB2,ANA,0.125,1.0,0.00362645078122372,160,5,50,1000,834
PANTR1,ANA,0.125,1.0,0.007356702709542643,160,5,50,1000,835
FAM114A2,ANA,0.125,1.0,0.007622517674997535,160,5,50,1000,836
ULBP2,ANA,0.125,1.0,0.016981983451496388,160,5,50,1000,837
PAX8,ANA,0.125,1.0,0.002446504451365586,160,5,50,1000,838
UNC5B,ANA,0.125,1.0,0.010870109584015446,160,5,50,1000,839
UPK1B,ANA,0.125,1.0,0.0016316113150334735,160,5,50,1000,840
PCCB,ANA,0.125,1.0,0.002845995597189051,160,5,50,1000,841
PCDHA9,ANA,0.125,1.0,0.002711764336395344,160,5,50,1000,842
EXOSC4,ANA,0.125,1.0,0.0017298426738072113,160,5,50,1000,843
PCOLCE,ANA,0.125,1.0,0.038756164082942905,160,5,50,1000,844
UPP2,ANA,0.125,1.0,0.0025228824248923675,160,5,50,1000,845
MGST1,ANA,0.125,1.0,0.017861509748870515,160,5,50,1000,846
PDGFA-DT,ANA,0.125,1.0,0.010253305839117677,160,5,50,1000,847
HOGA1,ANA,0.125,1.0,0.000903476367088817,160,5,50,1000,848
PDIA4,ANA,0.125,1.0,0.009375027677482783,160,5,50,1000,849
MICAL3,ANA,0.125,1.0,0.008453822641706252,160,5,50,1000,850
CORT,ANA,0.125,1.0,0.007351745951370581,160,5,50,1000,851
CALCR,ANA,0.125,1.0,0.014758141796588983,160,5,50,1000,852
MIR1247,ANA,0.125,1.0,0.07892497458592027,160,5,50,1000,853
FOLH1,ANA,0.125,1.0,0.008374413638783218,160,5,50,1000,854
COL18A1-AS2,ANA,0.125,2.0,0.01960441242168792,160,5,50,1000,855
PGA5,ANA,0.125,1.0,0.0053813973632488195,160,5,50,1000,856
PGAM1P5,ANA,0.125,1.0,0.012761548595205806,160,5,50,1000,857
MIR1972-1,ANA,0.125,1.0,0.0017986367891250584,160,5,50,1000,858
LINC01522,ANA,0.125,1.0,0.0016404994890364948,160,5,50,1000,859
VCPKMT,ANA,0.125,1.0,0.006864126439598141,160,5,50,1000,860
EXOSC1,ANA,0.125,1.0,0.00017419592607135232,160,5,50,1000,861
MAP3K5,ANA,0.125,1.0,0.007797272631043807,160,5,50,1000,862
VWA3B,ANA,0.125,1.0,0.001408722497007485,160,5,50,1000,863
WDR4,ANA,0.125,1.0,0.0007385479209079342,160,5,50,1000,864
WDR54,ANA,0.125,1.0,0.01993429488598846,160,5,50,1000,865
CCL5,ANA,0.125,1.0,0.12793916415478138,160,5,50,1000,866
WDR62,ANA,0.125,1.0,0.004323582779511758,160,5,50,1000,867
LOC105371925,ANA,0.125,1.0,0.008983174704123015,160,5,50,1000,868
CACHD1,ANA,0.125,1.0,0.01213816239273969,160,5,50,1000,869
MIR329-2,ANA,0.125,1.0,0.05337312248257918,160,5,50,1000,870
PKDREJ,ANA,0.125,1.0,0.00014932030952627696,160,5,50,1000,871
PKP4-AS1,ANA,0.125,1.0,0.01799443577286657,160,5,50,1000,872
PLBD1,ANA,0.125,1.0,0.0019192796670632543,160,5,50,1000,873
LOXL1,ANA,0.125,1.0,0.02435160539194461,160,5,50,1000,874
ARHGAP15,ANA,0.125,1.0,0.07789676350409612,160,5,50,1000,875
ARHGAP11A-SCG5,ANA,0.125,1.0,0.029713115992353795,160,5,50,1000,876
MIR376C,ANA,0.125,1.0,0.15163719076256016,160,5,50,1000,877
PLPP7,ANA,0.125,1.0,0.0060150602717408104,160,5,50,1000,878
CD40LG,ANA,0.125,1.0,0.07519072758443189,160,5,50,1000,879
MIR3916,ANA,0.125,1.0,0.026342835572976488,160,5,50,1000,880
ADORA2A,ANA,0.125,1.0,0.02873765144844675,160,5,50,1000,881
DCTD,ANA,0.125,1.0,0.002392330901651202,160,5,50,1000,882
MIR4264,ANA,0.125,1.0,0.047469732151564595,160,5,50,1000,883
PMS2P3,ANA,0.125,1.0,0.007971422568490087,160,5,50,1000,884
PMS2P9,ANA,0.125,1.0,0.002502056744498209,160,5,50,1000,885
CD69,ANA,0.125,1.0,0.10137077547824835,160,5,50,1000,886
IL32,ANA,0.125,1.0,0.09268912208500753,160,5,50,1000,887
POLA2,ANA,0.125,1.0,0.0003320250956951606,160,5,50,1000,888
POLR3A,ANA,0.125,1.0,0.0010274004619310374,160,5,50,1000,889
POLR3F,ANA,0.125,1.0,5.4337574510399066e-06,160,5,50,1000,890
LINC02908,ANA,0.125,1.0,0.011455995696440457,160,5,50,1000,891
YWHAG,ANA,0.125,1.0,0.01675273748756359,160,5,50,1000,892
CALHM5,ANA,0.125,1.0,0.013097215995271723,160,5,50,1000,893
DCST1-AS1,ANA,0.125,1.0,0.022653635608166214,160,5,50,1000,894
GPR27,ANA,0.125,1.0,4.472696412361003e-06,160,5,50,1000,895
CD7,ANA,0.125,1.0,0.04950912683377371,160,5,50,1000,896
ISL1,ANA,0.125,1.0,0.0007867980968713938,160,5,50,1000,897
PPDPF,ANA,0.125,1.0,0.007198913271316091,160,5,50,1000,898
KLK15,ANA,0.125,1.0,0.018840073547037,160,5,50,1000,899
PPP1R1B,ANA,0.125,1.0,0.016070764311841828,160,5,50,1000,900
PPP1R1C,ANA,0.125,1.0,0.017861509748870515,160,5,50,1000,901
PPP1R21,ANA,0.125,1.0,0.004592260244112939,160,5,50,1000,902
CD55,ANA,0.125,1.0,0.006148694262470122,160,5,50,1000,903
LOC112267871,ANA,0.125,1.0,0.0040092747100903955,160,5,50,1000,904
MIR4650-2,ANA,0.125,2.0,0.07486289674287812,160,5,50,1000,905
ZEB1-AS1,ANA,0.125,1.0,0.013126372188090764,160,5,50,1000,906
ZFP90,ANA,0.125,1.0,0.0175565395600734,160,5,50,1000,907
PRLR,ANA,0.125,1.0,0.0005087158747955782,160,5,50,1000,908
OR5AK4P,ANA,0.125,1.0,0.001489790561069775,160,5,50,1000,909
ISG20,ANA,0.125,1.0,0.07547377699969197,160,5,50,1000,910
PRPH2,ANA,0.125,1.0,0.002459031101207168,160,5,50,1000,911
CHRD,ANA,0.125,1.0,0.009209264440716566,160,5,50,1000,912
PRR5-ARHGAP8,ANA,0.125,1.0,0.0022361920306640365,160,5,50,1000,913
CNTROB,ANA,0.125,1.0,3.1493300741375676e-06,160,5,50,1000,914
ERGIC3,ANA,0.125,1.0,0.028457877085406078,160,5,50,1000,915
CNTRL,ANA,0.125,1.0,0.015846589002419875,160,5,50,1000,916
CAMP,ANA,0.125,1.0,0.015516937958295748,160,5,50,1000,917
PSMB8,ANA,0.125,1.0,0.12260078048041223,160,5,50,1000,918
DSCAM,ANA,0.125,1.0,0.020178720376772867,160,5,50,1000,919
IL7R,ANA,0.125,1.0,0.06146127510566156,160,5,50,1000,920
AIFM2,ANA,0.125,1.0,0.008992414155519407,160,5,50,1000,921
CXorf58,ANA,0.125,1.0,0.003928808166248083,160,5,50,1000,922
PTGFR,ANA,0.125,1.0,0.02540139730694402,160,5,50,1000,923
CELA3B,ANA,0.125,1.0,0.012513757302039064,160,5,50,1000,924
ARL5A,ANA,0.125,1.0,0.004354898151783807,160,5,50,1000,925
MIR5007,ANA,0.125,2.0,0.08222522485788644,160,5,50,1000,926
ITM2A,ANA,0.125,1.0,0.034429915201113215,160,5,50,1000,927
ANTKMT,ANA,0.125,1.0,0.008824922330832765,160,5,50,1000,928
CD164L2,ANA,0.125,1.0,0.05104181735518404,160,5,50,1000,929
KRT13,ANA,0.125,1.0,0.010571526028431881,160,5,50,1000,930
RAB5C,ANA,0.125,1.0,0.008950393586106248,160,5,50,1000,931
ZNF528-AS1,ANA,0.125,1.0,0.006342012645076934,160,5,50,1000,932
KERA,ANA,0.125,1.0,0.06184082812754109,160,5,50,1000,933
CXCR6,ANA,0.125,1.0,0.08367455073976103,160,5,50,1000,934
RALGPS2,ANA,0.125,1.0,0.07977515734465958,160,5,50,1000,935
ZNF787,ANA,0.125,1.0,2.511706879713986e-05,160,5,50,1000,936
RASA1,ANA,0.125,1.0,0.0012361255854095136,160,5,50,1000,937
CD80,ANA,0.125,1.0,0.042654267494940584,160,5,50,1000,938
BBS4,ANA,0.125,1.0,0.002277159358850943,160,5,50,1000,939
EEF1AKMT3,ANA,0.125,1.0,0.009809502651625864,160,5,50,1000,940
MIR656,ANA,0.125,1.0,0.06095769479077064,160,5,50,1000,941
DEFA3,ANA,0.125,1.0,0.005282518509338835,160,5,50,1000,942
GPR173,ANA,0.125,1.0,0.0004811133141883531,160,5,50,1000,943
CNTN4-AS1,ANA,0.125,1.0,0.0333918782890313,160,5,50,1000,944
C2orf83,ANA,0.125,1.0,0.00042494105343440834,160,5,50,1000,945
ZNF878,ANA,0.125,1.0,0.007826107399966642,160,5,50,1000,946
REEP6,ANA,0.125,1.0,0.015402962007303908,160,5,50,1000,947
LINC01089,ANA,0.125,1.0,0.026835213926030024,160,5,50,1000,948
REST,ANA,0.125,1.0,0.0006122028654329378,160,5,50,1000,949
HLA-DOB,ANA,0.125,1.0,0.10281115887219548,160,5,50,1000,950
ZSCAN5C,ANA,0.125,1.0,0.006779384137874704,160,5,50,1000,951
MIR7-1,ANA,0.125,1.0,0.031709940743626513,160,5,50,1000,952
A2M,ANA,0.125,1.0,0.018822767177506892,160,5,50,1000,953
LINC01954,ANA,0.125,1.0,0.0005444529278997588,160,5,50,1000,954
RHCG,ANA,0.125,1.0,0.00016268209323449154,160,5,50,1000,955
RHOF,ANA,0.125,1.0,0.08347559559482727,160,5,50,1000,956
RIOK1,ANA,0.125,1.0,0.008743829095298666,160,5,50,1000,957
DEUP1,ANA,0.125,1.0,0.0015677039305401006,160,5,50,1000,958
RNF13,ANA,0.125,1.0,0.00018010045573128096,160,5,50,1000,959
CD81,ANA,0.125,1.0,0.0029655623228026055,160,5,50,1000,960
ETV1,ANA,0.125,1.0,0.000284338816381096,160,5,50,1000,961
IFFO1,ANA,0.125,1.0,0.02002330289445694,160,5,50,1000,962
GAP43,ANA,0.125,1.0,0.003816405046798318,160,5,50,1000,963
FASTK,ANA,0.125,1.0,0.009375027677482783,160,5,50,1000,964
FAM81B,ANA,0.125,1.0,0.020450914115896633,160,5,50,1000,965
RSC1A1,ANA,0.125,1.0,0.00014140494574627798,160,5,50,1000,966
LINC01116,ANA,0.125,1.0,0.013031059412905822,160,5,50,1000,967
MPC1L,ANA,0.125,1.0,0.03790482374525388,160,5,50,1000,968
PTP4A2,ANA,0.125,1.0,0.0013477211959821646,160,5,50,1000,969
MRPS34,ANA,0.125,1.0,0.0019387646149410184,160,5,50,1000,970
SCGB3A1,ANA,0.125,1.0,0.03369302989955412,160,5,50,1000,971
LDLRAD4,ANA,0.125,1.0,0.03812146990937142,160,5,50,1000,972
SDR16C5,ANA,0.125,1.0,0.012573216167783115,160,5,50,1000,973
SERPINA1,ANA,0.125,2.0,0.04691897952013888,160,5,50,1000,974
SERPINA9,ANA,0.125,1.0,0.08194490712465839,160,5,50,1000,975
DUS2,ANA,0.125,1.0,0.030825199843726787,160,5,50,1000,976
AKNAD1,ANA,0.125,1.0,0.0005591892028616371,160,5,50,1000,977
SERPINC1,ANA,0.125,1.0,0.0017173036620906845,160,5,50,1000,978
SETSIP,ANA,0.125,1.0,0.006937849172931236,160,5,50,1000,979
APOL3,ANA,0.125,1.0,0.0900074815311233,160,5,50,1000,980
MTFP1,ANA,0.125,1.0,0.015846589002419875,160,5,50,1000,981
IL21R,ANA,0.125,1.0,0.047008627555803824,160,5,50,1000,982
GPR15,ANA,0.125,1.0,0.010694404085109768,160,5,50,1000,983
SIGLEC1,ANA,0.125,1.0,0.06344221532048311,160,5,50,1000,984
KIAA1671-AS1,ANA,0.125,1.0,0.043801387859696575,160,5,50,1000,985
SIM2,ANA,0.125,1.0,0.027803210694550492,160,5,50,1000,986
SLA,ANA,0.125,1.0,0.06764407544414364,160,5,50,1000,987
MTHFD2L,ANA,0.125,1.0,0.010985192915745316,160,5,50,1000,988
SLAMF7,ANA,0.125,1.0,0.08321943741641402,160,5,50,1000,989
LOC102723701,ANA,0.125,1.0,0.011694519635439084,160,5,50,1000,990
SLC20A1-DT,ANA,0.125,1.0,0.0032342763473520403,160,5,50,1000,991
SLC25A13,ANA,0.125,1.0,4.8834597219218524e-05,160,5,50,1000,992
LGALS8,ANA,0.125,1.0,0.004455781572764168,160,5,50,1000,993
MUC7,ANA,0.125,1.0,0.023189166861024107,160,5,50,1000,994
ITGAE,ANA,0.125,1.0,0.012355568105092828,160,5,50,1000,995
CCDC51,ANA,0.125,1.0,0.0009713074301617154,160,5,50,1000,996
FBXO25,ANA,0.125,1.0,0.006717890921687241,160,5,50,1000,997
CCDC50,ANA,0.125,1.0,0.026835213926030024,160,5,50,1000,998
HSD17B2,ANA,0.125,1.0,2.3816808685665362e-05,160,5,50,1000,999
SLC49A4,ANA,0.125,1.0,0.0014641388391104238,160,5,50,1000,1000
MIR155,RF,1.0,1.0,0.03603761117223423,161,5,50,1000,1
IGLL3P,RF,1.0,3.0,0.07429798440539101,161,5,50,1000,2
SCIMP,RF,1.0,2.0,0.06086890771773102,161,5,50,1000,3
CHD3,RF,1.0,8.0,0.04217547396694135,161,5,50,1000,4
FAM110B,RF,1.0,1.0,0.04185401754209095,161,5,50,1000,5
FASLG,RF,1.0,1.0,0.06496105040869356,161,5,50,1000,6
ELOB,RF,1.0,3.0,0.011194150883022044,161,5,50,1000,7
RAD51,RF,1.0,13.0,0.029140419122154478,161,5,50,1000,8
LRP5,RF,1.0,1.0,0.07551800014903327,161,5,50,1000,9
MIEN1,RF,1.0,3.0,0.009527663202374014,161,5,50,1000,10
KIF18A,RF,1.0,6.0,0.01606643431052443,161,5,50,1000,11
ARSD,RF,1.0,13.0,0.05779032993332954,161,5,50,1000,12
LAMP1,RF,1.0,1.0,0.017379825318019432,161,5,50,1000,13
PSMA8,RF,1.0,3.0,0.12162447448262556,161,5,50,1000,14
MIR10525,RF,1.0,5.0,0.10240014827170794,161,5,50,1000,15
RPL9,RF,1.0,1.0,0.00841950231659047,161,5,50,1000,16
CD27,RF,1.0,3.0,0.11110516926232922,161,5,50,1000,17
MIR3126,RF,1.0,1.0,0.02511844738686851,161,5,50,1000,18
SCGB3A1,RF,1.0,1.0,0.03577148818473111,161,5,50,1000,19
LOC105372493,RF,1.0,3.0,0.0641539370534897,161,5,50,1000,20
MIR494,RF,0.9855769230769231,52.0,0.17477414886668977,161,5,50,1000,21
PURPL,RF,0.975,30.0,0.08537265175596356,161,5,50,1000,22
MIR376C,RF,0.9423076923076923,26.0,0.13730176385242204,161,5,50,1000,23
IGHD2-2,RF,0.9375,8.0,0.08008789674625336,161,5,50,1000,24
ZBTB32,RF,0.925,20.0,0.0938619734874635,161,5,50,1000,25
HLA-DQA2,RF,0.9,5.0,0.05722898959835538,161,5,50,1000,26
POLQ,RF,0.9,5.0,0.04624108404319513,161,5,50,1000,27
MIR4753,RF,0.8125,4.0,0.10831408320439039,161,5,50,1000,28
TOMM20,RF,0.8035714285714286,7.0,0.05722898959835538,161,5,50,1000,29
MIR4666A,RF,0.778125,10.0,0.09575846969145732,161,5,50,1000,30
IGHD2-8,RF,0.7777777777777778,9.0,0.08186999519959916,161,5,50,1000,31
MIR3125,RF,0.765625,4.0,0.05545111051692624,161,5,50,1000,32
DLGAP5,RF,0.75,3.0,0.046170409164132016,161,5,50,1000,33
SCARNA26B,RF,0.7,5.0,0.038957613837948914,161,5,50,1000,34
CCL25,RF,0.675,5.0,0.1464728198452085,161,5,50,1000,35
ASCL1,RF,0.6666666666666666,3.0,0.05850476466213942,161,5,50,1000,36
SNORD35B,RF,0.6666666666666666,6.0,0.07221680276531088,161,5,50,1000,37
MIR4428,RF,0.625,2.0,0.11377379600853875,161,5,50,1000,38
BLK,RF,0.5681818181818182,11.0,0.0854406163080889,161,5,50,1000,39
LINC01903,RF,0.5625,4.0,0.05331370736000699,161,5,50,1000,40
MIR3914-1,RF,0.55,5.0,0.07449298594634642,161,5,50,1000,41
DYNC1LI2-DT,RF,0.5,1.0,0.010077712248220193,161,5,50,1000,42
FDFT1,RF,0.5,1.0,0.007582286082485523,161,5,50,1000,43
COPZ1,RF,0.5,2.0,0.007911912578845168,161,5,50,1000,44
CLDN18,RF,0.5,1.0,0.015660225785129076,161,5,50,1000,45
LINC01486,RF,0.5,1.0,0.02924789152793365,161,5,50,1000,46
HLA-DPB2,RF,0.5,1.0,0.0508759413120677,161,5,50,1000,47
LINC02626,RF,0.5,2.0,0.007454551193742801,161,5,50,1000,48
GNB1,RF,0.5,3.0,0.04384308233478743,161,5,50,1000,49
ANO10,RF,0.5,1.0,0.026010741352783636,161,5,50,1000,50
LINC02604,RF,0.5,1.0,0.009391796824720487,161,5,50,1000,51
FAM95C,RF,0.5,2.0,0.00263895361857436,161,5,50,1000,52
LINC00537,RF,0.5,4.0,0.04997134397313895,161,5,50,1000,53
LINC02998,RF,0.5,2.0,0.018419910092632406,161,5,50,1000,54
LINC00539,RF,0.5,1.0,0.04686267347015528,161,5,50,1000,55
COQ5,RF,0.5,1.0,0.0027003511048185962,161,5,50,1000,56
RAB4A,RF,0.5,7.0,0.048723409617905035,161,5,50,1000,57
LOC101929431,RF,0.5,1.0,0.01752190830014304,161,5,50,1000,58
PRXL2C,RF,0.5,1.0,0.04471363861862544,161,5,50,1000,59
PRRC2C,RF,0.5,1.0,0.009402696760176743,161,5,50,1000,60
PRR18,RF,0.5,1.0,0.039951871980164484,161,5,50,1000,61
MIR3667HG,RF,0.5,1.0,0.03197470943211442,161,5,50,1000,62
RAB29,RF,0.5,1.0,0.012363159132835621,161,5,50,1000,63
LYPD2,RF,0.5,1.0,0.005862633375633078,161,5,50,1000,64
ZNF80,RF,0.5,3.0,0.05320576619967453,161,5,50,1000,65
CCDC153,RF,0.5,1.0,2.6906394958202844e-06,161,5,50,1000,66
DHX9-AS1,RF,0.5,1.0,0.008096957908075016,161,5,50,1000,67
AKR7L,RF,0.5,1.0,0.011483129864558612,161,5,50,1000,68
CDRT15P1,RF,0.5,1.0,0.006947337631280412,161,5,50,1000,69
ZNF793-AS1,RF,0.5,1.0,0.014366645513993788,161,5,50,1000,70
ZNF670-ZNF695,RF,0.5,1.0,0.007944616406407,161,5,50,1000,71
ZNF429,RF,0.5,2.0,0.023220751127611922,161,5,50,1000,72
PRKY,RF,0.5,5.0,0.09081259388937296,161,5,50,1000,73
IFIT3,RF,0.5,1.0,0.06426450992166988,161,5,50,1000,74
ZBED5-AS1,RF,0.5,1.0,0.010036951480908402,161,5,50,1000,75
MIR3197,RF,0.5,4.0,0.07550603282817235,161,5,50,1000,76
WNK2,RF,0.5,1.0,0.05811650357680095,161,5,50,1000,77
VSTM2A-OT1,RF,0.5,1.0,0.00909145226494349,161,5,50,1000,78
DTX3L,RF,0.5,1.0,0.029519323915015987,161,5,50,1000,79
HCRT,RF,0.5,5.0,0.04496140152302897,161,5,50,1000,80
FAAH,RF,0.5,1.0,0.021540181995905978,161,5,50,1000,81
VAMP1,RF,0.5,1.0,0.01568273668891938,161,5,50,1000,82
ITM2B,RF,0.5,1.0,0.015217226929432755,161,5,50,1000,83
UMAD1,RF,0.5,1.0,0.004800624186344172,161,5,50,1000,84
FIGNL2,RF,0.5,1.0,0.015463274220720588,161,5,50,1000,85
UGT2B17,RF,0.5,2.0,0.025078327825552728,161,5,50,1000,86
UCKL1-AS1,RF,0.5,1.0,0.011256846997798373,161,5,50,1000,87
EVPL,RF,0.5,1.0,0.049449453617782295,161,5,50,1000,88
UBE2N,RF,0.5,1.0,0.003208817508777621,161,5,50,1000,89
GJB1,RF,0.5,1.0,0.0686079526775578,161,5,50,1000,90
CCDC181,RF,0.5,2.0,0.0007452659570846296,161,5,50,1000,91
TXNDC5,RF,0.5,2.0,0.05611452767416071,161,5,50,1000,92
TSPAN18,RF,0.5,3.0,0.04765577474791164,161,5,50,1000,93
KCNK1,RF,0.5,1.0,0.022653548087333494,161,5,50,1000,94
EMILIN1,RF,0.5,1.0,0.012623993477603372,161,5,50,1000,95
PNPLA4,RF,0.5,1.0,0.016695231374130457,161,5,50,1000,96
KRT17P2,RF,0.5,1.0,0.004188441373174918,161,5,50,1000,97
LOC103171574,RF,0.5,3.0,0.026249180186307886,161,5,50,1000,98
CYP1B1,RF,0.5,2.0,0.010898933535551008,161,5,50,1000,99
PLA2G12A,RF,0.5,1.0,0.03903005650113747,161,5,50,1000,100
TRE-TTC4-2,RF,0.5,7.0,0.06340965783240288,161,5,50,1000,101
GPR132,RF,0.5,2.0,0.060758178985632676,161,5,50,1000,102
TPD52L1,RF,0.5,1.0,0.05370128475433621,161,5,50,1000,103
PDHB,RF,0.5,1.0,9.66524500629008e-05,161,5,50,1000,104
PCDHGA8,RF,0.5,2.0,0.00022521339876764953,161,5,50,1000,105
HTR7P1,RF,0.5,1.0,0.005756276186763132,161,5,50,1000,106
TOP1P1,RF,0.5,6.0,0.07520445770877719,161,5,50,1000,107
OR7A17,RF,0.5,1.0,0.012951548076937191,161,5,50,1000,108
C1orf131,RF,0.5,1.0,0.005265476446170504,161,5,50,1000,109
IL21R,RF,0.5,1.0,0.07493498768597068,161,5,50,1000,110
OR6C4,RF,0.5,1.0,0.028449798204163407,161,5,50,1000,111
TMEM239,RF,0.5,5.0,0.08229034038892542,161,5,50,1000,112
TLX1,RF,0.5,1.0,0.017931123908426445,161,5,50,1000,113
LINC02245,RF,0.5,2.0,0.08026925704739654,161,5,50,1000,114
LINC02384,RF,0.5,1.0,0.0796229988933849,161,5,50,1000,115
TK1,RF,0.5,2.0,0.008679214682405748,161,5,50,1000,116
CENPS-CORT,RF,0.5,1.0,0.0016029089939524597,161,5,50,1000,117
TJP2,RF,0.5,1.0,0.0045703669219589365,161,5,50,1000,118
ODAM,RF,0.5,1.0,0.0361265380012887,161,5,50,1000,119
OASL,RF,0.5,1.0,0.08823431753726928,161,5,50,1000,120
TCAM1P,RF,0.5,2.0,0.017601494987468293,161,5,50,1000,121
CD3E,RF,0.5,2.0,0.08561193493383362,161,5,50,1000,122
TAS1R1,RF,0.5,2.0,0.0026438727981921493,161,5,50,1000,123
TACR2,RF,0.5,2.0,0.001669196661984915,161,5,50,1000,124
CD3G,RF,0.5,1.0,0.11576282103974804,161,5,50,1000,125
STATH,RF,0.5,2.0,0.01645414816535679,161,5,50,1000,126
STAB2,RF,0.5,1.0,0.010114013674699492,161,5,50,1000,127
DLEC1,RF,0.5,1.0,6.739674234225402e-06,161,5,50,1000,128
SRD5A3-AS1,RF,0.5,1.0,0.012899201623468075,161,5,50,1000,129
NTN3,RF,0.5,1.0,0.043318681297587786,161,5,50,1000,130
NPIPB5,RF,0.5,1.0,0.004295664447240036,161,5,50,1000,131
LOC400682,RF,0.5,1.0,0.00027992099131456425,161,5,50,1000,132
CLRN1-AS1,RF,0.5,5.0,0.04316148050202657,161,5,50,1000,133
GALNS,RF,0.5,1.0,0.0014027748530470053,161,5,50,1000,134
GALNT1,RF,0.5,3.0,0.06121590316345003,161,5,50,1000,135
FBN3,RF,0.5,2.0,0.06224769691101699,161,5,50,1000,136
LINC02093,RF,0.5,1.0,0.010924400960473334,161,5,50,1000,137
KRT3,RF,0.5,2.0,0.0007230699816050998,161,5,50,1000,138
SNORD83B,RF,0.5,1.0,0.020243465457070477,161,5,50,1000,139
BTN2A2,RF,0.5,1.0,0.04567261119415089,161,5,50,1000,140
LMF1,RF,0.5,1.0,0.012310366139644164,161,5,50,1000,141
BTN3A1,RF,0.5,1.0,0.04960958474412208,161,5,50,1000,142
ATP5PD,RF,0.5,1.0,0.005540749637279356,161,5,50,1000,143
SNORD13,RF,0.5,4.0,0.05925700328255764,161,5,50,1000,144
LINC00320,RF,0.5,4.0,0.03594876071940293,161,5,50,1000,145
NPIPB3,RF,0.5,1.0,0.0069456908640347145,161,5,50,1000,146
DNM1P41,RF,0.5,1.0,0.00048549589262562734,161,5,50,1000,147
SNORA80A,RF,0.5,1.0,0.022140740838246978,161,5,50,1000,148
LINC02256,RF,0.5,1.0,0.00047895011742002885,161,5,50,1000,149
LINC00920,RF,0.5,1.0,0.015160708407876297,161,5,50,1000,150
SNORA12,RF,0.5,1.0,0.06429990728402234,161,5,50,1000,151
ARFGAP3,RF,0.5,1.0,0.006828061393098996,161,5,50,1000,152
SNAR-A4,RF,0.5,1.0,0.02529409548943991,161,5,50,1000,153
NCR3,RF,0.5,8.0,0.09682584091020989,161,5,50,1000,154
ADGRB1,RF,0.5,3.0,0.031938036942207086,161,5,50,1000,155
NCAPG,RF,0.5,6.0,0.022820598140273013,161,5,50,1000,156
IRF4,RF,0.5,6.0,0.06328194185836855,161,5,50,1000,157
LINC02905,RF,0.5,2.0,0.08110868885725239,161,5,50,1000,158
MYBL2,RF,0.5,1.0,0.07097411374292212,161,5,50,1000,159
MIR3123,RF,0.5,1.0,0.05711705028119069,161,5,50,1000,160
AMT,RF,0.5,1.0,0.010801404419274385,161,5,50,1000,161
SLURP2,RF,0.5,2.0,0.004437106833292252,161,5,50,1000,162
MUC16,RF,0.5,1.0,0.025935293266765143,161,5,50,1000,163
LINC02767,RF,0.5,3.0,0.009031634500322175,161,5,50,1000,164
LINC00927,RF,0.5,1.0,0.038671051832144324,161,5,50,1000,165
KLK14,RF,0.5,6.0,0.04232256324965162,161,5,50,1000,166
LINC01518,RF,0.5,1.0,0.008709913188030197,161,5,50,1000,167
MRPL20,RF,0.5,1.0,0.0037039147529773784,161,5,50,1000,168
MROH6,RF,0.5,1.0,0.001313305698315806,161,5,50,1000,169
CAPN14,RF,0.5,1.0,0.026002369716825142,161,5,50,1000,170
CERS3,RF,0.5,1.0,0.005343059604716009,161,5,50,1000,171
MIS18A-AS1,RF,0.5,1.0,0.0007384803297564931,161,5,50,1000,172
EOMES,RF,0.5,6.0,0.08578507184792565,161,5,50,1000,173
AP4B1-AS1,RF,0.5,1.0,0.005564714805112878,161,5,50,1000,174
CSF3,RF,0.5,1.0,0.03993991557127351,161,5,50,1000,175
LSM11,RF,0.5,1.0,2.41631125157252e-05,161,5,50,1000,176
SIGLEC6,RF,0.5,1.0,0.022954411595164856,161,5,50,1000,177
MIR92A1,RF,0.5,1.0,0.054822807940757536,161,5,50,1000,178
CASQ1,RF,0.5,1.0,0.00035049616176745945,161,5,50,1000,179
MIR758,RF,0.5,2.0,0.0715739789518837,161,5,50,1000,180
CD74,RF,0.5,1.0,0.08356957661405212,161,5,50,1000,181
SHISA8,RF,0.5,1.0,0.0014091746731955495,161,5,50,1000,182
SFTA2,RF,0.5,1.0,0.0015131690782933,161,5,50,1000,183
ACP2,RF,0.5,1.0,0.005367882018260959,161,5,50,1000,184
LMO7-AS1,RF,0.5,1.0,0.0008561193493383363,161,5,50,1000,185
IL2RG,RF,0.5,1.0,0.05060122864769854,161,5,50,1000,186
LINC02324,RF,0.5,1.0,0.025457070759504347,161,5,50,1000,187
LRRC73,RF,0.5,3.0,0.024808059751394877,161,5,50,1000,188
SDR42E2,RF,0.5,1.0,0.029245471653728535,161,5,50,1000,189
ELAPOR2,RF,0.5,1.0,0.020769340028616037,161,5,50,1000,190
MAGED2,RF,0.5,2.0,0.006827531264108847,161,5,50,1000,191
MIR222HG,RF,0.5,1.0,0.012006276785727013,161,5,50,1000,192
SDCBP2-AS1,RF,0.5,1.0,0.002773826691856209,161,5,50,1000,193
FAM86B1,RF,0.5,2.0,0.0031728571581383248,161,5,50,1000,194
MIR2113,RF,0.5,1.0,0.08838944285925297,161,5,50,1000,195
CCNB1,RF,0.5,1.0,0.016634796197021965,161,5,50,1000,196
MIR6843,RF,0.5,1.0,0.003136824399641453,161,5,50,1000,197
IL10,RF,0.5,1.0,0.08847458513140372,161,5,50,1000,198
ARHGAP27P1-BPTFP1-KPNA2P3,RF,0.5,1.0,0.0019988537589255575,161,5,50,1000,199
SCGB1D1,RF,0.5,1.0,0.010637024954030766,161,5,50,1000,200
ECE1-AS1,RF,0.5,1.0,0.044591183048659826,161,5,50,1000,201
CD8A,RF,0.5,1.0,0.08275953703257254,161,5,50,1000,202
ASMTL,RF,0.5,1.0,0.002591148144021153,161,5,50,1000,203
LRRC46,RF,0.5,1.0,0.006793364782199786,161,5,50,1000,204
FBXO5,RF,0.5,1.0,0.010729378264431062,161,5,50,1000,205
KRT83,RF,0.5,3.0,0.022148634710384887,161,5,50,1000,206
LINC00685,RF,0.5,1.0,0.02418548939023318,161,5,50,1000,207
MAN1B1,RF,0.5,1.0,0.007911912578845168,161,5,50,1000,208
LHX2,RF,0.5,2.0,0.03314662721532788,161,5,50,1000,209
SCAMP5,RF,0.5,1.0,0.019598273858590063,161,5,50,1000,210
LINC00519,RF,0.5,1.0,0.037952395011397584,161,5,50,1000,211
MIR6748,RF,0.5,1.0,0.014516157387292583,161,5,50,1000,212
HOXD-AS2,RF,0.5,2.0,0.0028895041499153243,161,5,50,1000,213
CIART,RF,0.5,1.0,0.006983139517044585,161,5,50,1000,214
RXFP4,RF,0.5,4.0,0.06290964329868932,161,5,50,1000,215
MIR543,RF,0.5,1.0,0.06497855455274681,161,5,50,1000,216
LINC02073,RF,0.5,1.0,0.044444929487158634,161,5,50,1000,217
MIR484,RF,0.5,1.0,0.03777665539673095,161,5,50,1000,218
DENND6B,RF,0.5,1.0,0.061346076160912096,161,5,50,1000,219
MIR4765,RF,0.5,1.0,0.08726357408048674,161,5,50,1000,220
RPL7,RF,0.5,1.0,0.015800209961558186,161,5,50,1000,221
GMPPA,RF,0.5,1.0,0.004326402556358679,161,5,50,1000,222
CACNA1E,RF,0.5,1.0,0.0005679001643415473,161,5,50,1000,223
LOC101059948,RF,0.5,1.0,0.003248903891809638,161,5,50,1000,224
RPL11,RF,0.5,1.0,0.006673676343600556,161,5,50,1000,225
HJURP,RF,0.5,1.0,0.058100597304560866,161,5,50,1000,226
IL17D,RF,0.5,1.0,0.004204434050759517,161,5,50,1000,227
RIMS1,RF,0.5,1.0,0.016844500111549424,161,5,50,1000,228
MIR409,RF,0.5,1.0,0.018592588866471887,161,5,50,1000,229
ESR1,RF,0.5,1.0,0.026352750116553872,161,5,50,1000,230
RENBP,RF,0.5,1.0,0.022211283949006573,161,5,50,1000,231
RELT,RF,0.5,1.0,0.008706544880648476,161,5,50,1000,232
AURKC,RF,0.5,1.0,0.0073252087526416276,161,5,50,1000,233
BPNT2,RF,0.5,1.0,0.021746801264152682,161,5,50,1000,234
GOLGA6FP,RF,0.5,1.0,0.0014924840036329864,161,5,50,1000,235
ESRP1,RF,0.5,1.0,0.017121345945637932,161,5,50,1000,236
REEP5,RF,0.5,1.0,0.051659803100768405,161,5,50,1000,237
IL6,RF,0.5,1.0,0.07103372071614839,161,5,50,1000,238
RDH11,RF,0.5,1.0,0.01094786246860439,161,5,50,1000,239
STRCP1,RF,0.5,2.0,0.0031022553400778356,161,5,50,1000,240
LRRC8A,RF,0.5,1.0,0.027776292315582304,161,5,50,1000,241
DOLPP1,RF,0.5,1.0,0.0019160088017287859,161,5,50,1000,242
EIF3L,RF,0.5,1.0,0.02293627294125898,161,5,50,1000,243
LINC02291,RF,0.5,1.0,0.019219400923705793,161,5,50,1000,244
HEY1,RF,0.5,1.0,0.0361265380012887,161,5,50,1000,245
HEY2,RF,0.5,1.0,0.0060030266901028775,161,5,50,1000,246
LOC143666,RF,0.5,1.0,0.0008567845547379775,161,5,50,1000,247
HBM,RF,0.5,1.0,5.491955657950019e-06,161,5,50,1000,248
ADAM19,RF,0.5,1.0,0.07903151395871778,161,5,50,1000,249
HLA-DMA,RF,0.5,1.0,0.09460302362177112,161,5,50,1000,250
CT75,RF,0.5,1.0,0.0014263448160116439,161,5,50,1000,251
RAPGEFL1,RF,0.5,1.0,0.0001690656382110475,161,5,50,1000,252
RAD54L,RF,0.5,1.0,0.022002387979354596,161,5,50,1000,253
LRRN2,RF,0.5,1.0,0.0267171457398344,161,5,50,1000,254
LINC02021,RF,0.5,1.0,0.005147649450728712,161,5,50,1000,255
MIR374B,RF,0.5,2.0,0.062122744299682404,161,5,50,1000,256
OR56A4,RF,0.4583333333333333,6.0,0.034908618294080124,161,5,50,1000,257
MIR17,RF,0.4583333333333333,3.0,0.08908771310192326,161,5,50,1000,258
OR8B8,RF,0.44642857142857145,7.0,0.06095125383879759,161,5,50,1000,259
FAM81A,RF,0.4166666666666667,3.0,0.00928009985691032,161,5,50,1000,260
LINC01426,RF,0.4166666666666667,3.0,0.03323675584873643,161,5,50,1000,261
SCGB2A2,RF,0.4166666666666667,3.0,0.029761119415088303,161,5,50,1000,262
PRR11,RF,0.4166666666666667,3.0,0.0489355285782189,161,5,50,1000,263
HLA-H,RF,0.4166666666666667,3.0,0.054682109872576566,161,5,50,1000,264
LINC01754,RF,0.4166666666666667,3.0,0.08254126308632513,161,5,50,1000,265
LIPC-AS1,RF,0.4166666666666667,6.0,0.019377745603138038,161,5,50,1000,266
SNORA22C,RF,0.4166666666666667,3.0,0.057664518747364495,161,5,50,1000,267
LINC02205,RF,0.4,5.0,0.03037742658206634,161,5,50,1000,268
MIR329-1,RF,0.375,2.0,0.045074286503285314,161,5,50,1000,269
LINC01719,RF,0.375,2.0,0.01197692222585296,161,5,50,1000,270
OTX2-AS1,RF,0.375,4.0,0.03617286673893914,161,5,50,1000,271
PPP2R2B,RF,0.375,2.0,0.05545111051692624,161,5,50,1000,272
SCARNA18B,RF,0.375,3.0,0.0353686732017881,161,5,50,1000,273
IGHVII-26-2,RF,0.375,2.0,0.07329027899555421,161,5,50,1000,274
CSN3,RF,0.375,2.0,0.018687017011707874,161,5,50,1000,275
SNORD36A,RF,0.375,4.0,0.02590638148239495,161,5,50,1000,276
SNORD38A,RF,0.375,2.0,0.06619002267884432,161,5,50,1000,277
SLC16A6,RF,0.375,2.0,0.022799982484696276,161,5,50,1000,278
IL22RA2,RF,0.375,3.0,0.11494807545864588,161,5,50,1000,279
TRI-TAT2-1,RF,0.375,2.0,0.10450878073937354,161,5,50,1000,280
RTN1,RF,0.375,3.0,0.06121590316345003,161,5,50,1000,281
GRB14,RF,0.375,5.0,0.01164097398806879,161,5,50,1000,282
CDCA8,RF,0.375,2.0,0.042306976109096645,161,5,50,1000,283
ACP5,RF,0.375,3.0,0.04243064474416689,161,5,50,1000,284
DAND5,RF,0.375,2.0,0.0035371592774400833,161,5,50,1000,285
NPB,RF,0.375,2.0,0.017100820098782263,161,5,50,1000,286
HCG14,RF,0.375,2.0,0.025964172674921047,161,5,50,1000,287
MIR185,RF,0.375,2.0,0.08384046647409231,161,5,50,1000,288
ADRA2C,RF,0.375,2.0,0.00626233464902923,161,5,50,1000,289
VPREB3,RF,0.375,2.0,0.04992301750936398,161,5,50,1000,290
SLC23A1,RF,0.375,2.0,0.01568366945667472,161,5,50,1000,291
SNORD49A,RF,0.375,8.0,0.0831004408196614,161,5,50,1000,292
LINC02341,RF,0.3541666666666667,3.0,0.029235776652483562,161,5,50,1000,293
MIR4261,RF,0.3541666666666667,3.0,0.06763046984925725,161,5,50,1000,294
IGLL1,RF,0.3333333333333333,3.0,0.08325360229892204,161,5,50,1000,295
SRD5A3,RF,0.3333333333333333,3.0,0.05348452903299334,161,5,50,1000,296
PRDM1,RF,0.3125,2.0,0.006097391938494342,161,5,50,1000,297
MIR1245B,RF,0.3125,2.0,0.04181066639782236,161,5,50,1000,298
SLC30A4,RF,0.3125,2.0,0.010392602707914382,161,5,50,1000,299
LMNTD1,RF,0.3125,2.0,0.06904073942329095,161,5,50,1000,300
TMEM151A,RF,0.3125,2.0,0.04071416915453613,161,5,50,1000,301
MLPH,RF,0.3125,2.0,0.03282435554074964,161,5,50,1000,302
TNR,RF,0.3125,2.0,0.013201644306272329,161,5,50,1000,303
CD300C,RF,0.3125,2.0,0.03561800229191878,161,5,50,1000,304
LINC00485,RF,0.3125,2.0,0.02202697713103299,161,5,50,1000,305
SMIM14,RF,0.3125,2.0,0.03903005650113747,161,5,50,1000,306
RAD51B,RF,0.2916666666666667,3.0,0.03173098839732267,161,5,50,1000,307
AMER2,RF,0.28125,2.0,0.07707201973257019,161,5,50,1000,308
FLJ12825,RF,0.25,2.0,0.0005142998728981234,161,5,50,1000,309
ZNF287,RF,0.25,1.0,0.0033427830645620838,161,5,50,1000,310
ZNF367,RF,0.25,1.0,0.020358819344447165,161,5,50,1000,311
ZNF385C,RF,0.25,1.0,0.022702902222600015,161,5,50,1000,312
FLJ30679,RF,0.25,1.0,0.01716521149833507,161,5,50,1000,313
FLJ32255,RF,0.25,1.0,0.0750042737477919,161,5,50,1000,314
DHX16,RF,0.25,1.0,0.003847742803666219,161,5,50,1000,315
ZNF479,RF,0.25,1.0,0.015150818694001231,161,5,50,1000,316
ZNF503,RF,0.25,1.0,0.00989673967835117,161,5,50,1000,317
LOC101927245,RF,0.25,1.0,0.03588522030455529,161,5,50,1000,318
LINC01489,RF,0.25,1.0,0.01051145860416744,161,5,50,1000,319
DSTN,RF,0.25,1.0,0.034804141809526734,161,5,50,1000,320
KRT10-AS1,RF,0.25,3.0,0.019267424836830506,161,5,50,1000,321
ZNF667-AS1,RF,0.25,1.0,0.027776292315582304,161,5,50,1000,322
FAM9B,RF,0.25,1.0,0.059832968300838035,161,5,50,1000,323
ZNF669,RF,0.25,1.0,0.008810550239549046,161,5,50,1000,324
ZNF716,RF,0.25,1.0,0.05165242721362183,161,5,50,1000,325
FLJ42393,RF,0.25,1.0,0.007651989170297134,161,5,50,1000,326
LOC101927269,RF,0.25,1.0,0.03567970100456206,161,5,50,1000,327
ZNF804A,RF,0.25,1.0,0.015762226271605975,161,5,50,1000,328
LEPROT,RF,0.25,1.0,0.008898655194028151,161,5,50,1000,329
EMBP1,RF,0.25,1.0,0.023185419667905074,161,5,50,1000,330
LINC02105,RF,0.25,1.0,0.013436883629191324,161,5,50,1000,331
LETM1,RF,0.25,1.0,8.773473840516892e-05,161,5,50,1000,332
CRCP,RF,0.25,1.0,0.008333808194199101,161,5,50,1000,333
ARID5A,RF,0.25,1.0,0.023867237668593867,161,5,50,1000,334
ABCA17P,RF,0.25,1.0,0.015316320258610879,161,5,50,1000,335
CLEC4E,RF,0.25,1.0,0.07091753582480836,161,5,50,1000,336
CYSLTR2,RF,0.25,1.0,0.05241449273598912,161,5,50,1000,337
GTF3C5,RF,0.25,1.0,8.766662137224565e-05,161,5,50,1000,338
LINC01107,RF,0.25,1.0,0.013452862576307033,161,5,50,1000,339
IGHM,RF,0.25,1.0,0.07394098630441848,161,5,50,1000,340
FABP3,RF,0.25,1.0,0.022724064925899796,161,5,50,1000,341
KIFC1,RF,0.25,1.0,0.04204170575865071,161,5,50,1000,342
GTPBP6_1,RF,0.25,3.0,0.02705830995574936,161,5,50,1000,343
ABCC6P1,RF,0.25,1.0,0.0026413968754843056,161,5,50,1000,344
HTR7,RF,0.25,1.0,0.0038023100234067914,161,5,50,1000,345
FASTK,RF,0.25,1.0,0.0038187580269750197,161,5,50,1000,346
GTSF1,RF,0.25,1.0,0.07589463243761968,161,5,50,1000,347
IGHV1-3,RF,0.25,1.0,0.0306503381758987,161,5,50,1000,348
EMX1,RF,0.25,1.0,0.04187383717200231,161,5,50,1000,349
MEP1A,RF,0.25,1.0,0.0005161810666397821,161,5,50,1000,350
LOC105375423,RF,0.25,1.0,0.013784316535061052,161,5,50,1000,351
KCNK2,RF,0.25,1.0,0.025769628936015976,161,5,50,1000,352
ABHD11-AS1,RF,0.25,1.0,0.0006761902603247438,161,5,50,1000,353
MEIS2,RF,0.25,1.0,0.030492423412247907,161,5,50,1000,354
DUXA,RF,0.25,1.0,0.09037825236877729,161,5,50,1000,355
KCNMA1,RF,0.25,1.0,0.015449105142962345,161,5,50,1000,356
LGALS3,RF,0.25,1.0,0.003235391453381083,161,5,50,1000,357
IGHV3-22,RF,0.25,1.0,0.03977346945037412,161,5,50,1000,358
BEX5,RF,0.25,1.0,0.0006273094675567751,161,5,50,1000,359
CCDC61,RF,0.25,1.0,0.006200782388978292,161,5,50,1000,360
LINC01506,RF,0.25,1.0,0.027367623697898923,161,5,50,1000,361
DYDC1,RF,0.25,1.0,0.03465606485298719,161,5,50,1000,362
DARS1-AS1,RF,0.25,1.0,0.00042917513057724233,161,5,50,1000,363
CRTC3-AS1,RF,0.25,1.0,0.01160259971454501,161,5,50,1000,364
HEAT2,RF,0.25,1.0,0.0059819964913289825,161,5,50,1000,365
DAZAP1,RF,0.25,1.0,0.0019213791160282434,161,5,50,1000,366
DLG4,RF,0.25,1.0,0.0001425130513682568,161,5,50,1000,367
FBXL12,RF,0.25,1.0,0.0046398107277644575,161,5,50,1000,368
HEXD,RF,0.25,1.0,0.0003774595966458751,161,5,50,1000,369
AMDHD2,RF,0.25,1.0,0.015106032611429268,161,5,50,1000,370
KRT33A,RF,0.25,5.0,0.0014340548688277488,161,5,50,1000,371
HEATR9,RF,0.25,1.0,0.04630171052189402,161,5,50,1000,372
GUSBP5,RF,0.25,1.0,0.005220044544042614,161,5,50,1000,373
CEP72,RF,0.25,1.0,0.004082886338437567,161,5,50,1000,374
CMAS,RF,0.25,1.0,0.024595966458750666,161,5,50,1000,375
CMC2,RF,0.25,1.0,0.00012103472913205663,161,5,50,1000,376
LOC401557,RF,0.25,1.0,0.031883004814242895,161,5,50,1000,377
FAM131B-AS2,RF,0.25,1.0,3.9943104362729416e-05,161,5,50,1000,378
FAM133A,RF,0.25,1.0,0.00949071796455133,161,5,50,1000,379
AMPH,RF,0.25,1.0,0.0003338967246015536,161,5,50,1000,380
KCNQ4,RF,0.25,1.0,0.00041033362794466456,161,5,50,1000,381
LOC284798,RF,0.25,1.0,0.0018385218265985332,161,5,50,1000,382
ACKR1,RF,0.25,1.0,0.018178550607748853,161,5,50,1000,383
DZANK1,RF,0.25,1.0,0.012816650691496647,161,5,50,1000,384
LGMN,RF,0.25,1.0,0.04821932546849956,161,5,50,1000,385
FBXO16,RF,0.25,2.0,0.0012994384952901112,161,5,50,1000,386
GALT,RF,0.25,1.0,0.006446181461139578,161,5,50,1000,387
KLF13,RF,0.25,1.0,0.004023952712624433,161,5,50,1000,388
LINC01139,RF,0.25,1.0,0.0005170571513170445,161,5,50,1000,389
CSF2RB,RF,0.25,1.0,0.045698336027637836,161,5,50,1000,390
CCL20,RF,0.25,1.0,0.060511217600207313,161,5,50,1000,391
LOC100996583,RF,0.25,1.0,0.07964057846265495,161,5,50,1000,392
GZMH,RF,0.25,1.0,0.0830291118932922,161,5,50,1000,393
JAML,RF,0.25,1.0,0.053809826989922725,161,5,50,1000,394
LINC02910,RF,0.25,1.0,0.002357050726779805,161,5,50,1000,395
CCL3,RF,0.25,1.0,0.04235399637483063,161,5,50,1000,396
FBXO31,RF,0.25,1.0,0.00663548657166527,161,5,50,1000,397
LINC02541,RF,0.25,1.0,0.05767272166505697,161,5,50,1000,398
FAM151B-DT,RF,0.25,1.0,0.029519323915015987,161,5,50,1000,399
LINC02685,RF,0.25,1.0,0.02919423685125874,161,5,50,1000,400
FAM153CP,RF,0.25,1.0,0.0008412435788022519,161,5,50,1000,401
KLF6,RF,0.25,1.0,0.004768242328074797,161,5,50,1000,402
FOXD4,RF,0.25,1.0,0.0020791305194974917,161,5,50,1000,403
LYPD9P,RF,0.25,1.0,0.015836967965107536,161,5,50,1000,404
EBLN3P,RF,0.25,1.0,0.021402983733458406,161,5,50,1000,405
LAP3,RF,0.25,1.0,0.02895896982953226,161,5,50,1000,406
CSNK1G2-AS1,RF,0.25,1.0,0.02842619624553288,161,5,50,1000,407
LINC01152,RF,0.25,1.0,0.0007762660053815119,161,5,50,1000,408
LINC01531,RF,0.25,1.0,0.042268122823678395,161,5,50,1000,409
LOC100132249,RF,0.25,1.0,0.009857875207204778,161,5,50,1000,410
LINC00616,RF,0.25,3.0,0.019194933052014113,161,5,50,1000,411
LINC02941,RF,0.25,1.0,0.01413574258467618,161,5,50,1000,412
ASPG,RF,0.25,1.0,0.00046106798400376373,161,5,50,1000,413
CSRP1,RF,0.25,1.0,0.013101831355720465,161,5,50,1000,414
ANKRD18DP,RF,0.25,1.0,0.041605908225631316,161,5,50,1000,415
DNAH1,RF,0.25,1.0,0.030821582327200187,161,5,50,1000,416
CCNL2,RF,0.25,1.0,0.0003082029657618011,161,5,50,1000,417
ASRGL1,RF,0.25,3.0,0.07850595256359119,161,5,50,1000,418
LOC112268136,RF,0.25,1.0,0.003482755776333758,161,5,50,1000,419
LINC01539,RF,0.25,1.0,0.12703002680848,161,5,50,1000,420
IQCE,RF,0.25,1.0,0.032699791441352814,161,5,50,1000,421
FAM171B,RF,0.25,1.0,0.035418191700600954,161,5,50,1000,422
HES2,RF,0.25,1.0,0.005276948072414884,161,5,50,1000,423
FAM172BP,RF,0.25,1.0,0.045632480232742356,161,5,50,1000,424
LOC102724058,RF,0.25,1.0,0.008384258648902264,161,5,50,1000,425
LOC107985388,RF,0.25,1.0,0.006960246814556107,161,5,50,1000,426
MAPK8,RF,0.25,1.0,0.009391067647948384,161,5,50,1000,427
CFAP74,RF,0.25,1.0,0.0014016655972647048,161,5,50,1000,428
HES7,RF,0.25,1.0,0.0361276320568209,161,5,50,1000,429
FCER2,RF,0.25,1.0,0.013482341292830135,161,5,50,1000,430
FCF1,RF,0.25,1.0,0.0011048185958437255,161,5,50,1000,431
CACNA1I,RF,0.25,1.0,2.450828138901534e-05,161,5,50,1000,432
LINC02154,RF,0.25,3.0,0.05189828138770527,161,5,50,1000,433
BPIFB4,RF,0.25,1.0,0.036919340777948444,161,5,50,1000,434
DDHD1-DT,RF,0.25,1.0,0.004746523635828664,161,5,50,1000,435
ACVR2B-AS1,RF,0.25,2.0,0.023373807780694065,161,5,50,1000,436
CNTNAP2,RF,0.25,1.0,0.01288133103372514,161,5,50,1000,437
CNTNAP2-AS1,RF,0.25,1.0,0.029540880458311658,161,5,50,1000,438
CFHR4,RF,0.25,2.0,0.02996343898484572,161,5,50,1000,439
FOXO3,RF,0.25,1.0,0.0004985588748313394,161,5,50,1000,440
LOC102724163,RF,0.25,3.0,0.013381521638402375,161,5,50,1000,441
LOC100134368,RF,0.25,1.0,0.01965929463436444,161,5,50,1000,442
BRCC3,RF,0.25,2.0,0.005930701727470774,161,5,50,1000,443
CT62,RF,0.25,1.0,0.010160063211916827,161,5,50,1000,444
GATAD2A,RF,0.25,1.0,0.01191950534369795,161,5,50,1000,445
LOC107985532,RF,0.25,1.0,0.05568480030714543,161,5,50,1000,446
LOC101927560,RF,0.25,1.0,0.00694718770234494,161,5,50,1000,447
LYZL2,RF,0.25,1.0,0.012555255211947104,161,5,50,1000,448
FOXRED1,RF,0.25,1.0,0.003509883044110286,161,5,50,1000,449
DNAJC12,RF,0.25,1.0,0.033850055010804916,161,5,50,1000,450
FOXS1,RF,0.25,1.0,0.016394151321355153,161,5,50,1000,451
LOC100240734,RF,0.25,1.0,0.03235908716352946,161,5,50,1000,452
LY9,RF,0.25,1.0,0.052098435942613014,161,5,50,1000,453
MEST,RF,0.25,1.0,0.011343238930993219,161,5,50,1000,454
LINC02027,RF,0.25,1.0,0.024751457681002537,161,5,50,1000,455
COL11A2,RF,0.25,1.0,0.0003351022641447748,161,5,50,1000,456
LILRB3,RF,0.25,1.0,0.05156546311995222,161,5,50,1000,457
GRB7,RF,0.25,1.0,0.04185401754209095,161,5,50,1000,458
IFITM4P,RF,0.25,1.0,0.004605545676209522,161,5,50,1000,459
FEM1C,RF,0.25,1.0,0.0005262188947869044,161,5,50,1000,460
CHCHD7,RF,0.25,1.0,0.011745628723091827,161,5,50,1000,461
LOC389834,RF,0.25,1.0,0.0009507925768652068,161,5,50,1000,462
LOC101929237,RF,0.25,2.0,0.00032728732483984073,161,5,50,1000,463
MAP3K20-AS1,RF,0.25,3.0,0.031526668898364786,161,5,50,1000,464
KLHL6,RF,0.25,1.0,0.05944886972274993,161,5,50,1000,465
LINC02036,RF,0.25,1.0,0.01408413584819648,161,5,50,1000,466
GCC2,RF,0.25,1.0,0.002019838956416539,161,5,50,1000,467
GCC2-AS1,RF,0.25,1.0,0.002172511527309027,161,5,50,1000,468
CTNNBIP1,RF,0.25,1.0,0.027854370400241964,161,5,50,1000,469
CHFR,RF,0.25,1.0,0.008037330639045838,161,5,50,1000,470
H3C1,RF,0.25,1.0,0.05000619653338384,161,5,50,1000,471
LINC01882,RF,0.25,1.0,0.032345017995197504,161,5,50,1000,472
IL22RA1,RF,0.25,1.0,0.0005305439815933721,161,5,50,1000,473
CAMTA1-DT,RF,0.25,1.0,0.0038896387728281053,161,5,50,1000,474
LMCD1-AS1,RF,0.25,1.0,0.00021135749630440544,161,5,50,1000,475
DNM1L,RF,0.25,1.0,0.00029198464080793554,161,5,50,1000,476
GRIK3,RF,0.25,1.0,6.718992253335105e-06,161,5,50,1000,477
LINC03007,RF,0.25,1.0,0.029438944581545307,161,5,50,1000,478
FGD3,RF,0.25,1.0,0.03367800926636188,161,5,50,1000,479
CD7,RF,0.25,1.0,0.09086098760237757,161,5,50,1000,480
CD70,RF,0.25,1.0,0.08475650589770914,161,5,50,1000,481
BZW2,RF,0.25,1.0,0.004735970053082139,161,5,50,1000,482
ADGRG2,RF,0.25,1.0,0.012946821579458707,161,5,50,1000,483
AP5M1,RF,0.25,1.0,0.003964777743198166,161,5,50,1000,484
ADGRL1,RF,0.25,1.0,0.04747293536693118,161,5,50,1000,485
CAPNS2,RF,0.25,1.0,0.0011794662361311041,161,5,50,1000,486
FRS2,RF,0.25,1.0,0.007705672410536529,161,5,50,1000,487
GNRH2,RF,0.25,1.0,0.011630039497403372,161,5,50,1000,488
MDM4,RF,0.25,1.0,0.009078294611921528,161,5,50,1000,489
IL32,RF,0.25,1.0,0.06367248626921544,161,5,50,1000,490
LRRTM4,RF,0.25,1.0,0.013007969002456769,161,5,50,1000,491
LIN7A,RF,0.25,1.0,0.004489055964087552,161,5,50,1000,492
EGR3,RF,0.25,1.0,0.001907998511221109,161,5,50,1000,493
C11orf16,RF,0.25,1.0,0.0023076207767714595,161,5,50,1000,494
KLLN,RF,0.25,1.0,0.0003336113427856548,161,5,50,1000,495
C11orf42,RF,0.25,1.0,0.021700588697208686,161,5,50,1000,496
CARD9,RF,0.25,1.0,0.005701328735414931,161,5,50,1000,497
LINC01429,RF,0.25,1.0,0.006054071351400772,161,5,50,1000,498
ADM2,RF,0.25,1.0,2.1916655343061412e-07,161,5,50,1000,499
LINC01742,RF,0.25,1.0,0.006329591368405767,161,5,50,1000,500
HLA-B,RF,0.25,1.0,0.10479936397866196,161,5,50,1000,501
IL6R,RF,0.25,1.0,0.03198414338375487,161,5,50,1000,502
LINC00469,RF,0.25,1.0,0.014011703887099958,161,5,50,1000,503
KLRK1,RF,0.25,1.0,0.0969284545919862,161,5,50,1000,504
GEMIN7-AS1,RF,0.25,1.0,0.008956581458989086,161,5,50,1000,505
ETFA,RF,0.25,1.0,0.0025800834586235466,161,5,50,1000,506
GET1,RF,0.25,1.0,0.005402236375511207,161,5,50,1000,507
MED14,RF,0.25,1.0,0.05422247435106254,161,5,50,1000,508
LINC02478,RF,0.25,1.0,0.02302706587649924,161,5,50,1000,509
AFF1-AS1,RF,0.25,1.0,0.002148051390173449,161,5,50,1000,510
CDCA4,RF,0.25,1.0,0.0018349171769594587,161,5,50,1000,511
CHST8,RF,0.25,1.0,0.029760403065149786,161,5,50,1000,512
ETNK1-DT,RF,0.25,1.0,0.0019181205219453061,161,5,50,1000,513
FHAD1-AS1,RF,0.25,1.0,0.010026913053993676,161,5,50,1000,514
CDCP1,RF,0.25,1.0,2.906601711169724e-05,161,5,50,1000,515
LINC02606,RF,0.25,1.0,0.016062660626743473,161,5,50,1000,516
AFTPH-DT,RF,0.25,1.0,0.061136520887683406,161,5,50,1000,517
FURIN,RF,0.25,1.0,0.0468810955697673,161,5,50,1000,518
CDH15,RF,0.25,1.0,0.014040401685804114,161,5,50,1000,519
LOC105370586,RF,0.25,1.0,0.030062376215084126,161,5,50,1000,520
MEOX1,RF,0.25,1.0,0.010036951480908402,161,5,50,1000,521
HLA-V,RF,0.25,1.0,0.014618607696105129,161,5,50,1000,522
ETV7,RF,0.25,1.0,0.09107988627409752,161,5,50,1000,523
HLX,RF,0.25,1.0,0.00017801803302401628,161,5,50,1000,524
KIF11,RF,0.25,1.0,0.012682556265169969,161,5,50,1000,525
LINC02862,RF,0.25,1.0,0.022771717795169816,161,5,50,1000,526
LINC02076,RF,0.25,1.0,0.0033031894687172284,161,5,50,1000,527
KIF15,RF,0.25,1.0,0.05068412632892468,161,5,50,1000,528
LINC02487,RF,0.25,1.0,0.0022356163728406557,161,5,50,1000,529
LRRC8C-DT,RF,0.25,2.0,0.025970855154824262,161,5,50,1000,530
CIPC,RF,0.25,1.0,0.008079355825666157,161,5,50,1000,531
CYBB,RF,0.25,1.0,0.029676246390085936,161,5,50,1000,532
ARG1,RF,0.25,1.0,0.01208604511356805,161,5,50,1000,533
CYCSP52,RF,0.25,1.0,0.01988216960480669,161,5,50,1000,534
EIF6,RF,0.25,1.0,0.00022442655071294886,161,5,50,1000,535
CKAP2L,RF,0.25,2.0,0.023982202400552842,161,5,50,1000,536
LRRC49,RF,0.25,1.0,0.00018431907143514646,161,5,50,1000,537
NABP1,RF,0.25,1.0,0.0531602173255544,161,5,50,1000,538
HBD,RF,0.25,1.0,0.04791053486285783,161,5,50,1000,539
CYP17A1,RF,0.25,1.0,0.0010374787015077266,161,5,50,1000,540
LINC00861,RF,0.25,1.0,0.05058704790571587,161,5,50,1000,541
AHSA2P,RF,0.25,1.0,0.0025092378702271005,161,5,50,1000,542
METTL24,RF,0.25,1.0,0.009825172129543423,161,5,50,1000,543
C1orf167-AS1,RF,0.25,1.0,0.012476465110214208,161,5,50,1000,544
DRD3,RF,0.25,1.0,0.04181066639782236,161,5,50,1000,545
LZTS3,RF,0.25,2.0,0.028213779298765288,161,5,50,1000,546
ELF5,RF,0.25,1.0,0.017989683830330026,161,5,50,1000,547
ARHGAP30,RF,0.25,1.0,0.0606087321127449,161,5,50,1000,548
ELFN1-AS1,RF,0.25,1.0,0.08824218253118304,161,5,50,1000,549
IGLV11-55,RF,0.25,1.0,0.07859065777152917,161,5,50,1000,550
HCCAT5,RF,0.25,1.0,0.004448054968719296,161,5,50,1000,551
LINC03030,RF,0.25,3.0,0.05990031449865865,161,5,50,1000,552
LINC00867,RF,0.25,2.0,0.021667600588018775,161,5,50,1000,553
LINC00525,RF,0.25,2.0,0.09044742413549753,161,5,50,1000,554
CDKN2D,RF,0.25,1.0,0.017367250818587077,161,5,50,1000,555
BASP1,RF,0.25,1.0,0.014363299245628727,161,5,50,1000,556
CPNE8,RF,0.25,1.0,0.009803813059696588,161,5,50,1000,557
KRBOX1-AS1,RF,0.25,1.0,0.07179588110796427,161,5,50,1000,558
LOC101927237,RF,0.25,1.0,0.05329335971537806,161,5,50,1000,559
LOC105370954,RF,0.25,1.0,1.8123741509581915e-05,161,5,50,1000,560
LINC00269,RF,0.25,1.0,0.028160123068440762,161,5,50,1000,561
FAM90A25P,RF,0.25,1.0,0.028610383208206972,161,5,50,1000,562
MGAT2,RF,0.25,1.0,0.005930701727470774,161,5,50,1000,563
MIR1182,RF,0.25,1.0,0.07080363019062455,161,5,50,1000,564
MIR155HG,RF,0.25,1.0,0.07410290088969428,161,5,50,1000,565
MIR17HG,RF,0.25,1.0,0.025279240936964795,161,5,50,1000,566
MIR194-1,RF,0.25,1.0,0.039258451807497124,161,5,50,1000,567
MIR29A,RF,0.25,1.0,0.1034398190560935,161,5,50,1000,568
MIR3150BHG,RF,0.25,1.0,0.016012644600363512,161,5,50,1000,569
MIR335,RF,0.25,1.0,0.04851799576570219,161,5,50,1000,570
MIR3691,RF,0.25,1.0,0.005652451524011157,161,5,50,1000,571
MIR376A1,RF,0.25,1.0,0.0725977516474997,161,5,50,1000,572
MIR4650-1,RF,0.25,1.0,0.06155937165111477,161,5,50,1000,573
MIR4691,RF,0.25,1.0,0.02934503264841118,161,5,50,1000,574
MIR4713HG,RF,0.25,1.0,0.015017856760976032,161,5,50,1000,575
MIR5047,RF,0.25,1.0,0.05169587550331737,161,5,50,1000,576
MIR548C,RF,0.25,1.0,0.006415602745877975,161,5,50,1000,577
MIR611,RF,0.25,1.0,0.033324036955929524,161,5,50,1000,578
MIR6499,RF,0.25,1.0,0.0208920966452874,161,5,50,1000,579
MIR6508,RF,0.25,2.0,0.020899147532058137,161,5,50,1000,580
MIR6820,RF,0.25,2.0,0.06726996711952023,161,5,50,1000,581
MKS1,RF,0.25,1.0,0.003129753174627527,161,5,50,1000,582
MMP24-AS1-EDEM2,RF,0.25,1.0,0.005197753981160445,161,5,50,1000,583
MND1,RF,0.25,1.0,0.015506415049676679,161,5,50,1000,584
MPDZ,RF,0.25,1.0,0.0030660478977120303,161,5,50,1000,585
MPZL3,RF,0.25,1.0,0.00012103472913205663,161,5,50,1000,586
MTA2,RF,0.25,1.0,0.002169803670601437,161,5,50,1000,587
MXI1,RF,0.25,1.0,0.010083907914980914,161,5,50,1000,588
MYCT1,RF,0.25,1.0,0.008942872046182777,161,5,50,1000,589
MYO18A,RF,0.25,1.0,0.002410782095365991,161,5,50,1000,590
NABP2,RF,0.25,1.0,0.004482780977106611,161,5,50,1000,591
NAGPA,RF,0.25,1.0,0.0019781317263670656,161,5,50,1000,592
NEK2,RF,0.25,1.0,0.023597135241454233,161,5,50,1000,593
NEURL1,RF,0.25,1.0,0.023293953169128676,161,5,50,1000,594
NIBAN2,RF,0.25,1.0,0.06462103911246313,161,5,50,1000,595
NKX1-2,RF,0.25,1.0,0.013727891697396803,161,5,50,1000,596
NPTXR,RF,0.25,1.0,0.04359573414220403,161,5,50,1000,597
NPY5R,RF,0.25,1.0,0.017133306095160273,161,5,50,1000,598
NRG2,RF,0.25,1.0,0.02325046844850076,161,5,50,1000,599
NRG3,RF,0.25,1.0,0.022257552142624436,161,5,50,1000,600
NRROS,RF,0.25,1.0,0.0399322421353526,161,5,50,1000,601
NTN1,RF,0.25,1.0,0.078932139404726,161,5,50,1000,602
NXN,RF,0.25,1.0,0.056774759465434546,161,5,50,1000,603
OR2A1-AS1,RF,0.25,1.0,0.010936120469310943,161,5,50,1000,604
OR4E2,RF,0.25,5.0,0.09782862509859273,161,5,50,1000,605
OR8D4,RF,0.25,1.0,0.023502175741588048,161,5,50,1000,606
OSBPL3,RF,0.25,1.0,0.005952854521787186,161,5,50,1000,607
OSBPL5,RF,0.25,1.0,0.013643172742694082,161,5,50,1000,608
OSGIN2,RF,0.25,1.0,0.0008434585200363913,161,5,50,1000,609
OTX2,RF,0.25,1.0,0.027522935779816522,161,5,50,1000,610
P2RY10,RF,0.25,2.0,0.047568813101966985,161,5,50,1000,611
P2RY12,RF,0.25,1.0,0.005266703162745679,161,5,50,1000,612
PAPSS2,RF,0.25,1.0,0.013643172742694082,161,5,50,1000,613
PAQR3,RF,0.25,1.0,0.004988410458837944,161,5,50,1000,614
PARVG,RF,0.25,1.0,0.05018086719821863,161,5,50,1000,615
PCAT29,RF,0.25,1.0,0.07865741776683823,161,5,50,1000,616
PCDH1,RF,0.25,1.0,0.03666240022442656,161,5,50,1000,617
PCED1B-AS1,RF,0.25,2.0,0.12476499866308402,161,5,50,1000,618
PGAM5,RF,0.25,1.0,0.0014026659419559303,161,5,50,1000,619
PGLYRP2,RF,0.25,1.0,0.051364600580697,161,5,50,1000,620
PHLPP1,RF,0.25,1.0,0.03968015929025103,161,5,50,1000,621
PIGH,RF,0.25,1.0,0.021815893520121685,161,5,50,1000,622
PIGV,RF,0.25,1.0,0.016574470603190186,161,5,50,1000,623
PIGY-DT,RF,0.25,1.0,0.012852424363947557,161,5,50,1000,624
PIK3C2B,RF,0.25,1.0,1.977978144711293e-05,161,5,50,1000,625
PLCG2,RF,0.25,1.0,0.051872832990702965,161,5,50,1000,626
PLEKHA4,RF,0.25,1.0,0.012817816453439886,161,5,50,1000,627
PLEKHG3,RF,0.25,1.0,0.02401210676041151,161,5,50,1000,628
PLEKHG7,RF,0.25,1.0,0.020074258413225098,161,5,50,1000,629
PLK1,RF,0.25,2.0,0.057401560685656626,161,5,50,1000,630
PNMA6A,RF,0.25,1.0,0.023804165088568766,161,5,50,1000,631
POLH,RF,0.25,1.0,0.022460093031723243,161,5,50,1000,632
POLR2F,RF,0.25,1.0,0.0008155187453153151,161,5,50,1000,633
POMZP3,RF,0.25,1.0,0.005681016231474949,161,5,50,1000,634
PPP1R2B,RF,0.25,1.0,0.01356319142803185,161,5,50,1000,635
PRB2,RF,0.25,1.0,0.0001396999343600414,161,5,50,1000,636
PRELID2,RF,0.25,1.0,0.01616278902766283,161,5,50,1000,637
PRKXP1,RF,0.25,1.0,0.0007121274214921438,161,5,50,1000,638
PRPS2,RF,0.25,1.0,0.0012994384952901112,161,5,50,1000,639
PRR5,RF,0.25,1.0,0.0037039147529773784,161,5,50,1000,640
PTK6,RF,0.25,1.0,0.01603647150615639,161,5,50,1000,641
PYGM,RF,0.25,1.0,0.0035636563283822863,161,5,50,1000,642
RAB25,RF,0.25,1.0,0.015507348654536533,161,5,50,1000,643
RABGAP1L-AS1,RF,0.25,1.0,0.05094296448406606,161,5,50,1000,644
RAD21L1,RF,0.25,1.0,0.0019856622721879645,161,5,50,1000,645
RALGAPA1P1,RF,0.25,1.0,0.009773935382232153,161,5,50,1000,646
RAPGEF2,RF,0.25,1.0,0.007953609015635344,161,5,50,1000,647
RASGRP2,RF,0.25,1.0,0.03823178311533992,161,5,50,1000,648
RASL11B,RF,0.25,1.0,0.004174780230232203,161,5,50,1000,649
RGL4,RF,0.25,1.0,0.02424905918201613,161,5,50,1000,650
RHOBTB3,RF,0.25,2.0,0.03638914164290273,161,5,50,1000,651
RHOD,RF,0.25,1.0,0.011898333019194608,161,5,50,1000,652
RIC1,RF,0.25,1.0,0.03231165170438693,161,5,50,1000,653
RIN3,RF,0.25,1.0,0.009884392345118754,161,5,50,1000,654
RIPOR2,RF,0.25,1.0,0.037559516461994284,161,5,50,1000,655
RND1,RF,0.25,1.0,0.0004349501111508667,161,5,50,1000,656
RNLS,RF,0.25,1.0,0.006713539411408381,161,5,50,1000,657
RPS6KA5,RF,0.25,1.0,0.0023933535551006633,161,5,50,1000,658
RUNDC3A-AS1,RF,0.25,1.0,0.014656581558486995,161,5,50,1000,659
S1PR3,RF,0.25,1.0,0.016877194405116227,161,5,50,1000,660
SAMD10,RF,0.25,1.0,0.00014182450743059762,161,5,50,1000,661
SAMD12-AS1,RF,0.25,1.0,3.741647551351515e-05,161,5,50,1000,662
SDR9C7,RF,0.25,2.0,0.0013935402356356108,161,5,50,1000,663
SEMA4D,RF,0.25,1.0,0.011178841220153375,161,5,50,1000,664
SERF2,RF,0.25,1.0,0.008548865374752893,161,5,50,1000,665
SERPINB3,RF,0.25,2.0,0.0027852913309663633,161,5,50,1000,666
SERPINE1,RF,0.25,1.0,0.015452704375347907,161,5,50,1000,667
SESN3,RF,0.25,1.0,0.009185734498700561,161,5,50,1000,668
SETDB2-PHF11,RF,0.25,1.0,3.7191495012036513e-06,161,5,50,1000,669
SHF,RF,0.25,1.0,0.00938801786634751,161,5,50,1000,670
SHMT1,RF,0.25,1.0,0.0005756993476494179,161,5,50,1000,671
SIRPG,RF,0.25,1.0,0.033289993992662886,161,5,50,1000,672
SKP1P2,RF,0.25,2.0,0.018663043159552542,161,5,50,1000,673
SLC22A31,RF,0.25,1.0,0.009057520848449912,161,5,50,1000,674
SLC7A7,RF,0.25,1.0,0.05788470717328598,161,5,50,1000,675
SMARCD2,RF,0.25,1.0,0.028403985324607584,161,5,50,1000,676
SMC6,RF,0.25,1.0,0.00987783042017483,161,5,50,1000,677
SMIM7,RF,0.25,1.0,0.010463504385522737,161,5,50,1000,678
SMPDL3B,RF,0.25,1.0,0.016695231374130457,161,5,50,1000,679
SNORA24,RF,0.25,1.0,0.05115804532550766,161,5,50,1000,680
SNORA71D,RF,0.25,1.0,0.04482605400036593,161,5,50,1000,681
SNORA72,RF,0.25,1.0,0.022565248633452887,161,5,50,1000,682
SNORA79B,RF,0.25,1.0,0.044496175780579454,161,5,50,1000,683
SNORD45C,RF,0.25,1.0,0.0050493689438195315,161,5,50,1000,684
SNORD84,RF,0.25,1.0,0.05289978160640621,161,5,50,1000,685
SNX29P1,RF,0.25,1.0,0.012034469356499317,161,5,50,1000,686
SOCS2-AS1,RF,0.25,1.0,0.020008118919927924,161,5,50,1000,687
SORD2P,RF,0.25,1.0,0.004559902691475751,161,5,50,1000,688
SOX10,RF,0.25,1.0,0.05479163835765352,161,5,50,1000,689
SOX17,RF,0.25,1.0,0.010922678488787502,161,5,50,1000,690
SOX2-OT,RF,0.25,1.0,0.05305233258962817,161,5,50,1000,691
SPACA5B,RF,0.25,1.0,0.004838297518810679,161,5,50,1000,692
SPDYC,RF,0.25,3.0,0.019086752314963325,161,5,50,1000,693
SPDYE8,RF,0.25,1.0,0.006510297989359569,161,5,50,1000,694
SPRY4-AS1,RF,0.25,1.0,0.026009761822507076,161,5,50,1000,695
SQLE,RF,0.25,1.0,0.007140501102407765,161,5,50,1000,696
SQOR,RF,0.25,1.0,0.008291125507918488,161,5,50,1000,697
SRRM3,RF,0.25,1.0,0.01709205814085317,161,5,50,1000,698
ST6GALNAC4,RF,0.25,1.0,0.06702310453806268,161,5,50,1000,699
ST7-AS2,RF,0.25,1.0,0.028470879844915174,161,5,50,1000,700
ZNF827,RF,0.25,1.0,0.018231735599547622,161,5,50,1000,701
SYNE1,RF,0.25,1.0,0.02329214463239195,161,5,50,1000,702
SYTL1,RF,0.25,1.0,0.0008493500357789781,161,5,50,1000,703
TAF11L11,RF,0.25,1.0,0.011305977149084802,161,5,50,1000,704
TBC1D3B,RF,0.25,1.0,0.011305977149084802,161,5,50,1000,705
TBX1,RF,0.25,1.0,0.003978678405328585,161,5,50,1000,706
TCF4,RF,0.25,1.0,0.006866268952427707,161,5,50,1000,707
TCF7,RF,0.25,1.0,0.03783696857589956,161,5,50,1000,708
TDP2,RF,0.25,1.0,0.01603647150615639,161,5,50,1000,709
TDRD5,RF,0.25,1.0,0.00044616320763915215,161,5,50,1000,710
TEKT2,RF,0.25,1.0,0.011152965281405651,161,5,50,1000,711
TET1,RF,0.25,1.0,0.005122977600041819,161,5,50,1000,712
TGFA,RF,0.25,1.0,0.025709606508369977,161,5,50,1000,713
TGM4,RF,0.25,2.0,0.0007462793494332978,161,5,50,1000,714
THOC7-AS1,RF,0.25,1.0,0.005342234362487091,161,5,50,1000,715
THORLNC,RF,0.25,1.0,0.03513806417069685,161,5,50,1000,716
TIGIT,RF,0.25,1.0,0.08516645212392912,161,5,50,1000,717
TIMP4,RF,0.25,1.0,0.0002762046489609314,161,5,50,1000,718
TMCO6,RF,0.25,1.0,0.022526706518881372,161,5,50,1000,719
TMEM236,RF,0.25,1.0,0.007283571252000634,161,5,50,1000,720
TMEM273,RF,0.25,1.0,0.02700153854920509,161,5,50,1000,721
TMEM59,RF,0.25,1.0,0.020521879397028982,161,5,50,1000,722
TMEM9,RF,0.25,1.0,0.012623993477603372,161,5,50,1000,723
TMPRSS11E,RF,0.25,1.0,0.05729571597565622,161,5,50,1000,724
TMPRSS11GP,RF,0.25,1.0,0.003616517768689795,161,5,50,1000,725
TNFAIP2,RF,0.25,1.0,0.02700153854920509,161,5,50,1000,726
TRG-GCC1-5,RF,0.25,1.0,0.08424762313872806,161,5,50,1000,727
TRIL,RF,0.25,1.0,0.022724064925899796,161,5,50,1000,728
TRL-AAG1-3,RF,0.25,2.0,0.0395500725689405,161,5,50,1000,729
TRMT2B,RF,0.25,1.0,0.005696939353892661,161,5,50,1000,730
TSPAN10,RF,0.25,1.0,0.010662532314859169,161,5,50,1000,731
TSPAN12,RF,0.25,1.0,0.034018995370468146,161,5,50,1000,732
TSPYL2,RF,0.25,1.0,0.0003248596238225278,161,5,50,1000,733
TTC3,RF,0.25,1.0,0.010178149532956076,161,5,50,1000,734
TTLL11,RF,0.25,1.0,0.015860342365833495,161,5,50,1000,735
TUBA8,RF,0.25,1.0,0.026237743110499395,161,5,50,1000,736
TYROBP,RF,0.25,1.0,0.03648334115027374,161,5,50,1000,737
UBE2E2-DT,RF,0.25,1.0,0.031341614109863025,161,5,50,1000,738
UBE2MP1,RF,0.25,1.0,0.0038045346796228945,161,5,50,1000,739
UBXN7,RF,0.25,1.0,0.0008841462044204792,161,5,50,1000,740
UNC5B,RF,0.25,1.0,3.289123459146347e-05,161,5,50,1000,741
VAV3,RF,0.25,1.0,0.00431072521078704,161,5,50,1000,742
VCX3A,RF,0.25,1.0,0.01420758961923831,161,5,50,1000,743
VPREB1,RF,0.25,1.0,0.08876869858972433,161,5,50,1000,744
VPS9D1,RF,0.25,1.0,0.0002234488053025285,161,5,50,1000,745
VSTM2L,RF,0.25,1.0,0.02433637000440034,161,5,50,1000,746
WNT3,RF,0.25,1.0,0.014908202063559639,161,5,50,1000,747
WNT3A,RF,0.25,1.0,0.01903053285832108,161,5,50,1000,748
WTAPP1,RF,0.25,1.0,0.019840100028231493,161,5,50,1000,749
ZBTB42,RF,0.25,1.0,0.010850114185774336,161,5,50,1000,750
ZDHHC6,RF,0.25,1.0,0.004280668836474426,161,5,50,1000,751
ZFP41,RF,0.25,1.0,0.02237431370199243,161,5,50,1000,752
ZMAT4,RF,0.25,1.0,0.0026062801131534856,161,5,50,1000,753
ZMYM4-AS1,RF,0.25,1.0,0.024536427341626255,161,5,50,1000,754
ZNF18,RF,0.25,1.0,0.01309029685340493,161,5,50,1000,755
ZNF230,RF,0.25,1.0,0.0023251379653453845,161,5,50,1000,756
SNORD69,RF,0.21875,4.0,0.04442170936376605,161,5,50,1000,757
LOC105371335,RF,0.20833333333333334,3.0,0.02611511549741834,161,5,50,1000,758
MIR570,RF,0.20833333333333334,3.0,0.09568755690373285,161,5,50,1000,759
LINC02523,RF,0.20833333333333334,3.0,0.043047239339682374,161,5,50,1000,760
SNORD14A,RF,0.20833333333333334,3.0,0.059101317425201555,161,5,50,1000,761
DNAH8-AS1,RF,0.20833333333333334,3.0,0.06560316109166957,161,5,50,1000,762
LOC100130987,RF,0.20833333333333334,3.0,0.0077462226644516245,161,5,50,1000,763
LINC01926,RF,0.19642857142857142,7.0,0.07622053317183874,161,5,50,1000,764
ZNF503-AS2,RF,0.1875,2.0,0.060753461735711445,161,5,50,1000,765
LINC00618,RF,0.1875,2.0,0.013391276356027689,161,5,50,1000,766
TLR3,RF,0.1875,2.0,0.011493313228454835,161,5,50,1000,767
ARL14,RF,0.1875,2.0,0.008326042341568102,161,5,50,1000,768
P3H4,RF,0.1875,2.0,0.04502810015571349,161,5,50,1000,769
CRIM1,RF,0.1875,2.0,0.055142776260923974,161,5,50,1000,770
TEKT4P2,RF,0.1875,2.0,0.0004147179107290794,161,5,50,1000,771
LOC101928540,RF,0.1875,2.0,0.05702495949676455,161,5,50,1000,772
KIR2DL1,RF,0.1875,2.0,0.013229156164935982,161,5,50,1000,773
AQP5-AS1,RF,0.1875,2.0,0.016545633498877204,161,5,50,1000,774
HEATR4,RF,0.1875,2.0,0.03717174680533176,161,5,50,1000,775
KRT4,RF,0.1875,2.0,0.009319542593651108,161,5,50,1000,776
RSC1A1,RF,0.1875,2.0,0.0031755357684860337,161,5,50,1000,777
LINC02266,RF,0.1875,2.0,0.026686749862498332,161,5,50,1000,778
KCNG3,RF,0.1875,2.0,0.041416303397230486,161,5,50,1000,779
MIR623,RF,0.1875,2.0,0.03896349160595188,161,5,50,1000,780
TMCO2,RF,0.1875,2.0,0.013267400799899381,161,5,50,1000,781
OPRD1,RF,0.1875,2.0,0.03662632635727574,161,5,50,1000,782
ZNF396,RF,0.171875,4.0,0.016574470603190186,161,5,50,1000,783
TAGAP,RF,0.15625,2.0,0.07693978837277601,161,5,50,1000,784
IGHV3-30-2,RF,0.140625,2.0,0.06679544046187802,161,5,50,1000,785
LINC01299,RF,0.140625,2.0,0.05469377680364801,161,5,50,1000,786
OR2T12,RF,0.140625,2.0,0.03220066335925182,161,5,50,1000,787
GAB3,RF,0.125,1.0,0.026906691685536454,161,5,50,1000,788
GPC3-AS1,RF,0.125,1.0,0.0005888389965025858,161,5,50,1000,789
HNF1A-AS1,RF,0.125,1.0,0.0017465840523993644,161,5,50,1000,790
CYP3A7,RF,0.125,1.0,0.004838144606023819,161,5,50,1000,791
ZEB2-AS1,RF,0.125,1.0,0.037333421482902356,161,5,50,1000,792
CEACAM16,RF,0.125,1.0,0.03303259333149834,161,5,50,1000,793
CRABP1,RF,0.125,1.0,0.022082483670053006,161,5,50,1000,794
IGHG3,RF,0.125,1.0,0.060998671048022986,161,5,50,1000,795
FANCB,RF,0.125,1.0,0.005895914236320224,161,5,50,1000,796
CALY,RF,0.125,1.0,0.006479108466911992,161,5,50,1000,797
ADARB2,RF,0.125,1.0,0.050917650359213994,161,5,50,1000,798
GRK6P1,RF,0.125,1.0,0.0104700046830123,161,5,50,1000,799
PPA2,RF,0.125,1.0,0.016274486383182032,161,5,50,1000,800
PPEF1-AS1,RF,0.125,1.0,0.050786988837674636,161,5,50,1000,801
CPS1,RF,0.125,1.0,2.6906394958202844e-06,161,5,50,1000,802
PPP1R3B,RF,0.125,1.0,0.008494865553843274,161,5,50,1000,803
GCAT,RF,0.125,1.0,0.029965695579335875,161,5,50,1000,804
PLD4,RF,0.125,1.0,0.004657938639628499,161,5,50,1000,805
DDX4,RF,0.125,1.0,0.0192014441345296,161,5,50,1000,806
MIR6758,RF,0.125,1.0,0.015577911286700873,161,5,50,1000,807
PRG2,RF,0.125,1.0,0.00792632694833626,161,5,50,1000,808
PRKAB2,RF,0.125,1.0,0.00820608888518741,161,5,50,1000,809
GOSR1,RF,0.125,1.0,0.010801404419274385,161,5,50,1000,810
IFNA14,RF,0.125,1.0,0.0017344250181959774,161,5,50,1000,811
MIR6839,RF,0.125,1.0,0.0687652979280753,161,5,50,1000,812
LINC00663,RF,0.125,1.0,0.01992273283158804,161,5,50,1000,813
DDX39A,RF,0.125,1.0,0.01556570174938743,161,5,50,1000,814
INCA1,RF,0.125,1.0,0.0008526042162542762,161,5,50,1000,815
CD83,RF,0.125,1.0,0.020187924361239087,161,5,50,1000,816
FAM216A,RF,0.125,2.0,0.004756280256038826,161,5,50,1000,817
GRK4,RF,0.125,1.0,0.011431420777510694,161,5,50,1000,818
PRSS38,RF,0.125,1.0,0.0029680569063127112,161,5,50,1000,819
FRG1,RF,0.125,1.0,0.00029198464080793554,161,5,50,1000,820
GBP4,RF,0.125,1.0,0.03738301985210642,161,5,50,1000,821
B4GALT2,RF,0.125,1.0,0.005332303566495143,161,5,50,1000,822
PTMAP11,RF,0.125,1.0,0.005767846542387224,161,5,50,1000,823
LOC101929227,RF,0.125,1.0,0.014227614814014135,161,5,50,1000,824
BZW1-AS1,RF,0.125,1.0,0.000118785146997233,161,5,50,1000,825
HTR1F,RF,0.125,1.0,0.01010420138860506,161,5,50,1000,826
MIRLET7C,RF,0.125,1.0,0.09402793058556923,161,5,50,1000,827
ADAM7-AS1,RF,0.125,1.0,0.03162547010532146,161,5,50,1000,828
RAB3D,RF,0.125,1.0,0.009255458343013194,161,5,50,1000,829
ADAM6,RF,0.125,1.0,0.01043927510951918,161,5,50,1000,830
LINC02044,RF,0.125,1.0,0.012317924647217043,161,5,50,1000,831
CIDECP1,RF,0.125,1.0,0.004768242328074797,161,5,50,1000,832
LOC440570,RF,0.125,1.0,0.01887902290476575,161,5,50,1000,833
EEF1AKMT3,RF,0.125,1.0,0.04042970890298374,161,5,50,1000,834
MLF1-DT,RF,0.125,1.0,0.044515481868510724,161,5,50,1000,835
CD68,RF,0.125,1.0,0.07693978837277601,161,5,50,1000,836
ZNF528-AS1,RF,0.125,1.0,0.0014918181786798713,161,5,50,1000,837
ANKRD40CL,RF,0.125,1.0,0.058949288375807964,161,5,50,1000,838
FRG2C,RF,0.125,1.0,0.01310096153846154,161,5,50,1000,839
POGK,RF,0.125,1.0,0.0011364241080405238,161,5,50,1000,840
CCDC160,RF,0.125,1.0,0.029438944581545307,161,5,50,1000,841
ATG101,RF,0.125,1.0,0.0033699049255491225,161,5,50,1000,842
GABRA3,RF,0.125,1.0,0.0014959834251172374,161,5,50,1000,843
FCGR2B,RF,0.125,1.0,0.06052289852150244,161,5,50,1000,844
ZSCAN5B,RF,0.125,1.0,0.032728732483984065,161,5,50,1000,845
MCM8-AS1,RF,0.125,1.0,0.0008961476851385109,161,5,50,1000,846
RFX5,RF,0.125,1.0,0.009418152422222928,161,5,50,1000,847
FKBPL,RF,0.125,1.0,0.012258478458119464,161,5,50,1000,848
RGS4,RF,0.125,1.0,0.0010056829779340744,161,5,50,1000,849
RHBDD1,RF,0.125,1.0,0.008965717662080635,161,5,50,1000,850
MON1A,RF,0.125,1.0,0.0021264086930221754,161,5,50,1000,851
RASD1,RF,0.125,1.0,0.02903869166334264,161,5,50,1000,852
MIB1,RF,0.125,1.0,0.037988721300764035,161,5,50,1000,853
GPT2,RF,0.125,1.0,0.008505634772088702,161,5,50,1000,854
MPST,RF,0.125,1.0,0.007219839394749647,161,5,50,1000,855
RNASE3,RF,0.125,1.0,0.05079774924685366,161,5,50,1000,856
RNASEH1-DT,RF,0.125,1.0,0.0026039178213091256,161,5,50,1000,857
CTSS,RF,0.125,1.0,0.06836292447082236,161,5,50,1000,858
RNF151,RF,0.125,1.0,0.004957394175276414,161,5,50,1000,859
MRPL16,RF,0.125,1.0,0.002974583254798652,161,5,50,1000,860
RPL10A,RF,0.125,1.0,0.006866268952427707,161,5,50,1000,861
FCER1G,RF,0.125,1.0,0.03445566698957205,161,5,50,1000,862
LINC00967,RF,0.125,1.0,0.01540269549021653,161,5,50,1000,863
RPP40,RF,0.125,1.0,0.004703807361366197,161,5,50,1000,864
RPS25,RF,0.125,1.0,0.0033427830645620838,161,5,50,1000,865
FRMPD3,RF,0.125,1.0,0.04300390006295823,161,5,50,1000,866
RPS6KL1,RF,0.125,1.0,0.011878860500032734,161,5,50,1000,867
RRAGD,RF,0.125,1.0,0.028720461827761393,161,5,50,1000,868
RTL5,RF,0.125,1.0,0.015507348654536533,161,5,50,1000,869
LINC02000,RF,0.125,1.0,0.0395500725689405,161,5,50,1000,870
RWDD2A,RF,0.125,1.0,0.003315770786851761,161,5,50,1000,871
BOLA1,RF,0.125,1.0,0.02365075590544278,161,5,50,1000,872
MIR100HG,RF,0.125,1.0,1.9724989808755266e-06,161,5,50,1000,873
MTCH1,RF,0.125,1.0,0.014419460674945317,161,5,50,1000,874
MTIF2,RF,0.125,1.0,0.01339925334020693,161,5,50,1000,875
CFAP210,RF,0.125,1.0,0.0037234188697078154,161,5,50,1000,876
HOXB7,RF,0.125,1.0,0.0912149454602538,161,5,50,1000,877
MUC22,RF,0.125,1.0,0.015520133747561893,161,5,50,1000,878
DPPA5,RF,0.125,1.0,0.01420758961923831,161,5,50,1000,879
FAM230B,RF,0.125,1.0,0.020827218992356608,161,5,50,1000,880
DRAXIN,RF,0.125,1.0,0.0010893125621885093,161,5,50,1000,881
MYLK-AS1,RF,0.125,1.0,0.01959258141072517,161,5,50,1000,882
CCL4,RF,0.125,2.0,0.06861327979555433,161,5,50,1000,883
SH3BP5-AS1,RF,0.125,1.0,0.002749225246233623,161,5,50,1000,884
FAM66D,RF,0.125,1.0,0.000462820677694441,161,5,50,1000,885
ASB2,RF,0.125,1.0,0.003652966773814608,161,5,50,1000,886
FGF12,RF,0.125,1.0,0.046174228643315204,161,5,50,1000,887
IMMP2L,RF,0.125,1.0,0.0012826174623143114,161,5,50,1000,888
LOC101929583,RF,0.125,1.0,0.03784295502493039,161,5,50,1000,889
C19orf73,RF,0.125,1.0,0.0018752438227906917,161,5,50,1000,890
CERK,RF,0.125,1.0,0.01176985007129175,161,5,50,1000,891
SLC6A14,RF,0.125,1.0,0.0015280840021565986,161,5,50,1000,892
NAGPA-AS1,RF,0.125,1.0,0.01176985007129175,161,5,50,1000,893
SLCO1B3,RF,0.125,1.0,0.0006398785097118289,161,5,50,1000,894
SMAGP,RF,0.125,1.0,0.0007120721320960651,161,5,50,1000,895
NAT1,RF,0.125,1.0,0.002798537720755511,161,5,50,1000,896
CAPG,RF,0.125,1.0,0.01881522944546479,161,5,50,1000,897
SMIM9,RF,0.125,1.0,0.01971101706570828,161,5,50,1000,898
CD52,RF,0.125,1.0,0.08035308827590441,161,5,50,1000,899
GVINP1,RF,0.125,1.0,0.04800646240840114,161,5,50,1000,900
DYNLRB2,RF,0.125,1.0,0.0006913823085987833,161,5,50,1000,901
NDUFV3,RF,0.125,1.0,0.0003248596238225278,161,5,50,1000,902
SNORA68,RF,0.125,1.0,0.011809949086627023,161,5,50,1000,903
SNORA70F,RF,0.125,1.0,0.0009937146174112705,161,5,50,1000,904
NECAP2,RF,0.125,1.0,0.00820608888518741,161,5,50,1000,905
LOC283045,RF,0.125,1.0,0.017260405490434578,161,5,50,1000,906
LOC400627,RF,0.125,1.0,0.005275593709944741,161,5,50,1000,907
CCDC81,RF,0.125,1.0,0.014595272421385176,161,5,50,1000,908
ABT1,RF,0.125,1.0,0.005540749637279356,161,5,50,1000,909
NFIX,RF,0.125,1.0,0.04597325291381934,161,5,50,1000,910
C5orf47,RF,0.125,1.0,0.03258890685438125,161,5,50,1000,911
SNORD80,RF,0.125,1.0,0.020264854458523947,161,5,50,1000,912
ALS2CL,RF,0.125,1.0,6.333913394144748e-05,161,5,50,1000,913
SNORD88B,RF,0.125,1.0,0.029010116292001533,161,5,50,1000,914
SNORD9,RF,0.125,1.0,0.026284060766819398,161,5,50,1000,915
SNX18,RF,0.125,1.0,0.029599812831763373,161,5,50,1000,916
HBA1,RF,0.125,1.0,0.012362363404445574,161,5,50,1000,917
SNX4,RF,0.125,1.0,0.0036471506156388494,161,5,50,1000,918
NKX2-8,RF,0.125,1.0,0.02929463530038149,161,5,50,1000,919
LOC101927668,RF,0.125,1.0,0.010239047237282651,161,5,50,1000,920
BTN3A2,RF,0.125,1.0,0.037473590430311614,161,5,50,1000,921
CAMTA1,RF,0.125,1.0,0.00824855240491459,161,5,50,1000,922
B3GALT5,RF,0.125,1.0,0.0032620749812612604,161,5,50,1000,923
MIR25,RF,0.125,1.0,0.07653061338976072,161,5,50,1000,924
HSPA14,RF,0.125,1.0,0.00040523895729320536,161,5,50,1000,925
LINC01918,RF,0.125,1.0,0.017097331544576697,161,5,50,1000,926
BTG3-AS1,RF,0.125,1.0,0.019757202639145176,161,5,50,1000,927
LOC100419583,RF,0.125,1.0,0.0361265380012887,161,5,50,1000,928
IGHV3-23,RF,0.125,1.0,0.020130839824326306,161,5,50,1000,929
SRRM2,RF,0.125,1.0,0.0018752438227906917,161,5,50,1000,930
AZIN1,RF,0.125,1.0,0.0005479163835765352,161,5,50,1000,931
OAS1,RF,0.125,1.0,0.05370128475433621,161,5,50,1000,932
CHID1,RF,0.125,1.0,0.0251868394867996,161,5,50,1000,933
ALOX12,RF,0.125,1.0,0.00013448169866641448,161,5,50,1000,934
BEX3,RF,0.125,1.0,0.01900836997067552,161,5,50,1000,935
STC1,RF,0.125,1.0,5.265476446170504e-05,161,5,50,1000,936
STRA6,RF,0.125,1.0,0.0208260057147829,161,5,50,1000,937
SUMO1P1,RF,0.125,1.0,0.09018028969809037,161,5,50,1000,938
SYNJ2-IT1,RF,0.125,1.0,0.015995089804884358,161,5,50,1000,939
TAB3-AS1,RF,0.125,1.0,0.0023568664187032405,161,5,50,1000,940
IGLVI-68,RF,0.125,1.0,0.050871311411786434,161,5,50,1000,941
OGFOD3,RF,0.125,1.0,0.031149923072539748,161,5,50,1000,942
KCNMA1-AS1,RF,0.125,1.0,0.004808000176018586,161,5,50,1000,943
OR1L4,RF,0.125,1.0,0.021433596154409828,161,5,50,1000,944
TCEA1,RF,0.125,1.0,0.0010893125621885093,161,5,50,1000,945
TCEA3,RF,0.125,1.0,0.02677124929318787,161,5,50,1000,946
C15orf61,RF,0.125,1.0,0.0004738928801553452,161,5,50,1000,947
OR51M1,RF,0.125,1.0,0.02820195587707219,161,5,50,1000,948
TEN1-CDK3,RF,0.125,1.0,0.010180520772266388,161,5,50,1000,949
GCK,RF,0.125,1.0,0.0027538108901815953,161,5,50,1000,950
LRRTM2,RF,0.125,1.0,0.006890049599762318,161,5,50,1000,951
ERICH2,RF,0.125,1.0,0.015390971214664876,161,5,50,1000,952
OR7G2,RF,0.125,1.0,0.06401696332888993,161,5,50,1000,953
ATP2C2,RF,0.125,1.0,0.01024991420333101,161,5,50,1000,954
LINC01053,RF,0.125,1.0,0.03224855506820436,161,5,50,1000,955
TIMM50,RF,0.125,2.0,0.017182657788960144,161,5,50,1000,956
LINC01910,RF,0.125,1.0,0.00974779124368927,161,5,50,1000,957
TIPIN,RF,0.125,1.0,0.008688270633436888,161,5,50,1000,958
ABHD14A-ACY1,RF,0.125,1.0,0.00990925196564042,161,5,50,1000,959
LOC101927919,RF,0.125,2.0,0.01712538226299695,161,5,50,1000,960
TM4SF1,RF,0.125,1.0,0.006039353546334001,161,5,50,1000,961
KCNH6,RF,0.125,1.0,0.0172947200999424,161,5,50,1000,962
DUSP6,RF,0.125,1.0,0.0361265380012887,161,5,50,1000,963
CXCL11,RF,0.125,1.0,0.058997640052459964,161,5,50,1000,964
LNCPRESS1,RF,0.125,1.0,0.015365100400057187,161,5,50,1000,965
OSTM1,RF,0.125,1.0,0.009210474407921557,161,5,50,1000,966
OSTN-AS1,RF,0.125,1.0,0.14383371305517076,161,5,50,1000,967
LINC00670,RF,0.125,1.0,0.010029779783301836,161,5,50,1000,968
P2RX5,RF,0.125,1.0,0.0640572120270196,161,5,50,1000,969
TMPRSS9,RF,0.125,1.0,0.0003566094669145663,161,5,50,1000,970
TNFRSF11A,RF,0.125,1.0,0.006886213534223843,161,5,50,1000,971
KRT18,RF,0.125,1.0,0.019790794566422812,161,5,50,1000,972
TRABD,RF,0.125,1.0,0.009120835287568435,161,5,50,1000,973
TRAPPC12,RF,0.125,1.0,0.00013263599539834302,161,5,50,1000,974
TRAV8-4,RF,0.125,1.0,0.06633398247322299,161,5,50,1000,975
TRBV8-2,RF,0.125,1.0,0.01043927510951918,161,5,50,1000,976
TRF-GAA1-5,RF,0.125,1.0,0.041289481421661084,161,5,50,1000,977
TRG-AS1,RF,0.125,1.0,0.05669680039827967,161,5,50,1000,978
LINC00240,RF,0.125,1.0,0.007083254344077484,161,5,50,1000,979
TRHR,RF,0.125,1.0,0.005977394644655844,161,5,50,1000,980
KCNK15,RF,0.125,1.0,0.04631083650137991,161,5,50,1000,981
P2RY8,RF,0.125,2.0,0.06668073154478532,161,5,50,1000,982
TRIM39-RPP21,RF,0.125,1.0,0.03401937048808841,161,5,50,1000,983
P3H3,RF,0.125,1.0,0.07629187724919675,161,5,50,1000,984
CHRNB2,RF,0.125,1.0,0.001699598306023393,161,5,50,1000,985
HLA-A,RF,0.125,1.0,0.1041940259580866,161,5,50,1000,986
CLEC6A,RF,0.125,1.0,0.07822759396745979,161,5,50,1000,987
TSPAN6,RF,0.125,1.0,0.040523895729320546,161,5,50,1000,988
MACROD1,RF,0.125,1.0,0.015859110972792665,161,5,50,1000,989
CHRM4,RF,0.125,1.0,0.010742776164503007,161,5,50,1000,990
MAGI2-AS2,RF,0.125,1.0,0.05289978160640621,161,5,50,1000,991
PCNX2,RF,0.125,1.0,0.015862600778681905,161,5,50,1000,992
ABCB7,RF,0.125,1.0,0.0003684189763168624,161,5,50,1000,993
PDCD4,RF,0.125,1.0,0.02793255806817834,161,5,50,1000,994
EMC9,RF,0.125,1.0,3.424477397353345e-05,161,5,50,1000,995
ABCA9-AS1,RF,0.125,1.0,0.010022049974084693,161,5,50,1000,996
LINC01404,RF,0.125,1.0,0.021742837588566644,161,5,50,1000,997
USP17L29,RF,0.125,1.0,0.005523256899403689,161,5,50,1000,998
USP30-AS1,RF,0.125,1.0,0.08512100725234001,161,5,50,1000,999
USP40,RF,0.125,1.0,0.0023705054419055215,161,5,50,1000,1000
